date,video_id,views,revenue_usd,cpm_usd,country_top
2026-02-28,1,36,0.158,9.5515,"{""US"": 0.5308, ""IN"": 0.2028, ""BR"": 0.092, ""GB"": 0.097, ""DE"": 0.0773}"
2026-02-28,4,38,0.1691,9.2894,"{""US"": 0.5308, ""IN"": 0.2028, ""BR"": 0.092, ""GB"": 0.097, ""DE"": 0.0773}"
2026-02-28,6,150,0.7296,9.2152,"{""US"": 0.5308, ""IN"": 0.2028, ""BR"": 0.092, ""GB"": 0.097, ""DE"": 0.0773}"
2026-02-28,7,30,0.1357,9.3982,"{""US"": 0.5308, ""IN"": 0.2028, ""BR"": 0.092, ""GB"": 0.097, ""DE"": 0.0773}"
2026-02-28,8,15,0.0743,9.6417,"{""US"": 0.5308, ""IN"": 0.2028, ""BR"": 0.092, ""GB"": 0.097, ""DE"": 0.0773}"
2026-02-28,9,44,0.1963,9.5346,"{""US"": 0.5308, ""IN"": 0.2028, ""BR"": 0.092, ""GB"": 0.097, ""DE"": 0.0773}"
2026-02-28,10,56,0.2734,9.5961,"{""US"": 0.5308, ""IN"": 0.2028, ""BR"": 0.092, ""GB"": 0.097, ""DE"": 0.0773}"
2026-02-28,12,40,0.2224,9.5039,"{""US"": 0.5308, ""IN"": 0.2028, ""BR"": 0.092, ""GB"": 0.097, ""DE"": 0.0773}"
2026-02-28,13,43,0.2154,9.5835,"{""US"": 0.5308, ""IN"": 0.2028, ""BR"": 0.092, ""GB"": 0.097, ""DE"": 0.0773}"
2026-02-28,15,28,0.1236,9.2701,"{""US"": 0.5308, ""IN"": 0.2028, ""BR"": 0.092, ""GB"": 0.097, ""DE"": 0.0773}"
2026-02-28,17,39,0.0477,3.5967,"{""US"": 0.5308, ""IN"": 0.2028, ""BR"": 0.092, ""GB"": 0.097, ""DE"": 0.0773}"
2026-02-28,18,29,0.0355,3.6544,"{""US"": 0.5308, ""IN"": 0.2028, ""BR"": 0.092, ""GB"": 0.097, ""DE"": 0.0773}"
2026-02-28,19,47,0.0549,3.7208,"{""US"": 0.5308, ""IN"": 0.2028, ""BR"": 0.092, ""GB"": 0.097, ""DE"": 0.0773}"
2026-02-28,20,49,0.053,3.3106,"{""US"": 0.5308, ""IN"": 0.2028, ""BR"": 0.092, ""GB"": 0.097, ""DE"": 0.0773}"
2026-02-28,21,55,0.0604,3.2232,"{""US"": 0.5308, ""IN"": 0.2028, ""BR"": 0.092, ""GB"": 0.097, ""DE"": 0.0773}"
2026-02-28,22,66,0.0799,3.7145,"{""US"": 0.5308, ""IN"": 0.2028, ""BR"": 0.092, ""GB"": 0.097, ""DE"": 0.0773}"
2026-02-28,23,884,1.1242,3.6009,"{""US"": 0.5308, ""IN"": 0.2028, ""BR"": 0.092, ""GB"": 0.097, ""DE"": 0.0773}"
2026-02-28,25,47,0.0551,3.5564,"{""US"": 0.5308, ""IN"": 0.2028, ""BR"": 0.092, ""GB"": 0.097, ""DE"": 0.0773}"
2026-02-28,27,48,0.054,3.178,"{""US"": 0.5308, ""IN"": 0.2028, ""BR"": 0.092, ""GB"": 0.097, ""DE"": 0.0773}"
2026-02-28,28,42,0.0467,3.6924,"{""US"": 0.5308, ""IN"": 0.2028, ""BR"": 0.092, ""GB"": 0.097, ""DE"": 0.0773}"
2026-02-28,29,48,0.0593,3.5672,"{""US"": 0.5308, ""IN"": 0.2028, ""BR"": 0.092, ""GB"": 0.097, ""DE"": 0.0773}"
2026-02-28,31,64,0.0747,3.5677,"{""US"": 0.5308, ""IN"": 0.2028, ""BR"": 0.092, ""GB"": 0.097, ""DE"": 0.0773}"
2026-02-28,32,57,0.0645,3.6109,"{""US"": 0.5308, ""IN"": 0.2028, ""BR"": 0.092, ""GB"": 0.097, ""DE"": 0.0773}"
2026-02-28,34,215,0.0739,0.5417,"{""US"": 0.5308, ""IN"": 0.2028, ""BR"": 0.092, ""GB"": 0.097, ""DE"": 0.0773}"
2026-02-28,35,258,0.0914,0.5462,"{""US"": 0.5308, ""IN"": 0.2028, ""BR"": 0.092, ""GB"": 0.097, ""DE"": 0.0773}"
2026-02-28,36,177,0.0572,0.5823,"{""US"": 0.5308, ""IN"": 0.2028, ""BR"": 0.092, ""GB"": 0.097, ""DE"": 0.0773}"
2026-02-28,37,244,0.0828,0.5668,"{""US"": 0.5308, ""IN"": 0.2028, ""BR"": 0.092, ""GB"": 0.097, ""DE"": 0.0773}"
2026-02-28,42,1163,0.3946,0.5185,"{""US"": 0.5308, ""IN"": 0.2028, ""BR"": 0.092, ""GB"": 0.097, ""DE"": 0.0773}"
2026-02-28,43,219,0.0749,0.5692,"{""US"": 0.5308, ""IN"": 0.2028, ""BR"": 0.092, ""GB"": 0.097, ""DE"": 0.0773}"
2026-02-28,45,17,0.0565,6.0122,"{""US"": 0.5308, ""IN"": 0.2028, ""BR"": 0.092, ""GB"": 0.097, ""DE"": 0.0773}"
2026-02-28,47,25,0.0891,7.2186,"{""US"": 0.5308, ""IN"": 0.2028, ""BR"": 0.092, ""GB"": 0.097, ""DE"": 0.0773}"
2026-02-28,48,31,0.116,6.9462,"{""US"": 0.5308, ""IN"": 0.2028, ""BR"": 0.092, ""GB"": 0.097, ""DE"": 0.0773}"
2026-02-28,49,6,0.0102,3.475,"{""US"": 0.5308, ""IN"": 0.2028, ""BR"": 0.092, ""GB"": 0.097, ""DE"": 0.0773}"
2026-02-28,50,18,0.0298,3.6232,"{""US"": 0.5308, ""IN"": 0.2028, ""BR"": 0.092, ""GB"": 0.097, ""DE"": 0.0773}"
2026-03-01,1,30,0.1434,8.9712,"{""US"": 0.4752, ""IN"": 0.2042, ""BR"": 0.1093, ""GB"": 0.1092, ""DE"": 0.1021}"
2026-03-01,4,31,0.1548,9.4765,"{""US"": 0.4752, ""IN"": 0.2042, ""BR"": 0.1093, ""GB"": 0.1092, ""DE"": 0.1021}"
2026-03-01,6,145,0.627,9.7342,"{""US"": 0.4752, ""IN"": 0.2042, ""BR"": 0.1093, ""GB"": 0.1092, ""DE"": 0.1021}"
2026-03-01,7,19,0.0773,8.7131,"{""US"": 0.4752, ""IN"": 0.2042, ""BR"": 0.1093, ""GB"": 0.1092, ""DE"": 0.1021}"
2026-03-01,8,26,0.1116,8.1789,"{""US"": 0.4752, ""IN"": 0.2042, ""BR"": 0.1093, ""GB"": 0.1092, ""DE"": 0.1021}"
2026-03-01,9,28,0.134,9.0187,"{""US"": 0.4752, ""IN"": 0.2042, ""BR"": 0.1093, ""GB"": 0.1092, ""DE"": 0.1021}"
2026-03-01,10,59,0.2647,9.4213,"{""US"": 0.4752, ""IN"": 0.2042, ""BR"": 0.1093, ""GB"": 0.1092, ""DE"": 0.1021}"
2026-03-01,12,42,0.1862,8.5797,"{""US"": 0.4752, ""IN"": 0.2042, ""BR"": 0.1093, ""GB"": 0.1092, ""DE"": 0.1021}"
2026-03-01,13,32,0.1521,9.0892,"{""US"": 0.4752, ""IN"": 0.2042, ""BR"": 0.1093, ""GB"": 0.1092, ""DE"": 0.1021}"
2026-03-01,15,32,0.1489,8.7081,"{""US"": 0.4752, ""IN"": 0.2042, ""BR"": 0.1093, ""GB"": 0.1092, ""DE"": 0.1021}"
2026-03-01,17,40,0.0488,3.2867,"{""US"": 0.4752, ""IN"": 0.2042, ""BR"": 0.1093, ""GB"": 0.1092, ""DE"": 0.1021}"
2026-03-01,18,46,0.0526,3.5328,"{""US"": 0.4752, ""IN"": 0.2042, ""BR"": 0.1093, ""GB"": 0.1092, ""DE"": 0.1021}"
2026-03-01,19,60,0.0598,3.4267,"{""US"": 0.4752, ""IN"": 0.2042, ""BR"": 0.1093, ""GB"": 0.1092, ""DE"": 0.1021}"
2026-03-01,20,45,0.0488,3.33,"{""US"": 0.4752, ""IN"": 0.2042, ""BR"": 0.1093, ""GB"": 0.1092, ""DE"": 0.1021}"
2026-03-01,21,47,0.0527,3.3843,"{""US"": 0.4752, ""IN"": 0.2042, ""BR"": 0.1093, ""GB"": 0.1092, ""DE"": 0.1021}"
2026-03-01,22,46,0.0553,3.1542,"{""US"": 0.4752, ""IN"": 0.2042, ""BR"": 0.1093, ""GB"": 0.1092, ""DE"": 0.1021}"
2026-03-01,23,621,0.6964,3.3709,"{""US"": 0.4752, ""IN"": 0.2042, ""BR"": 0.1093, ""GB"": 0.1092, ""DE"": 0.1021}"
2026-03-01,25,52,0.0583,3.4053,"{""US"": 0.4752, ""IN"": 0.2042, ""BR"": 0.1093, ""GB"": 0.1092, ""DE"": 0.1021}"
2026-03-01,27,50,0.0602,3.3307,"{""US"": 0.4752, ""IN"": 0.2042, ""BR"": 0.1093, ""GB"": 0.1092, ""DE"": 0.1021}"
2026-03-01,28,48,0.0531,3.2781,"{""US"": 0.4752, ""IN"": 0.2042, ""BR"": 0.1093, ""GB"": 0.1092, ""DE"": 0.1021}"
2026-03-01,29,71,0.0925,3.7872,"{""US"": 0.4752, ""IN"": 0.2042, ""BR"": 0.1093, ""GB"": 0.1092, ""DE"": 0.1021}"
2026-03-01,31,47,0.0525,3.5885,"{""US"": 0.4752, ""IN"": 0.2042, ""BR"": 0.1093, ""GB"": 0.1092, ""DE"": 0.1021}"
2026-03-01,32,45,0.0516,3.4205,"{""US"": 0.4752, ""IN"": 0.2042, ""BR"": 0.1093, ""GB"": 0.1092, ""DE"": 0.1021}"
2026-03-01,34,226,0.0808,0.5882,"{""US"": 0.4752, ""IN"": 0.2042, ""BR"": 0.1093, ""GB"": 0.1092, ""DE"": 0.1021}"
2026-03-01,35,190,0.0654,0.5594,"{""US"": 0.4752, ""IN"": 0.2042, ""BR"": 0.1093, ""GB"": 0.1092, ""DE"": 0.1021}"
2026-03-01,36,236,0.0785,0.5668,"{""US"": 0.4752, ""IN"": 0.2042, ""BR"": 0.1093, ""GB"": 0.1092, ""DE"": 0.1021}"
2026-03-01,37,159,0.0533,0.5476,"{""US"": 0.4752, ""IN"": 0.2042, ""BR"": 0.1093, ""GB"": 0.1092, ""DE"": 0.1021}"
2026-03-01,42,729,0.2368,0.5327,"{""US"": 0.4752, ""IN"": 0.2042, ""BR"": 0.1093, ""GB"": 0.1092, ""DE"": 0.1021}"
2026-03-01,43,191,0.0722,0.6099,"{""US"": 0.4752, ""IN"": 0.2042, ""BR"": 0.1093, ""GB"": 0.1092, ""DE"": 0.1021}"
2026-03-01,45,35,0.1149,6.4607,"{""US"": 0.4752, ""IN"": 0.2042, ""BR"": 0.1093, ""GB"": 0.1092, ""DE"": 0.1021}"
2026-03-01,47,35,0.117,6.6691,"{""US"": 0.4752, ""IN"": 0.2042, ""BR"": 0.1093, ""GB"": 0.1092, ""DE"": 0.1021}"
2026-03-01,48,35,0.1152,6.4389,"{""US"": 0.4752, ""IN"": 0.2042, ""BR"": 0.1093, ""GB"": 0.1092, ""DE"": 0.1021}"
2026-03-01,49,13,0.0226,3.2605,"{""US"": 0.4752, ""IN"": 0.2042, ""BR"": 0.1093, ""GB"": 0.1092, ""DE"": 0.1021}"
2026-03-01,50,17,0.0288,3.2417,"{""US"": 0.4752, ""IN"": 0.2042, ""BR"": 0.1093, ""GB"": 0.1092, ""DE"": 0.1021}"
2026-03-02,1,35,0.1533,9.8204,"{""US"": 0.4802, ""IN"": 0.2142, ""BR"": 0.0811, ""GB"": 0.0925, ""DE"": 0.1319}"
2026-03-02,4,28,0.1241,10.1345,"{""US"": 0.4802, ""IN"": 0.2142, ""BR"": 0.0811, ""GB"": 0.0925, ""DE"": 0.1319}"
2026-03-02,6,154,0.7027,9.487,"{""US"": 0.4802, ""IN"": 0.2142, ""BR"": 0.0811, ""GB"": 0.0925, ""DE"": 0.1319}"
2026-03-02,7,44,0.2012,9.3169,"{""US"": 0.4802, ""IN"": 0.2142, ""BR"": 0.0811, ""GB"": 0.0925, ""DE"": 0.1319}"
2026-03-02,8,40,0.1781,9.5899,"{""US"": 0.4802, ""IN"": 0.2142, ""BR"": 0.0811, ""GB"": 0.0925, ""DE"": 0.1319}"
2026-03-02,9,35,0.167,9.1155,"{""US"": 0.4802, ""IN"": 0.2142, ""BR"": 0.0811, ""GB"": 0.0925, ""DE"": 0.1319}"
2026-03-02,10,76,0.3381,9.2197,"{""US"": 0.4802, ""IN"": 0.2142, ""BR"": 0.0811, ""GB"": 0.0925, ""DE"": 0.1319}"
2026-03-02,12,54,0.2727,9.6143,"{""US"": 0.4802, ""IN"": 0.2142, ""BR"": 0.0811, ""GB"": 0.0925, ""DE"": 0.1319}"
2026-03-02,13,19,0.0822,9.1199,"{""US"": 0.4802, ""IN"": 0.2142, ""BR"": 0.0811, ""GB"": 0.0925, ""DE"": 0.1319}"
2026-03-02,15,51,0.2311,10.5226,"{""US"": 0.4802, ""IN"": 0.2142, ""BR"": 0.0811, ""GB"": 0.0925, ""DE"": 0.1319}"
2026-03-02,17,78,0.0858,3.4452,"{""US"": 0.4802, ""IN"": 0.2142, ""BR"": 0.0811, ""GB"": 0.0925, ""DE"": 0.1319}"
2026-03-02,18,54,0.0707,3.1529,"{""US"": 0.4802, ""IN"": 0.2142, ""BR"": 0.0811, ""GB"": 0.0925, ""DE"": 0.1319}"
2026-03-02,19,57,0.0694,3.6442,"{""US"": 0.4802, ""IN"": 0.2142, ""BR"": 0.0811, ""GB"": 0.0925, ""DE"": 0.1319}"
2026-03-02,20,62,0.0673,3.481,"{""US"": 0.4802, ""IN"": 0.2142, ""BR"": 0.0811, ""GB"": 0.0925, ""DE"": 0.1319}"
2026-03-02,21,42,0.0456,3.7402,"{""US"": 0.4802, ""IN"": 0.2142, ""BR"": 0.0811, ""GB"": 0.0925, ""DE"": 0.1319}"
2026-03-02,22,57,0.066,3.2874,"{""US"": 0.4802, ""IN"": 0.2142, ""BR"": 0.0811, ""GB"": 0.0925, ""DE"": 0.1319}"
2026-03-02,23,976,1.051,3.4333,"{""US"": 0.4802, ""IN"": 0.2142, ""BR"": 0.0811, ""GB"": 0.0925, ""DE"": 0.1319}"
2026-03-02,25,64,0.0734,3.4985,"{""US"": 0.4802, ""IN"": 0.2142, ""BR"": 0.0811, ""GB"": 0.0925, ""DE"": 0.1319}"
2026-03-02,27,69,0.0813,3.623,"{""US"": 0.4802, ""IN"": 0.2142, ""BR"": 0.0811, ""GB"": 0.0925, ""DE"": 0.1319}"
2026-03-02,28,49,0.0572,3.6012,"{""US"": 0.4802, ""IN"": 0.2142, ""BR"": 0.0811, ""GB"": 0.0925, ""DE"": 0.1319}"
2026-03-02,29,65,0.0776,3.4113,"{""US"": 0.4802, ""IN"": 0.2142, ""BR"": 0.0811, ""GB"": 0.0925, ""DE"": 0.1319}"
2026-03-02,31,55,0.0602,3.4616,"{""US"": 0.4802, ""IN"": 0.2142, ""BR"": 0.0811, ""GB"": 0.0925, ""DE"": 0.1319}"
2026-03-02,32,60,0.0681,3.4965,"{""US"": 0.4802, ""IN"": 0.2142, ""BR"": 0.0811, ""GB"": 0.0925, ""DE"": 0.1319}"
2026-03-02,34,239,0.0806,0.6124,"{""US"": 0.4802, ""IN"": 0.2142, ""BR"": 0.0811, ""GB"": 0.0925, ""DE"": 0.1319}"
2026-03-02,35,229,0.0796,0.5898,"{""US"": 0.4802, ""IN"": 0.2142, ""BR"": 0.0811, ""GB"": 0.0925, ""DE"": 0.1319}"
2026-03-02,36,222,0.0744,0.618,"{""US"": 0.4802, ""IN"": 0.2142, ""BR"": 0.0811, ""GB"": 0.0925, ""DE"": 0.1319}"
2026-03-02,37,295,0.1031,0.5739,"{""US"": 0.4802, ""IN"": 0.2142, ""BR"": 0.0811, ""GB"": 0.0925, ""DE"": 0.1319}"
2026-03-02,42,1039,0.3764,0.5419,"{""US"": 0.4802, ""IN"": 0.2142, ""BR"": 0.0811, ""GB"": 0.0925, ""DE"": 0.1319}"
2026-03-02,43,273,0.0957,0.5929,"{""US"": 0.4802, ""IN"": 0.2142, ""BR"": 0.0811, ""GB"": 0.0925, ""DE"": 0.1319}"
2026-03-02,45,20,0.0717,6.8824,"{""US"": 0.4802, ""IN"": 0.2142, ""BR"": 0.0811, ""GB"": 0.0925, ""DE"": 0.1319}"
2026-03-02,47,27,0.0908,7.2415,"{""US"": 0.4802, ""IN"": 0.2142, ""BR"": 0.0811, ""GB"": 0.0925, ""DE"": 0.1319}"
2026-03-02,48,37,0.1318,6.6619,"{""US"": 0.4802, ""IN"": 0.2142, ""BR"": 0.0811, ""GB"": 0.0925, ""DE"": 0.1319}"
2026-03-02,49,31,0.0533,3.6741,"{""US"": 0.4802, ""IN"": 0.2142, ""BR"": 0.0811, ""GB"": 0.0925, ""DE"": 0.1319}"
2026-03-02,50,23,0.0409,3.702,"{""US"": 0.4802, ""IN"": 0.2142, ""BR"": 0.0811, ""GB"": 0.0925, ""DE"": 0.1319}"
2026-03-03,1,50,0.2236,9.8252,"{""US"": 0.5499, ""IN"": 0.1892, ""BR"": 0.1049, ""GB"": 0.0624, ""DE"": 0.0935}"
2026-03-03,4,30,0.1287,8.9743,"{""US"": 0.5499, ""IN"": 0.1892, ""BR"": 0.1049, ""GB"": 0.0624, ""DE"": 0.0935}"
2026-03-03,6,92,0.4093,10.2449,"{""US"": 0.5499, ""IN"": 0.1892, ""BR"": 0.1049, ""GB"": 0.0624, ""DE"": 0.0935}"
2026-03-03,7,18,0.0931,10.1152,"{""US"": 0.5499, ""IN"": 0.1892, ""BR"": 0.1049, ""GB"": 0.0624, ""DE"": 0.0935}"
2026-03-03,8,39,0.1863,9.7722,"{""US"": 0.5499, ""IN"": 0.1892, ""BR"": 0.1049, ""GB"": 0.0624, ""DE"": 0.0935}"
2026-03-03,9,24,0.1217,9.7069,"{""US"": 0.5499, ""IN"": 0.1892, ""BR"": 0.1049, ""GB"": 0.0624, ""DE"": 0.0935}"
2026-03-03,10,73,0.3699,8.9534,"{""US"": 0.5499, ""IN"": 0.1892, ""BR"": 0.1049, ""GB"": 0.0624, ""DE"": 0.0935}"
2026-03-03,12,48,0.2376,8.8829,"{""US"": 0.5499, ""IN"": 0.1892, ""BR"": 0.1049, ""GB"": 0.0624, ""DE"": 0.0935}"
2026-03-03,13,30,0.1442,9.0337,"{""US"": 0.5499, ""IN"": 0.1892, ""BR"": 0.1049, ""GB"": 0.0624, ""DE"": 0.0935}"
2026-03-03,15,44,0.1967,9.9755,"{""US"": 0.5499, ""IN"": 0.1892, ""BR"": 0.1049, ""GB"": 0.0624, ""DE"": 0.0935}"
2026-03-03,17,55,0.0666,3.4209,"{""US"": 0.5499, ""IN"": 0.1892, ""BR"": 0.1049, ""GB"": 0.0624, ""DE"": 0.0935}"
2026-03-03,18,81,0.0941,3.5131,"{""US"": 0.5499, ""IN"": 0.1892, ""BR"": 0.1049, ""GB"": 0.0624, ""DE"": 0.0935}"
2026-03-03,19,49,0.0571,3.5401,"{""US"": 0.5499, ""IN"": 0.1892, ""BR"": 0.1049, ""GB"": 0.0624, ""DE"": 0.0935}"
2026-03-03,20,45,0.052,3.5822,"{""US"": 0.5499, ""IN"": 0.1892, ""BR"": 0.1049, ""GB"": 0.0624, ""DE"": 0.0935}"
2026-03-03,21,59,0.0676,3.6239,"{""US"": 0.5499, ""IN"": 0.1892, ""BR"": 0.1049, ""GB"": 0.0624, ""DE"": 0.0935}"
2026-03-03,22,76,0.0843,3.2428,"{""US"": 0.5499, ""IN"": 0.1892, ""BR"": 0.1049, ""GB"": 0.0624, ""DE"": 0.0935}"
2026-03-03,23,690,0.8208,3.311,"{""US"": 0.5499, ""IN"": 0.1892, ""BR"": 0.1049, ""GB"": 0.0624, ""DE"": 0.0935}"
2026-03-03,25,56,0.0689,3.3272,"{""US"": 0.5499, ""IN"": 0.1892, ""BR"": 0.1049, ""GB"": 0.0624, ""DE"": 0.0935}"
2026-03-03,27,50,0.0556,3.5688,"{""US"": 0.5499, ""IN"": 0.1892, ""BR"": 0.1049, ""GB"": 0.0624, ""DE"": 0.0935}"
2026-03-03,28,67,0.0743,3.6584,"{""US"": 0.5499, ""IN"": 0.1892, ""BR"": 0.1049, ""GB"": 0.0624, ""DE"": 0.0935}"
2026-03-03,29,66,0.0722,3.399,"{""US"": 0.5499, ""IN"": 0.1892, ""BR"": 0.1049, ""GB"": 0.0624, ""DE"": 0.0935}"
2026-03-03,31,70,0.0854,3.8795,"{""US"": 0.5499, ""IN"": 0.1892, ""BR"": 0.1049, ""GB"": 0.0624, ""DE"": 0.0935}"
2026-03-03,32,52,0.0668,3.639,"{""US"": 0.5499, ""IN"": 0.1892, ""BR"": 0.1049, ""GB"": 0.0624, ""DE"": 0.0935}"
2026-03-03,34,261,0.0923,0.6662,"{""US"": 0.5499, ""IN"": 0.1892, ""BR"": 0.1049, ""GB"": 0.0624, ""DE"": 0.0935}"
2026-03-03,35,289,0.1007,0.6238,"{""US"": 0.5499, ""IN"": 0.1892, ""BR"": 0.1049, ""GB"": 0.0624, ""DE"": 0.0935}"
2026-03-03,36,311,0.1034,0.591,"{""US"": 0.5499, ""IN"": 0.1892, ""BR"": 0.1049, ""GB"": 0.0624, ""DE"": 0.0935}"
2026-03-03,37,258,0.0849,0.5554,"{""US"": 0.5499, ""IN"": 0.1892, ""BR"": 0.1049, ""GB"": 0.0624, ""DE"": 0.0935}"
2026-03-03,42,1039,0.345,0.5696,"{""US"": 0.5499, ""IN"": 0.1892, ""BR"": 0.1049, ""GB"": 0.0624, ""DE"": 0.0935}"
2026-03-03,43,239,0.0866,0.6271,"{""US"": 0.5499, ""IN"": 0.1892, ""BR"": 0.1049, ""GB"": 0.0624, ""DE"": 0.0935}"
2026-03-03,45,36,0.1292,6.9531,"{""US"": 0.5499, ""IN"": 0.1892, ""BR"": 0.1049, ""GB"": 0.0624, ""DE"": 0.0935}"
2026-03-03,47,35,0.1223,6.8151,"{""US"": 0.5499, ""IN"": 0.1892, ""BR"": 0.1049, ""GB"": 0.0624, ""DE"": 0.0935}"
2026-03-03,48,61,0.2211,6.5304,"{""US"": 0.5499, ""IN"": 0.1892, ""BR"": 0.1049, ""GB"": 0.0624, ""DE"": 0.0935}"
2026-03-03,49,25,0.0437,3.5529,"{""US"": 0.5499, ""IN"": 0.1892, ""BR"": 0.1049, ""GB"": 0.0624, ""DE"": 0.0935}"
2026-03-03,50,16,0.0271,3.325,"{""US"": 0.5499, ""IN"": 0.1892, ""BR"": 0.1049, ""GB"": 0.0624, ""DE"": 0.0935}"
2026-03-04,1,35,0.1579,9.3375,"{""US"": 0.4865, ""IN"": 0.2054, ""BR"": 0.0878, ""GB"": 0.1295, ""DE"": 0.0908}"
2026-03-04,4,35,0.1489,9.3359,"{""US"": 0.4865, ""IN"": 0.2054, ""BR"": 0.0878, ""GB"": 0.1295, ""DE"": 0.0908}"
2026-03-04,6,136,0.6434,9.1902,"{""US"": 0.4865, ""IN"": 0.2054, ""BR"": 0.0878, ""GB"": 0.1295, ""DE"": 0.0908}"
2026-03-04,7,45,0.2125,9.3621,"{""US"": 0.4865, ""IN"": 0.2054, ""BR"": 0.0878, ""GB"": 0.1295, ""DE"": 0.0908}"
2026-03-04,8,35,0.1684,10.0682,"{""US"": 0.4865, ""IN"": 0.2054, ""BR"": 0.0878, ""GB"": 0.1295, ""DE"": 0.0908}"
2026-03-04,9,44,0.1881,9.7644,"{""US"": 0.4865, ""IN"": 0.2054, ""BR"": 0.0878, ""GB"": 0.1295, ""DE"": 0.0908}"
2026-03-04,10,73,0.3607,9.4526,"{""US"": 0.4865, ""IN"": 0.2054, ""BR"": 0.0878, ""GB"": 0.1295, ""DE"": 0.0908}"
2026-03-04,12,30,0.1338,8.8503,"{""US"": 0.4865, ""IN"": 0.2054, ""BR"": 0.0878, ""GB"": 0.1295, ""DE"": 0.0908}"
2026-03-04,13,34,0.1525,9.1048,"{""US"": 0.4865, ""IN"": 0.2054, ""BR"": 0.0878, ""GB"": 0.1295, ""DE"": 0.0908}"
2026-03-04,15,43,0.1812,9.7788,"{""US"": 0.4865, ""IN"": 0.2054, ""BR"": 0.0878, ""GB"": 0.1295, ""DE"": 0.0908}"
2026-03-04,17,62,0.0781,3.78,"{""US"": 0.4865, ""IN"": 0.2054, ""BR"": 0.0878, ""GB"": 0.1295, ""DE"": 0.0908}"
2026-03-04,18,67,0.0766,3.5817,"{""US"": 0.4865, ""IN"": 0.2054, ""BR"": 0.0878, ""GB"": 0.1295, ""DE"": 0.0908}"
2026-03-04,19,60,0.0743,3.6326,"{""US"": 0.4865, ""IN"": 0.2054, ""BR"": 0.0878, ""GB"": 0.1295, ""DE"": 0.0908}"
2026-03-04,20,57,0.0648,3.4071,"{""US"": 0.4865, ""IN"": 0.2054, ""BR"": 0.0878, ""GB"": 0.1295, ""DE"": 0.0908}"
2026-03-04,21,55,0.0667,3.3901,"{""US"": 0.4865, ""IN"": 0.2054, ""BR"": 0.0878, ""GB"": 0.1295, ""DE"": 0.0908}"
2026-03-04,22,47,0.0547,3.0504,"{""US"": 0.4865, ""IN"": 0.2054, ""BR"": 0.0878, ""GB"": 0.1295, ""DE"": 0.0908}"
2026-03-04,23,796,0.8835,3.6178,"{""US"": 0.4865, ""IN"": 0.2054, ""BR"": 0.0878, ""GB"": 0.1295, ""DE"": 0.0908}"
2026-03-04,25,63,0.0692,3.5549,"{""US"": 0.4865, ""IN"": 0.2054, ""BR"": 0.0878, ""GB"": 0.1295, ""DE"": 0.0908}"
2026-03-04,27,60,0.0675,3.2099,"{""US"": 0.4865, ""IN"": 0.2054, ""BR"": 0.0878, ""GB"": 0.1295, ""DE"": 0.0908}"
2026-03-04,28,51,0.0537,3.5082,"{""US"": 0.4865, ""IN"": 0.2054, ""BR"": 0.0878, ""GB"": 0.1295, ""DE"": 0.0908}"
2026-03-04,29,62,0.0749,3.3783,"{""US"": 0.4865, ""IN"": 0.2054, ""BR"": 0.0878, ""GB"": 0.1295, ""DE"": 0.0908}"
2026-03-04,31,39,0.0432,3.5064,"{""US"": 0.4865, ""IN"": 0.2054, ""BR"": 0.0878, ""GB"": 0.1295, ""DE"": 0.0908}"
2026-03-04,32,57,0.0689,3.3776,"{""US"": 0.4865, ""IN"": 0.2054, ""BR"": 0.0878, ""GB"": 0.1295, ""DE"": 0.0908}"
2026-03-04,34,262,0.0884,0.5752,"{""US"": 0.4865, ""IN"": 0.2054, ""BR"": 0.0878, ""GB"": 0.1295, ""DE"": 0.0908}"
2026-03-04,35,235,0.0859,0.6324,"{""US"": 0.4865, ""IN"": 0.2054, ""BR"": 0.0878, ""GB"": 0.1295, ""DE"": 0.0908}"
2026-03-04,36,226,0.0791,0.666,"{""US"": 0.4865, ""IN"": 0.2054, ""BR"": 0.0878, ""GB"": 0.1295, ""DE"": 0.0908}"
2026-03-04,37,272,0.0939,0.614,"{""US"": 0.4865, ""IN"": 0.2054, ""BR"": 0.0878, ""GB"": 0.1295, ""DE"": 0.0908}"
2026-03-04,42,975,0.3741,0.5824,"{""US"": 0.4865, ""IN"": 0.2054, ""BR"": 0.0878, ""GB"": 0.1295, ""DE"": 0.0908}"
2026-03-04,43,262,0.0904,0.579,"{""US"": 0.4865, ""IN"": 0.2054, ""BR"": 0.0878, ""GB"": 0.1295, ""DE"": 0.0908}"
2026-03-04,45,28,0.0943,7.0659,"{""US"": 0.4865, ""IN"": 0.2054, ""BR"": 0.0878, ""GB"": 0.1295, ""DE"": 0.0908}"
2026-03-04,47,44,0.1412,6.9868,"{""US"": 0.4865, ""IN"": 0.2054, ""BR"": 0.0878, ""GB"": 0.1295, ""DE"": 0.0908}"
2026-03-04,48,47,0.1652,6.9191,"{""US"": 0.4865, ""IN"": 0.2054, ""BR"": 0.0878, ""GB"": 0.1295, ""DE"": 0.0908}"
2026-03-04,49,18,0.0348,3.3903,"{""US"": 0.4865, ""IN"": 0.2054, ""BR"": 0.0878, ""GB"": 0.1295, ""DE"": 0.0908}"
2026-03-04,50,17,0.0261,3.1434,"{""US"": 0.4865, ""IN"": 0.2054, ""BR"": 0.0878, ""GB"": 0.1295, ""DE"": 0.0908}"
2026-03-05,1,56,0.2661,8.3992,"{""US"": 0.4846, ""IN"": 0.1957, ""BR"": 0.1126, ""GB"": 0.0825, ""DE"": 0.1245}"
2026-03-05,4,55,0.2446,8.6389,"{""US"": 0.4846, ""IN"": 0.1957, ""BR"": 0.1126, ""GB"": 0.0825, ""DE"": 0.1245}"
2026-03-05,6,155,0.652,9.0577,"{""US"": 0.4846, ""IN"": 0.1957, ""BR"": 0.1126, ""GB"": 0.0825, ""DE"": 0.1245}"
2026-03-05,7,55,0.2659,9.5425,"{""US"": 0.4846, ""IN"": 0.1957, ""BR"": 0.1126, ""GB"": 0.0825, ""DE"": 0.1245}"
2026-03-05,8,41,0.1787,8.6604,"{""US"": 0.4846, ""IN"": 0.1957, ""BR"": 0.1126, ""GB"": 0.0825, ""DE"": 0.1245}"
2026-03-05,9,43,0.1941,9.6872,"{""US"": 0.4846, ""IN"": 0.1957, ""BR"": 0.1126, ""GB"": 0.0825, ""DE"": 0.1245}"
2026-03-05,10,29,0.1237,8.9429,"{""US"": 0.4846, ""IN"": 0.1957, ""BR"": 0.1126, ""GB"": 0.0825, ""DE"": 0.1245}"
2026-03-05,12,32,0.1431,9.6757,"{""US"": 0.4846, ""IN"": 0.1957, ""BR"": 0.1126, ""GB"": 0.0825, ""DE"": 0.1245}"
2026-03-05,13,30,0.1334,8.2692,"{""US"": 0.4846, ""IN"": 0.1957, ""BR"": 0.1126, ""GB"": 0.0825, ""DE"": 0.1245}"
2026-03-05,15,37,0.162,9.6617,"{""US"": 0.4846, ""IN"": 0.1957, ""BR"": 0.1126, ""GB"": 0.0825, ""DE"": 0.1245}"
2026-03-05,17,70,0.0766,3.4416,"{""US"": 0.4846, ""IN"": 0.1957, ""BR"": 0.1126, ""GB"": 0.0825, ""DE"": 0.1245}"
2026-03-05,18,60,0.0689,3.3349,"{""US"": 0.4846, ""IN"": 0.1957, ""BR"": 0.1126, ""GB"": 0.0825, ""DE"": 0.1245}"
2026-03-05,19,64,0.0788,3.4957,"{""US"": 0.4846, ""IN"": 0.1957, ""BR"": 0.1126, ""GB"": 0.0825, ""DE"": 0.1245}"
2026-03-05,20,52,0.0585,3.6553,"{""US"": 0.4846, ""IN"": 0.1957, ""BR"": 0.1126, ""GB"": 0.0825, ""DE"": 0.1245}"
2026-03-05,21,86,0.0936,3.5534,"{""US"": 0.4846, ""IN"": 0.1957, ""BR"": 0.1126, ""GB"": 0.0825, ""DE"": 0.1245}"
2026-03-05,22,49,0.0516,3.4219,"{""US"": 0.4846, ""IN"": 0.1957, ""BR"": 0.1126, ""GB"": 0.0825, ""DE"": 0.1245}"
2026-03-05,23,658,0.7129,3.3209,"{""US"": 0.4846, ""IN"": 0.1957, ""BR"": 0.1126, ""GB"": 0.0825, ""DE"": 0.1245}"
2026-03-05,25,70,0.0722,3.7376,"{""US"": 0.4846, ""IN"": 0.1957, ""BR"": 0.1126, ""GB"": 0.0825, ""DE"": 0.1245}"
2026-03-05,27,66,0.0822,3.5369,"{""US"": 0.4846, ""IN"": 0.1957, ""BR"": 0.1126, ""GB"": 0.0825, ""DE"": 0.1245}"
2026-03-05,28,45,0.0502,3.4609,"{""US"": 0.4846, ""IN"": 0.1957, ""BR"": 0.1126, ""GB"": 0.0825, ""DE"": 0.1245}"
2026-03-05,29,56,0.068,3.1981,"{""US"": 0.4846, ""IN"": 0.1957, ""BR"": 0.1126, ""GB"": 0.0825, ""DE"": 0.1245}"
2026-03-05,31,63,0.0704,3.721,"{""US"": 0.4846, ""IN"": 0.1957, ""BR"": 0.1126, ""GB"": 0.0825, ""DE"": 0.1245}"
2026-03-05,32,83,0.0984,3.4755,"{""US"": 0.4846, ""IN"": 0.1957, ""BR"": 0.1126, ""GB"": 0.0825, ""DE"": 0.1245}"
2026-03-05,34,285,0.1099,0.6227,"{""US"": 0.4846, ""IN"": 0.1957, ""BR"": 0.1126, ""GB"": 0.0825, ""DE"": 0.1245}"
2026-03-05,35,157,0.0523,0.6201,"{""US"": 0.4846, ""IN"": 0.1957, ""BR"": 0.1126, ""GB"": 0.0825, ""DE"": 0.1245}"
2026-03-05,36,159,0.0558,0.5438,"{""US"": 0.4846, ""IN"": 0.1957, ""BR"": 0.1126, ""GB"": 0.0825, ""DE"": 0.1245}"
2026-03-05,37,234,0.0847,0.5641,"{""US"": 0.4846, ""IN"": 0.1957, ""BR"": 0.1126, ""GB"": 0.0825, ""DE"": 0.1245}"
2026-03-05,42,782,0.2957,0.5597,"{""US"": 0.4846, ""IN"": 0.1957, ""BR"": 0.1126, ""GB"": 0.0825, ""DE"": 0.1245}"
2026-03-05,43,248,0.0926,0.5625,"{""US"": 0.4846, ""IN"": 0.1957, ""BR"": 0.1126, ""GB"": 0.0825, ""DE"": 0.1245}"
2026-03-05,45,32,0.1097,7.4956,"{""US"": 0.4846, ""IN"": 0.1957, ""BR"": 0.1126, ""GB"": 0.0825, ""DE"": 0.1245}"
2026-03-05,47,27,0.0863,6.9045,"{""US"": 0.4846, ""IN"": 0.1957, ""BR"": 0.1126, ""GB"": 0.0825, ""DE"": 0.1245}"
2026-03-05,48,36,0.1459,6.5322,"{""US"": 0.4846, ""IN"": 0.1957, ""BR"": 0.1126, ""GB"": 0.0825, ""DE"": 0.1245}"
2026-03-05,49,11,0.0218,3.5956,"{""US"": 0.4846, ""IN"": 0.1957, ""BR"": 0.1126, ""GB"": 0.0825, ""DE"": 0.1245}"
2026-03-05,50,14,0.0241,3.5192,"{""US"": 0.4846, ""IN"": 0.1957, ""BR"": 0.1126, ""GB"": 0.0825, ""DE"": 0.1245}"
2026-03-06,1,38,0.185,9.7889,"{""US"": 0.4826, ""IN"": 0.1699, ""BR"": 0.0935, ""GB"": 0.1348, ""DE"": 0.1191}"
2026-03-06,4,54,0.2568,10.1428,"{""US"": 0.4826, ""IN"": 0.1699, ""BR"": 0.0935, ""GB"": 0.1348, ""DE"": 0.1191}"
2026-03-06,6,130,0.6413,10.1311,"{""US"": 0.4826, ""IN"": 0.1699, ""BR"": 0.0935, ""GB"": 0.1348, ""DE"": 0.1191}"
2026-03-06,7,38,0.1777,8.9962,"{""US"": 0.4826, ""IN"": 0.1699, ""BR"": 0.0935, ""GB"": 0.1348, ""DE"": 0.1191}"
2026-03-06,8,31,0.1473,8.7129,"{""US"": 0.4826, ""IN"": 0.1699, ""BR"": 0.0935, ""GB"": 0.1348, ""DE"": 0.1191}"
2026-03-06,9,47,0.2319,9.2774,"{""US"": 0.4826, ""IN"": 0.1699, ""BR"": 0.0935, ""GB"": 0.1348, ""DE"": 0.1191}"
2026-03-06,10,53,0.2566,9.8622,"{""US"": 0.4826, ""IN"": 0.1699, ""BR"": 0.0935, ""GB"": 0.1348, ""DE"": 0.1191}"
2026-03-06,11,755,3.3454,9.5959,"{""US"": 0.4826, ""IN"": 0.1699, ""BR"": 0.0935, ""GB"": 0.1348, ""DE"": 0.1191}"
2026-03-06,12,47,0.2255,9.4298,"{""US"": 0.4826, ""IN"": 0.1699, ""BR"": 0.0935, ""GB"": 0.1348, ""DE"": 0.1191}"
2026-03-06,13,49,0.2158,9.0909,"{""US"": 0.4826, ""IN"": 0.1699, ""BR"": 0.0935, ""GB"": 0.1348, ""DE"": 0.1191}"
2026-03-06,15,42,0.1869,9.0737,"{""US"": 0.4826, ""IN"": 0.1699, ""BR"": 0.0935, ""GB"": 0.1348, ""DE"": 0.1191}"
2026-03-06,17,59,0.073,3.4452,"{""US"": 0.4826, ""IN"": 0.1699, ""BR"": 0.0935, ""GB"": 0.1348, ""DE"": 0.1191}"
2026-03-06,18,40,0.044,3.7964,"{""US"": 0.4826, ""IN"": 0.1699, ""BR"": 0.0935, ""GB"": 0.1348, ""DE"": 0.1191}"
2026-03-06,19,70,0.0834,3.8321,"{""US"": 0.4826, ""IN"": 0.1699, ""BR"": 0.0935, ""GB"": 0.1348, ""DE"": 0.1191}"
2026-03-06,20,65,0.0782,3.785,"{""US"": 0.4826, ""IN"": 0.1699, ""BR"": 0.0935, ""GB"": 0.1348, ""DE"": 0.1191}"
2026-03-06,21,79,0.0932,3.5982,"{""US"": 0.4826, ""IN"": 0.1699, ""BR"": 0.0935, ""GB"": 0.1348, ""DE"": 0.1191}"
2026-03-06,22,66,0.0793,3.8032,"{""US"": 0.4826, ""IN"": 0.1699, ""BR"": 0.0935, ""GB"": 0.1348, ""DE"": 0.1191}"
2026-03-06,23,718,0.8057,3.584,"{""US"": 0.4826, ""IN"": 0.1699, ""BR"": 0.0935, ""GB"": 0.1348, ""DE"": 0.1191}"
2026-03-06,25,40,0.0482,3.6454,"{""US"": 0.4826, ""IN"": 0.1699, ""BR"": 0.0935, ""GB"": 0.1348, ""DE"": 0.1191}"
2026-03-06,27,50,0.0621,3.9329,"{""US"": 0.4826, ""IN"": 0.1699, ""BR"": 0.0935, ""GB"": 0.1348, ""DE"": 0.1191}"
2026-03-06,28,69,0.0815,3.5386,"{""US"": 0.4826, ""IN"": 0.1699, ""BR"": 0.0935, ""GB"": 0.1348, ""DE"": 0.1191}"
2026-03-06,29,48,0.059,3.2733,"{""US"": 0.4826, ""IN"": 0.1699, ""BR"": 0.0935, ""GB"": 0.1348, ""DE"": 0.1191}"
2026-03-06,31,71,0.0835,3.4043,"{""US"": 0.4826, ""IN"": 0.1699, ""BR"": 0.0935, ""GB"": 0.1348, ""DE"": 0.1191}"
2026-03-06,32,70,0.0735,3.5257,"{""US"": 0.4826, ""IN"": 0.1699, ""BR"": 0.0935, ""GB"": 0.1348, ""DE"": 0.1191}"
2026-03-06,34,258,0.0908,0.6042,"{""US"": 0.4826, ""IN"": 0.1699, ""BR"": 0.0935, ""GB"": 0.1348, ""DE"": 0.1191}"
2026-03-06,35,267,0.0961,0.5731,"{""US"": 0.4826, ""IN"": 0.1699, ""BR"": 0.0935, ""GB"": 0.1348, ""DE"": 0.1191}"
2026-03-06,36,222,0.0736,0.6029,"{""US"": 0.4826, ""IN"": 0.1699, ""BR"": 0.0935, ""GB"": 0.1348, ""DE"": 0.1191}"
2026-03-06,37,280,0.1105,0.6167,"{""US"": 0.4826, ""IN"": 0.1699, ""BR"": 0.0935, ""GB"": 0.1348, ""DE"": 0.1191}"
2026-03-06,42,924,0.3225,0.5711,"{""US"": 0.4826, ""IN"": 0.1699, ""BR"": 0.0935, ""GB"": 0.1348, ""DE"": 0.1191}"
2026-03-06,43,284,0.1055,0.5916,"{""US"": 0.4826, ""IN"": 0.1699, ""BR"": 0.0935, ""GB"": 0.1348, ""DE"": 0.1191}"
2026-03-06,45,39,0.134,7.6202,"{""US"": 0.4826, ""IN"": 0.1699, ""BR"": 0.0935, ""GB"": 0.1348, ""DE"": 0.1191}"
2026-03-06,47,33,0.1228,7.5834,"{""US"": 0.4826, ""IN"": 0.1699, ""BR"": 0.0935, ""GB"": 0.1348, ""DE"": 0.1191}"
2026-03-06,48,55,0.2072,6.7999,"{""US"": 0.4826, ""IN"": 0.1699, ""BR"": 0.0935, ""GB"": 0.1348, ""DE"": 0.1191}"
2026-03-06,49,14,0.0246,3.7891,"{""US"": 0.4826, ""IN"": 0.1699, ""BR"": 0.0935, ""GB"": 0.1348, ""DE"": 0.1191}"
2026-03-06,50,24,0.0449,3.3916,"{""US"": 0.4826, ""IN"": 0.1699, ""BR"": 0.0935, ""GB"": 0.1348, ""DE"": 0.1191}"
2026-03-07,1,26,0.1195,9.3302,"{""US"": 0.5037, ""IN"": 0.2008, ""BR"": 0.0938, ""GB"": 0.0937, ""DE"": 0.108}"
2026-03-07,4,25,0.1129,9.2949,"{""US"": 0.5037, ""IN"": 0.2008, ""BR"": 0.0938, ""GB"": 0.0937, ""DE"": 0.108}"
2026-03-07,6,105,0.5228,9.9936,"{""US"": 0.5037, ""IN"": 0.2008, ""BR"": 0.0938, ""GB"": 0.0937, ""DE"": 0.108}"
2026-03-07,7,34,0.1484,9.1316,"{""US"": 0.5037, ""IN"": 0.2008, ""BR"": 0.0938, ""GB"": 0.0937, ""DE"": 0.108}"
2026-03-07,8,40,0.1947,8.6109,"{""US"": 0.5037, ""IN"": 0.2008, ""BR"": 0.0938, ""GB"": 0.0937, ""DE"": 0.108}"
2026-03-07,9,28,0.1406,9.6461,"{""US"": 0.5037, ""IN"": 0.2008, ""BR"": 0.0938, ""GB"": 0.0937, ""DE"": 0.108}"
2026-03-07,10,34,0.1632,9.9476,"{""US"": 0.5037, ""IN"": 0.2008, ""BR"": 0.0938, ""GB"": 0.0937, ""DE"": 0.108}"
2026-03-07,11,538,2.7545,9.5844,"{""US"": 0.5037, ""IN"": 0.2008, ""BR"": 0.0938, ""GB"": 0.0937, ""DE"": 0.108}"
2026-03-07,12,25,0.1134,9.3593,"{""US"": 0.5037, ""IN"": 0.2008, ""BR"": 0.0938, ""GB"": 0.0937, ""DE"": 0.108}"
2026-03-07,13,20,0.0851,9.9329,"{""US"": 0.5037, ""IN"": 0.2008, ""BR"": 0.0938, ""GB"": 0.0937, ""DE"": 0.108}"
2026-03-07,15,27,0.1131,9.1353,"{""US"": 0.5037, ""IN"": 0.2008, ""BR"": 0.0938, ""GB"": 0.0937, ""DE"": 0.108}"
2026-03-07,17,53,0.061,3.4844,"{""US"": 0.5037, ""IN"": 0.2008, ""BR"": 0.0938, ""GB"": 0.0937, ""DE"": 0.108}"
2026-03-07,18,51,0.0572,3.3769,"{""US"": 0.5037, ""IN"": 0.2008, ""BR"": 0.0938, ""GB"": 0.0937, ""DE"": 0.108}"
2026-03-07,19,48,0.0597,3.4337,"{""US"": 0.5037, ""IN"": 0.2008, ""BR"": 0.0938, ""GB"": 0.0937, ""DE"": 0.108}"
2026-03-07,20,42,0.051,3.6583,"{""US"": 0.5037, ""IN"": 0.2008, ""BR"": 0.0938, ""GB"": 0.0937, ""DE"": 0.108}"
2026-03-07,21,34,0.0401,3.8252,"{""US"": 0.5037, ""IN"": 0.2008, ""BR"": 0.0938, ""GB"": 0.0937, ""DE"": 0.108}"
2026-03-07,22,50,0.056,3.6494,"{""US"": 0.5037, ""IN"": 0.2008, ""BR"": 0.0938, ""GB"": 0.0937, ""DE"": 0.108}"
2026-03-07,23,457,0.5618,3.6249,"{""US"": 0.5037, ""IN"": 0.2008, ""BR"": 0.0938, ""GB"": 0.0937, ""DE"": 0.108}"
2026-03-07,25,78,0.0773,3.5741,"{""US"": 0.5037, ""IN"": 0.2008, ""BR"": 0.0938, ""GB"": 0.0937, ""DE"": 0.108}"
2026-03-07,27,58,0.0613,3.3913,"{""US"": 0.5037, ""IN"": 0.2008, ""BR"": 0.0938, ""GB"": 0.0937, ""DE"": 0.108}"
2026-03-07,28,50,0.0649,3.5511,"{""US"": 0.5037, ""IN"": 0.2008, ""BR"": 0.0938, ""GB"": 0.0937, ""DE"": 0.108}"
2026-03-07,29,26,0.0272,3.499,"{""US"": 0.5037, ""IN"": 0.2008, ""BR"": 0.0938, ""GB"": 0.0937, ""DE"": 0.108}"
2026-03-07,31,39,0.0445,3.4358,"{""US"": 0.5037, ""IN"": 0.2008, ""BR"": 0.0938, ""GB"": 0.0937, ""DE"": 0.108}"
2026-03-07,32,46,0.054,3.7378,"{""US"": 0.5037, ""IN"": 0.2008, ""BR"": 0.0938, ""GB"": 0.0937, ""DE"": 0.108}"
2026-03-07,34,286,0.0998,0.6046,"{""US"": 0.5037, ""IN"": 0.2008, ""BR"": 0.0938, ""GB"": 0.0937, ""DE"": 0.108}"
2026-03-07,35,182,0.0648,0.5872,"{""US"": 0.5037, ""IN"": 0.2008, ""BR"": 0.0938, ""GB"": 0.0937, ""DE"": 0.108}"
2026-03-07,36,266,0.0811,0.6137,"{""US"": 0.5037, ""IN"": 0.2008, ""BR"": 0.0938, ""GB"": 0.0937, ""DE"": 0.108}"
2026-03-07,37,224,0.0787,0.6042,"{""US"": 0.5037, ""IN"": 0.2008, ""BR"": 0.0938, ""GB"": 0.0937, ""DE"": 0.108}"
2026-03-07,42,650,0.2315,0.575,"{""US"": 0.5037, ""IN"": 0.2008, ""BR"": 0.0938, ""GB"": 0.0937, ""DE"": 0.108}"
2026-03-07,43,273,0.0965,0.6196,"{""US"": 0.5037, ""IN"": 0.2008, ""BR"": 0.0938, ""GB"": 0.0937, ""DE"": 0.108}"
2026-03-07,45,30,0.1059,6.4544,"{""US"": 0.5037, ""IN"": 0.2008, ""BR"": 0.0938, ""GB"": 0.0937, ""DE"": 0.108}"
2026-03-07,47,36,0.1257,6.9678,"{""US"": 0.5037, ""IN"": 0.2008, ""BR"": 0.0938, ""GB"": 0.0937, ""DE"": 0.108}"
2026-03-07,48,38,0.132,6.3865,"{""US"": 0.5037, ""IN"": 0.2008, ""BR"": 0.0938, ""GB"": 0.0937, ""DE"": 0.108}"
2026-03-07,49,11,0.0188,3.491,"{""US"": 0.5037, ""IN"": 0.2008, ""BR"": 0.0938, ""GB"": 0.0937, ""DE"": 0.108}"
2026-03-07,50,16,0.0264,3.3707,"{""US"": 0.5037, ""IN"": 0.2008, ""BR"": 0.0938, ""GB"": 0.0937, ""DE"": 0.108}"
2026-03-08,1,47,0.2082,10.1129,"{""US"": 0.5205, ""IN"": 0.2019, ""BR"": 0.072, ""GB"": 0.1131, ""DE"": 0.0925}"
2026-03-08,4,40,0.1832,9.2355,"{""US"": 0.5205, ""IN"": 0.2019, ""BR"": 0.072, ""GB"": 0.1131, ""DE"": 0.0925}"
2026-03-08,6,90,0.4192,9.6019,"{""US"": 0.5205, ""IN"": 0.2019, ""BR"": 0.072, ""GB"": 0.1131, ""DE"": 0.0925}"
2026-03-08,7,44,0.1961,8.4555,"{""US"": 0.5205, ""IN"": 0.2019, ""BR"": 0.072, ""GB"": 0.1131, ""DE"": 0.0925}"
2026-03-08,8,45,0.235,9.8042,"{""US"": 0.5205, ""IN"": 0.2019, ""BR"": 0.072, ""GB"": 0.1131, ""DE"": 0.0925}"
2026-03-08,9,30,0.1417,9.0322,"{""US"": 0.5205, ""IN"": 0.2019, ""BR"": 0.072, ""GB"": 0.1131, ""DE"": 0.0925}"
2026-03-08,10,45,0.2357,9.2648,"{""US"": 0.5205, ""IN"": 0.2019, ""BR"": 0.072, ""GB"": 0.1131, ""DE"": 0.0925}"
2026-03-08,11,459,2.1187,10.2237,"{""US"": 0.5205, ""IN"": 0.2019, ""BR"": 0.072, ""GB"": 0.1131, ""DE"": 0.0925}"
2026-03-08,12,21,0.0899,9.5391,"{""US"": 0.5205, ""IN"": 0.2019, ""BR"": 0.072, ""GB"": 0.1131, ""DE"": 0.0925}"
2026-03-08,13,38,0.1825,9.1819,"{""US"": 0.5205, ""IN"": 0.2019, ""BR"": 0.072, ""GB"": 0.1131, ""DE"": 0.0925}"
2026-03-08,15,42,0.2085,9.3596,"{""US"": 0.5205, ""IN"": 0.2019, ""BR"": 0.072, ""GB"": 0.1131, ""DE"": 0.0925}"
2026-03-08,17,27,0.0331,3.6529,"{""US"": 0.5205, ""IN"": 0.2019, ""BR"": 0.072, ""GB"": 0.1131, ""DE"": 0.0925}"
2026-03-08,18,57,0.0629,3.8998,"{""US"": 0.5205, ""IN"": 0.2019, ""BR"": 0.072, ""GB"": 0.1131, ""DE"": 0.0925}"
2026-03-08,19,37,0.0515,3.6136,"{""US"": 0.5205, ""IN"": 0.2019, ""BR"": 0.072, ""GB"": 0.1131, ""DE"": 0.0925}"
2026-03-08,20,48,0.0598,3.4752,"{""US"": 0.5205, ""IN"": 0.2019, ""BR"": 0.072, ""GB"": 0.1131, ""DE"": 0.0925}"
2026-03-08,21,61,0.0752,3.8983,"{""US"": 0.5205, ""IN"": 0.2019, ""BR"": 0.072, ""GB"": 0.1131, ""DE"": 0.0925}"
2026-03-08,22,73,0.0872,3.5508,"{""US"": 0.5205, ""IN"": 0.2019, ""BR"": 0.072, ""GB"": 0.1131, ""DE"": 0.0925}"
2026-03-08,23,406,0.4637,3.5733,"{""US"": 0.5205, ""IN"": 0.2019, ""BR"": 0.072, ""GB"": 0.1131, ""DE"": 0.0925}"
2026-03-08,25,56,0.068,3.5329,"{""US"": 0.5205, ""IN"": 0.2019, ""BR"": 0.072, ""GB"": 0.1131, ""DE"": 0.0925}"
2026-03-08,27,52,0.0594,3.4565,"{""US"": 0.5205, ""IN"": 0.2019, ""BR"": 0.072, ""GB"": 0.1131, ""DE"": 0.0925}"
2026-03-08,28,77,0.0955,3.6296,"{""US"": 0.5205, ""IN"": 0.2019, ""BR"": 0.072, ""GB"": 0.1131, ""DE"": 0.0925}"
2026-03-08,29,58,0.073,3.8758,"{""US"": 0.5205, ""IN"": 0.2019, ""BR"": 0.072, ""GB"": 0.1131, ""DE"": 0.0925}"
2026-03-08,31,61,0.0733,3.7007,"{""US"": 0.5205, ""IN"": 0.2019, ""BR"": 0.072, ""GB"": 0.1131, ""DE"": 0.0925}"
2026-03-08,32,49,0.0632,3.5081,"{""US"": 0.5205, ""IN"": 0.2019, ""BR"": 0.072, ""GB"": 0.1131, ""DE"": 0.0925}"
2026-03-08,34,193,0.0668,0.604,"{""US"": 0.5205, ""IN"": 0.2019, ""BR"": 0.072, ""GB"": 0.1131, ""DE"": 0.0925}"
2026-03-08,35,195,0.0727,0.6347,"{""US"": 0.5205, ""IN"": 0.2019, ""BR"": 0.072, ""GB"": 0.1131, ""DE"": 0.0925}"
2026-03-08,36,215,0.0751,0.6323,"{""US"": 0.5205, ""IN"": 0.2019, ""BR"": 0.072, ""GB"": 0.1131, ""DE"": 0.0925}"
2026-03-08,37,244,0.0894,0.5774,"{""US"": 0.5205, ""IN"": 0.2019, ""BR"": 0.072, ""GB"": 0.1131, ""DE"": 0.0925}"
2026-03-08,42,734,0.2685,0.5818,"{""US"": 0.5205, ""IN"": 0.2019, ""BR"": 0.072, ""GB"": 0.1131, ""DE"": 0.0925}"
2026-03-08,43,222,0.0786,0.6184,"{""US"": 0.5205, ""IN"": 0.2019, ""BR"": 0.072, ""GB"": 0.1131, ""DE"": 0.0925}"
2026-03-08,45,19,0.0716,7.4756,"{""US"": 0.5205, ""IN"": 0.2019, ""BR"": 0.072, ""GB"": 0.1131, ""DE"": 0.0925}"
2026-03-08,47,32,0.1129,7.8124,"{""US"": 0.5205, ""IN"": 0.2019, ""BR"": 0.072, ""GB"": 0.1131, ""DE"": 0.0925}"
2026-03-08,48,38,0.1402,6.7646,"{""US"": 0.5205, ""IN"": 0.2019, ""BR"": 0.072, ""GB"": 0.1131, ""DE"": 0.0925}"
2026-03-08,49,20,0.0348,3.4571,"{""US"": 0.5205, ""IN"": 0.2019, ""BR"": 0.072, ""GB"": 0.1131, ""DE"": 0.0925}"
2026-03-08,50,19,0.032,3.3099,"{""US"": 0.5205, ""IN"": 0.2019, ""BR"": 0.072, ""GB"": 0.1131, ""DE"": 0.0925}"
2026-03-09,1,38,0.1722,8.5012,"{""US"": 0.4855, ""IN"": 0.2238, ""BR"": 0.0877, ""GB"": 0.1009, ""DE"": 0.1021}"
2026-03-09,4,38,0.1834,9.3636,"{""US"": 0.4855, ""IN"": 0.2238, ""BR"": 0.0877, ""GB"": 0.1009, ""DE"": 0.1021}"
2026-03-09,6,85,0.3685,9.5957,"{""US"": 0.4855, ""IN"": 0.2238, ""BR"": 0.0877, ""GB"": 0.1009, ""DE"": 0.1021}"
2026-03-09,7,30,0.1266,9.7676,"{""US"": 0.4855, ""IN"": 0.2238, ""BR"": 0.0877, ""GB"": 0.1009, ""DE"": 0.1021}"
2026-03-09,8,50,0.2178,9.0246,"{""US"": 0.4855, ""IN"": 0.2238, ""BR"": 0.0877, ""GB"": 0.1009, ""DE"": 0.1021}"
2026-03-09,9,42,0.1814,9.2164,"{""US"": 0.4855, ""IN"": 0.2238, ""BR"": 0.0877, ""GB"": 0.1009, ""DE"": 0.1021}"
2026-03-09,10,37,0.1635,9.5674,"{""US"": 0.4855, ""IN"": 0.2238, ""BR"": 0.0877, ""GB"": 0.1009, ""DE"": 0.1021}"
2026-03-09,11,514,2.3327,8.2505,"{""US"": 0.4855, ""IN"": 0.2238, ""BR"": 0.0877, ""GB"": 0.1009, ""DE"": 0.1021}"
2026-03-09,12,34,0.1498,9.5677,"{""US"": 0.4855, ""IN"": 0.2238, ""BR"": 0.0877, ""GB"": 0.1009, ""DE"": 0.1021}"
2026-03-09,13,37,0.1547,9.776,"{""US"": 0.4855, ""IN"": 0.2238, ""BR"": 0.0877, ""GB"": 0.1009, ""DE"": 0.1021}"
2026-03-09,15,40,0.1999,9.0875,"{""US"": 0.4855, ""IN"": 0.2238, ""BR"": 0.0877, ""GB"": 0.1009, ""DE"": 0.1021}"
2026-03-09,17,65,0.0774,3.6514,"{""US"": 0.4855, ""IN"": 0.2238, ""BR"": 0.0877, ""GB"": 0.1009, ""DE"": 0.1021}"
2026-03-09,18,61,0.0704,3.2857,"{""US"": 0.4855, ""IN"": 0.2238, ""BR"": 0.0877, ""GB"": 0.1009, ""DE"": 0.1021}"
2026-03-09,19,25,0.0287,3.4498,"{""US"": 0.4855, ""IN"": 0.2238, ""BR"": 0.0877, ""GB"": 0.1009, ""DE"": 0.1021}"
2026-03-09,20,55,0.0647,3.4638,"{""US"": 0.4855, ""IN"": 0.2238, ""BR"": 0.0877, ""GB"": 0.1009, ""DE"": 0.1021}"
2026-03-09,21,58,0.0694,3.4522,"{""US"": 0.4855, ""IN"": 0.2238, ""BR"": 0.0877, ""GB"": 0.1009, ""DE"": 0.1021}"
2026-03-09,22,41,0.0489,3.4055,"{""US"": 0.4855, ""IN"": 0.2238, ""BR"": 0.0877, ""GB"": 0.1009, ""DE"": 0.1021}"
2026-03-09,23,493,0.6104,3.1239,"{""US"": 0.4855, ""IN"": 0.2238, ""BR"": 0.0877, ""GB"": 0.1009, ""DE"": 0.1021}"
2026-03-09,25,41,0.0486,3.2828,"{""US"": 0.4855, ""IN"": 0.2238, ""BR"": 0.0877, ""GB"": 0.1009, ""DE"": 0.1021}"
2026-03-09,27,69,0.0803,3.3516,"{""US"": 0.4855, ""IN"": 0.2238, ""BR"": 0.0877, ""GB"": 0.1009, ""DE"": 0.1021}"
2026-03-09,28,42,0.051,3.5146,"{""US"": 0.4855, ""IN"": 0.2238, ""BR"": 0.0877, ""GB"": 0.1009, ""DE"": 0.1021}"
2026-03-09,29,74,0.0846,3.2873,"{""US"": 0.4855, ""IN"": 0.2238, ""BR"": 0.0877, ""GB"": 0.1009, ""DE"": 0.1021}"
2026-03-09,31,48,0.057,3.4751,"{""US"": 0.4855, ""IN"": 0.2238, ""BR"": 0.0877, ""GB"": 0.1009, ""DE"": 0.1021}"
2026-03-09,32,71,0.0785,2.8407,"{""US"": 0.4855, ""IN"": 0.2238, ""BR"": 0.0877, ""GB"": 0.1009, ""DE"": 0.1021}"
2026-03-09,34,214,0.0733,0.5893,"{""US"": 0.4855, ""IN"": 0.2238, ""BR"": 0.0877, ""GB"": 0.1009, ""DE"": 0.1021}"
2026-03-09,35,257,0.085,0.545,"{""US"": 0.4855, ""IN"": 0.2238, ""BR"": 0.0877, ""GB"": 0.1009, ""DE"": 0.1021}"
2026-03-09,36,257,0.0994,0.5719,"{""US"": 0.4855, ""IN"": 0.2238, ""BR"": 0.0877, ""GB"": 0.1009, ""DE"": 0.1021}"
2026-03-09,37,236,0.0773,0.5982,"{""US"": 0.4855, ""IN"": 0.2238, ""BR"": 0.0877, ""GB"": 0.1009, ""DE"": 0.1021}"
2026-03-09,42,600,0.2085,0.615,"{""US"": 0.4855, ""IN"": 0.2238, ""BR"": 0.0877, ""GB"": 0.1009, ""DE"": 0.1021}"
2026-03-09,43,206,0.0747,0.5516,"{""US"": 0.4855, ""IN"": 0.2238, ""BR"": 0.0877, ""GB"": 0.1009, ""DE"": 0.1021}"
2026-03-09,45,42,0.1483,7.2762,"{""US"": 0.4855, ""IN"": 0.2238, ""BR"": 0.0877, ""GB"": 0.1009, ""DE"": 0.1021}"
2026-03-09,46,708,2.2077,7.0577,"{""US"": 0.4855, ""IN"": 0.2238, ""BR"": 0.0877, ""GB"": 0.1009, ""DE"": 0.1021}"
2026-03-09,47,41,0.1354,7.0955,"{""US"": 0.4855, ""IN"": 0.2238, ""BR"": 0.0877, ""GB"": 0.1009, ""DE"": 0.1021}"
2026-03-09,48,41,0.1412,6.4279,"{""US"": 0.4855, ""IN"": 0.2238, ""BR"": 0.0877, ""GB"": 0.1009, ""DE"": 0.1021}"
2026-03-09,49,27,0.048,3.3028,"{""US"": 0.4855, ""IN"": 0.2238, ""BR"": 0.0877, ""GB"": 0.1009, ""DE"": 0.1021}"
2026-03-09,50,21,0.0339,3.4662,"{""US"": 0.4855, ""IN"": 0.2238, ""BR"": 0.0877, ""GB"": 0.1009, ""DE"": 0.1021}"
2026-03-10,1,46,0.2152,9.3347,"{""US"": 0.4988, ""IN"": 0.2258, ""BR"": 0.0979, ""GB"": 0.1059, ""DE"": 0.0716}"
2026-03-10,4,39,0.1778,8.928,"{""US"": 0.4988, ""IN"": 0.2258, ""BR"": 0.0979, ""GB"": 0.1059, ""DE"": 0.0716}"
2026-03-10,6,66,0.3116,9.2972,"{""US"": 0.4988, ""IN"": 0.2258, ""BR"": 0.0979, ""GB"": 0.1059, ""DE"": 0.0716}"
2026-03-10,7,29,0.1323,8.8051,"{""US"": 0.4988, ""IN"": 0.2258, ""BR"": 0.0979, ""GB"": 0.1059, ""DE"": 0.0716}"
2026-03-10,8,53,0.2529,9.2525,"{""US"": 0.4988, ""IN"": 0.2258, ""BR"": 0.0979, ""GB"": 0.1059, ""DE"": 0.0716}"
2026-03-10,9,40,0.1737,8.8767,"{""US"": 0.4988, ""IN"": 0.2258, ""BR"": 0.0979, ""GB"": 0.1059, ""DE"": 0.0716}"
2026-03-10,10,69,0.3041,8.4149,"{""US"": 0.4988, ""IN"": 0.2258, ""BR"": 0.0979, ""GB"": 0.1059, ""DE"": 0.0716}"
2026-03-10,11,750,3.4062,9.662,"{""US"": 0.4988, ""IN"": 0.2258, ""BR"": 0.0979, ""GB"": 0.1059, ""DE"": 0.0716}"
2026-03-10,12,40,0.1814,8.2262,"{""US"": 0.4988, ""IN"": 0.2258, ""BR"": 0.0979, ""GB"": 0.1059, ""DE"": 0.0716}"
2026-03-10,13,44,0.2126,9.4488,"{""US"": 0.4988, ""IN"": 0.2258, ""BR"": 0.0979, ""GB"": 0.1059, ""DE"": 0.0716}"
2026-03-10,15,29,0.1274,9.2719,"{""US"": 0.4988, ""IN"": 0.2258, ""BR"": 0.0979, ""GB"": 0.1059, ""DE"": 0.0716}"
2026-03-10,17,63,0.0676,3.6988,"{""US"": 0.4988, ""IN"": 0.2258, ""BR"": 0.0979, ""GB"": 0.1059, ""DE"": 0.0716}"
2026-03-10,18,50,0.0569,3.5856,"{""US"": 0.4988, ""IN"": 0.2258, ""BR"": 0.0979, ""GB"": 0.1059, ""DE"": 0.0716}"
2026-03-10,19,59,0.0646,3.5633,"{""US"": 0.4988, ""IN"": 0.2258, ""BR"": 0.0979, ""GB"": 0.1059, ""DE"": 0.0716}"
2026-03-10,20,46,0.0527,3.4472,"{""US"": 0.4988, ""IN"": 0.2258, ""BR"": 0.0979, ""GB"": 0.1059, ""DE"": 0.0716}"
2026-03-10,21,57,0.0571,3.4378,"{""US"": 0.4988, ""IN"": 0.2258, ""BR"": 0.0979, ""GB"": 0.1059, ""DE"": 0.0716}"
2026-03-10,22,69,0.0718,3.2833,"{""US"": 0.4988, ""IN"": 0.2258, ""BR"": 0.0979, ""GB"": 0.1059, ""DE"": 0.0716}"
2026-03-10,23,528,0.6574,3.3217,"{""US"": 0.4988, ""IN"": 0.2258, ""BR"": 0.0979, ""GB"": 0.1059, ""DE"": 0.0716}"
2026-03-10,25,62,0.0715,3.2876,"{""US"": 0.4988, ""IN"": 0.2258, ""BR"": 0.0979, ""GB"": 0.1059, ""DE"": 0.0716}"
2026-03-10,27,65,0.0785,3.48,"{""US"": 0.4988, ""IN"": 0.2258, ""BR"": 0.0979, ""GB"": 0.1059, ""DE"": 0.0716}"
2026-03-10,28,53,0.0558,3.2998,"{""US"": 0.4988, ""IN"": 0.2258, ""BR"": 0.0979, ""GB"": 0.1059, ""DE"": 0.0716}"
2026-03-10,29,61,0.0717,3.3051,"{""US"": 0.4988, ""IN"": 0.2258, ""BR"": 0.0979, ""GB"": 0.1059, ""DE"": 0.0716}"
2026-03-10,31,37,0.0425,3.4393,"{""US"": 0.4988, ""IN"": 0.2258, ""BR"": 0.0979, ""GB"": 0.1059, ""DE"": 0.0716}"
2026-03-10,32,45,0.0474,3.5509,"{""US"": 0.4988, ""IN"": 0.2258, ""BR"": 0.0979, ""GB"": 0.1059, ""DE"": 0.0716}"
2026-03-10,34,247,0.0884,0.5275,"{""US"": 0.4988, ""IN"": 0.2258, ""BR"": 0.0979, ""GB"": 0.1059, ""DE"": 0.0716}"
2026-03-10,35,314,0.1066,0.6264,"{""US"": 0.4988, ""IN"": 0.2258, ""BR"": 0.0979, ""GB"": 0.1059, ""DE"": 0.0716}"
2026-03-10,36,212,0.0734,0.5743,"{""US"": 0.4988, ""IN"": 0.2258, ""BR"": 0.0979, ""GB"": 0.1059, ""DE"": 0.0716}"
2026-03-10,37,234,0.0809,0.5935,"{""US"": 0.4988, ""IN"": 0.2258, ""BR"": 0.0979, ""GB"": 0.1059, ""DE"": 0.0716}"
2026-03-10,42,666,0.2193,0.5769,"{""US"": 0.4988, ""IN"": 0.2258, ""BR"": 0.0979, ""GB"": 0.1059, ""DE"": 0.0716}"
2026-03-10,43,228,0.0784,0.5823,"{""US"": 0.4988, ""IN"": 0.2258, ""BR"": 0.0979, ""GB"": 0.1059, ""DE"": 0.0716}"
2026-03-10,44,669,2.392,6.5325,"{""US"": 0.4988, ""IN"": 0.2258, ""BR"": 0.0979, ""GB"": 0.1059, ""DE"": 0.0716}"
2026-03-10,45,45,0.1539,6.4743,"{""US"": 0.4988, ""IN"": 0.2258, ""BR"": 0.0979, ""GB"": 0.1059, ""DE"": 0.0716}"
2026-03-10,46,545,1.8504,6.5627,"{""US"": 0.4988, ""IN"": 0.2258, ""BR"": 0.0979, ""GB"": 0.1059, ""DE"": 0.0716}"
2026-03-10,47,26,0.0956,6.6313,"{""US"": 0.4988, ""IN"": 0.2258, ""BR"": 0.0979, ""GB"": 0.1059, ""DE"": 0.0716}"
2026-03-10,48,47,0.1712,7.3067,"{""US"": 0.4988, ""IN"": 0.2258, ""BR"": 0.0979, ""GB"": 0.1059, ""DE"": 0.0716}"
2026-03-10,49,23,0.041,3.3932,"{""US"": 0.4988, ""IN"": 0.2258, ""BR"": 0.0979, ""GB"": 0.1059, ""DE"": 0.0716}"
2026-03-10,50,14,0.0229,3.6092,"{""US"": 0.4988, ""IN"": 0.2258, ""BR"": 0.0979, ""GB"": 0.1059, ""DE"": 0.0716}"
2026-03-11,1,50,0.2164,9.5794,"{""US"": 0.5123, ""IN"": 0.1969, ""BR"": 0.0948, ""GB"": 0.0776, ""DE"": 0.1184}"
2026-03-11,4,33,0.1613,9.3419,"{""US"": 0.5123, ""IN"": 0.1969, ""BR"": 0.0948, ""GB"": 0.0776, ""DE"": 0.1184}"
2026-03-11,6,89,0.4215,9.0489,"{""US"": 0.5123, ""IN"": 0.1969, ""BR"": 0.0948, ""GB"": 0.0776, ""DE"": 0.1184}"
2026-03-11,7,31,0.1541,8.5926,"{""US"": 0.5123, ""IN"": 0.1969, ""BR"": 0.0948, ""GB"": 0.0776, ""DE"": 0.1184}"
2026-03-11,8,46,0.2173,9.4537,"{""US"": 0.5123, ""IN"": 0.1969, ""BR"": 0.0948, ""GB"": 0.0776, ""DE"": 0.1184}"
2026-03-11,9,39,0.1896,9.3252,"{""US"": 0.5123, ""IN"": 0.1969, ""BR"": 0.0948, ""GB"": 0.0776, ""DE"": 0.1184}"
2026-03-11,10,47,0.2177,9.3519,"{""US"": 0.5123, ""IN"": 0.1969, ""BR"": 0.0948, ""GB"": 0.0776, ""DE"": 0.1184}"
2026-03-11,11,561,2.697,8.7869,"{""US"": 0.5123, ""IN"": 0.1969, ""BR"": 0.0948, ""GB"": 0.0776, ""DE"": 0.1184}"
2026-03-11,12,32,0.1518,8.9271,"{""US"": 0.5123, ""IN"": 0.1969, ""BR"": 0.0948, ""GB"": 0.0776, ""DE"": 0.1184}"
2026-03-11,13,42,0.1884,9.4726,"{""US"": 0.5123, ""IN"": 0.1969, ""BR"": 0.0948, ""GB"": 0.0776, ""DE"": 0.1184}"
2026-03-11,15,25,0.1194,8.7767,"{""US"": 0.5123, ""IN"": 0.1969, ""BR"": 0.0948, ""GB"": 0.0776, ""DE"": 0.1184}"
2026-03-11,17,47,0.0538,3.1501,"{""US"": 0.5123, ""IN"": 0.1969, ""BR"": 0.0948, ""GB"": 0.0776, ""DE"": 0.1184}"
2026-03-11,18,62,0.0723,3.5258,"{""US"": 0.5123, ""IN"": 0.1969, ""BR"": 0.0948, ""GB"": 0.0776, ""DE"": 0.1184}"
2026-03-11,19,61,0.0698,3.3629,"{""US"": 0.5123, ""IN"": 0.1969, ""BR"": 0.0948, ""GB"": 0.0776, ""DE"": 0.1184}"
2026-03-11,20,86,0.0989,3.3928,"{""US"": 0.5123, ""IN"": 0.1969, ""BR"": 0.0948, ""GB"": 0.0776, ""DE"": 0.1184}"
2026-03-11,21,62,0.0785,3.4851,"{""US"": 0.5123, ""IN"": 0.1969, ""BR"": 0.0948, ""GB"": 0.0776, ""DE"": 0.1184}"
2026-03-11,22,46,0.0561,3.5466,"{""US"": 0.5123, ""IN"": 0.1969, ""BR"": 0.0948, ""GB"": 0.0776, ""DE"": 0.1184}"
2026-03-11,23,559,0.672,3.4346,"{""US"": 0.5123, ""IN"": 0.1969, ""BR"": 0.0948, ""GB"": 0.0776, ""DE"": 0.1184}"
2026-03-11,24,1097,1.1979,3.539,"{""US"": 0.5123, ""IN"": 0.1969, ""BR"": 0.0948, ""GB"": 0.0776, ""DE"": 0.1184}"
2026-03-11,25,69,0.0794,3.4646,"{""US"": 0.5123, ""IN"": 0.1969, ""BR"": 0.0948, ""GB"": 0.0776, ""DE"": 0.1184}"
2026-03-11,27,60,0.0712,3.6557,"{""US"": 0.5123, ""IN"": 0.1969, ""BR"": 0.0948, ""GB"": 0.0776, ""DE"": 0.1184}"
2026-03-11,28,51,0.0628,3.7163,"{""US"": 0.5123, ""IN"": 0.1969, ""BR"": 0.0948, ""GB"": 0.0776, ""DE"": 0.1184}"
2026-03-11,29,81,0.0941,3.6237,"{""US"": 0.5123, ""IN"": 0.1969, ""BR"": 0.0948, ""GB"": 0.0776, ""DE"": 0.1184}"
2026-03-11,31,56,0.0624,3.4124,"{""US"": 0.5123, ""IN"": 0.1969, ""BR"": 0.0948, ""GB"": 0.0776, ""DE"": 0.1184}"
2026-03-11,32,70,0.0794,3.2283,"{""US"": 0.5123, ""IN"": 0.1969, ""BR"": 0.0948, ""GB"": 0.0776, ""DE"": 0.1184}"
2026-03-11,34,216,0.0713,0.5848,"{""US"": 0.5123, ""IN"": 0.1969, ""BR"": 0.0948, ""GB"": 0.0776, ""DE"": 0.1184}"
2026-03-11,35,261,0.0893,0.543,"{""US"": 0.5123, ""IN"": 0.1969, ""BR"": 0.0948, ""GB"": 0.0776, ""DE"": 0.1184}"
2026-03-11,36,245,0.0875,0.6127,"{""US"": 0.5123, ""IN"": 0.1969, ""BR"": 0.0948, ""GB"": 0.0776, ""DE"": 0.1184}"
2026-03-11,37,243,0.0844,0.5526,"{""US"": 0.5123, ""IN"": 0.1969, ""BR"": 0.0948, ""GB"": 0.0776, ""DE"": 0.1184}"
2026-03-11,42,464,0.1637,0.5943,"{""US"": 0.5123, ""IN"": 0.1969, ""BR"": 0.0948, ""GB"": 0.0776, ""DE"": 0.1184}"
2026-03-11,43,295,0.1013,0.5646,"{""US"": 0.5123, ""IN"": 0.1969, ""BR"": 0.0948, ""GB"": 0.0776, ""DE"": 0.1184}"
2026-03-11,44,782,2.792,7.311,"{""US"": 0.5123, ""IN"": 0.1969, ""BR"": 0.0948, ""GB"": 0.0776, ""DE"": 0.1184}"
2026-03-11,45,41,0.1369,7.0354,"{""US"": 0.5123, ""IN"": 0.1969, ""BR"": 0.0948, ""GB"": 0.0776, ""DE"": 0.1184}"
2026-03-11,46,641,2.2592,7.2774,"{""US"": 0.5123, ""IN"": 0.1969, ""BR"": 0.0948, ""GB"": 0.0776, ""DE"": 0.1184}"
2026-03-11,47,36,0.1166,6.9526,"{""US"": 0.5123, ""IN"": 0.1969, ""BR"": 0.0948, ""GB"": 0.0776, ""DE"": 0.1184}"
2026-03-11,48,39,0.1404,7.1088,"{""US"": 0.5123, ""IN"": 0.1969, ""BR"": 0.0948, ""GB"": 0.0776, ""DE"": 0.1184}"
2026-03-11,49,20,0.031,3.7178,"{""US"": 0.5123, ""IN"": 0.1969, ""BR"": 0.0948, ""GB"": 0.0776, ""DE"": 0.1184}"
2026-03-11,50,16,0.0314,3.5368,"{""US"": 0.5123, ""IN"": 0.1969, ""BR"": 0.0948, ""GB"": 0.0776, ""DE"": 0.1184}"
2026-03-12,1,38,0.179,9.7478,"{""US"": 0.5141, ""IN"": 0.1926, ""BR"": 0.0651, ""GB"": 0.0891, ""DE"": 0.1392}"
2026-03-12,4,40,0.1896,9.6945,"{""US"": 0.5141, ""IN"": 0.1926, ""BR"": 0.0651, ""GB"": 0.0891, ""DE"": 0.1392}"
2026-03-12,6,99,0.4964,9.3162,"{""US"": 0.5141, ""IN"": 0.1926, ""BR"": 0.0651, ""GB"": 0.0891, ""DE"": 0.1392}"
2026-03-12,7,36,0.1788,9.3158,"{""US"": 0.5141, ""IN"": 0.1926, ""BR"": 0.0651, ""GB"": 0.0891, ""DE"": 0.1392}"
2026-03-12,8,57,0.2747,10.1583,"{""US"": 0.5141, ""IN"": 0.1926, ""BR"": 0.0651, ""GB"": 0.0891, ""DE"": 0.1392}"
2026-03-12,9,48,0.2403,8.9178,"{""US"": 0.5141, ""IN"": 0.1926, ""BR"": 0.0651, ""GB"": 0.0891, ""DE"": 0.1392}"
2026-03-12,10,52,0.2488,10.0026,"{""US"": 0.5141, ""IN"": 0.1926, ""BR"": 0.0651, ""GB"": 0.0891, ""DE"": 0.1392}"
2026-03-12,11,464,2.2986,9.6912,"{""US"": 0.5141, ""IN"": 0.1926, ""BR"": 0.0651, ""GB"": 0.0891, ""DE"": 0.1392}"
2026-03-12,12,50,0.2636,9.9967,"{""US"": 0.5141, ""IN"": 0.1926, ""BR"": 0.0651, ""GB"": 0.0891, ""DE"": 0.1392}"
2026-03-12,13,34,0.1698,9.7336,"{""US"": 0.5141, ""IN"": 0.1926, ""BR"": 0.0651, ""GB"": 0.0891, ""DE"": 0.1392}"
2026-03-12,15,51,0.2358,8.9558,"{""US"": 0.5141, ""IN"": 0.1926, ""BR"": 0.0651, ""GB"": 0.0891, ""DE"": 0.1392}"
2026-03-12,17,42,0.0496,3.6665,"{""US"": 0.5141, ""IN"": 0.1926, ""BR"": 0.0651, ""GB"": 0.0891, ""DE"": 0.1392}"
2026-03-12,18,52,0.0675,3.3565,"{""US"": 0.5141, ""IN"": 0.1926, ""BR"": 0.0651, ""GB"": 0.0891, ""DE"": 0.1392}"
2026-03-12,19,38,0.0452,3.9107,"{""US"": 0.5141, ""IN"": 0.1926, ""BR"": 0.0651, ""GB"": 0.0891, ""DE"": 0.1392}"
2026-03-12,20,61,0.0754,3.4586,"{""US"": 0.5141, ""IN"": 0.1926, ""BR"": 0.0651, ""GB"": 0.0891, ""DE"": 0.1392}"
2026-03-12,21,47,0.0528,3.8168,"{""US"": 0.5141, ""IN"": 0.1926, ""BR"": 0.0651, ""GB"": 0.0891, ""DE"": 0.1392}"
2026-03-12,22,62,0.0704,3.5629,"{""US"": 0.5141, ""IN"": 0.1926, ""BR"": 0.0651, ""GB"": 0.0891, ""DE"": 0.1392}"
2026-03-12,23,423,0.4754,3.4663,"{""US"": 0.5141, ""IN"": 0.1926, ""BR"": 0.0651, ""GB"": 0.0891, ""DE"": 0.1392}"
2026-03-12,24,895,1.0729,3.5004,"{""US"": 0.5141, ""IN"": 0.1926, ""BR"": 0.0651, ""GB"": 0.0891, ""DE"": 0.1392}"
2026-03-12,25,75,0.0923,3.8209,"{""US"": 0.5141, ""IN"": 0.1926, ""BR"": 0.0651, ""GB"": 0.0891, ""DE"": 0.1392}"
2026-03-12,27,57,0.0691,3.7974,"{""US"": 0.5141, ""IN"": 0.1926, ""BR"": 0.0651, ""GB"": 0.0891, ""DE"": 0.1392}"
2026-03-12,28,43,0.0563,3.4107,"{""US"": 0.5141, ""IN"": 0.1926, ""BR"": 0.0651, ""GB"": 0.0891, ""DE"": 0.1392}"
2026-03-12,29,58,0.0732,3.581,"{""US"": 0.5141, ""IN"": 0.1926, ""BR"": 0.0651, ""GB"": 0.0891, ""DE"": 0.1392}"
2026-03-12,31,70,0.0816,3.3474,"{""US"": 0.5141, ""IN"": 0.1926, ""BR"": 0.0651, ""GB"": 0.0891, ""DE"": 0.1392}"
2026-03-12,32,66,0.0758,3.8737,"{""US"": 0.5141, ""IN"": 0.1926, ""BR"": 0.0651, ""GB"": 0.0891, ""DE"": 0.1392}"
2026-03-12,34,209,0.0712,0.6337,"{""US"": 0.5141, ""IN"": 0.1926, ""BR"": 0.0651, ""GB"": 0.0891, ""DE"": 0.1392}"
2026-03-12,35,293,0.1057,0.5989,"{""US"": 0.5141, ""IN"": 0.1926, ""BR"": 0.0651, ""GB"": 0.0891, ""DE"": 0.1392}"
2026-03-12,36,180,0.0699,0.5428,"{""US"": 0.5141, ""IN"": 0.1926, ""BR"": 0.0651, ""GB"": 0.0891, ""DE"": 0.1392}"
2026-03-12,37,257,0.0962,0.5915,"{""US"": 0.5141, ""IN"": 0.1926, ""BR"": 0.0651, ""GB"": 0.0891, ""DE"": 0.1392}"
2026-03-12,42,568,0.2006,0.563,"{""US"": 0.5141, ""IN"": 0.1926, ""BR"": 0.0651, ""GB"": 0.0891, ""DE"": 0.1392}"
2026-03-12,43,302,0.1113,0.5997,"{""US"": 0.5141, ""IN"": 0.1926, ""BR"": 0.0651, ""GB"": 0.0891, ""DE"": 0.1392}"
2026-03-12,44,451,1.5878,6.321,"{""US"": 0.5141, ""IN"": 0.1926, ""BR"": 0.0651, ""GB"": 0.0891, ""DE"": 0.1392}"
2026-03-12,45,44,0.1631,7.6139,"{""US"": 0.5141, ""IN"": 0.1926, ""BR"": 0.0651, ""GB"": 0.0891, ""DE"": 0.1392}"
2026-03-12,46,555,2.059,7.3562,"{""US"": 0.5141, ""IN"": 0.1926, ""BR"": 0.0651, ""GB"": 0.0891, ""DE"": 0.1392}"
2026-03-12,47,30,0.1103,7.1034,"{""US"": 0.5141, ""IN"": 0.1926, ""BR"": 0.0651, ""GB"": 0.0891, ""DE"": 0.1392}"
2026-03-12,48,36,0.1563,7.769,"{""US"": 0.5141, ""IN"": 0.1926, ""BR"": 0.0651, ""GB"": 0.0891, ""DE"": 0.1392}"
2026-03-12,49,19,0.0353,3.7354,"{""US"": 0.5141, ""IN"": 0.1926, ""BR"": 0.0651, ""GB"": 0.0891, ""DE"": 0.1392}"
2026-03-12,50,26,0.047,3.2927,"{""US"": 0.5141, ""IN"": 0.1926, ""BR"": 0.0651, ""GB"": 0.0891, ""DE"": 0.1392}"
2026-03-13,1,61,0.3042,9.0863,"{""US"": 0.4708, ""IN"": 0.2029, ""BR"": 0.0889, ""GB"": 0.113, ""DE"": 0.1243}"
2026-03-13,4,42,0.1826,9.4826,"{""US"": 0.4708, ""IN"": 0.2029, ""BR"": 0.0889, ""GB"": 0.113, ""DE"": 0.1243}"
2026-03-13,6,60,0.2651,8.678,"{""US"": 0.4708, ""IN"": 0.2029, ""BR"": 0.0889, ""GB"": 0.113, ""DE"": 0.1243}"
2026-03-13,7,35,0.1424,8.78,"{""US"": 0.4708, ""IN"": 0.2029, ""BR"": 0.0889, ""GB"": 0.113, ""DE"": 0.1243}"
2026-03-13,8,43,0.1856,9.3711,"{""US"": 0.4708, ""IN"": 0.2029, ""BR"": 0.0889, ""GB"": 0.113, ""DE"": 0.1243}"
2026-03-13,9,34,0.1561,9.9747,"{""US"": 0.4708, ""IN"": 0.2029, ""BR"": 0.0889, ""GB"": 0.113, ""DE"": 0.1243}"
2026-03-13,10,32,0.1473,10.3867,"{""US"": 0.4708, ""IN"": 0.2029, ""BR"": 0.0889, ""GB"": 0.113, ""DE"": 0.1243}"
2026-03-13,11,505,2.3899,8.9428,"{""US"": 0.4708, ""IN"": 0.2029, ""BR"": 0.0889, ""GB"": 0.113, ""DE"": 0.1243}"
2026-03-13,12,62,0.2915,9.5212,"{""US"": 0.4708, ""IN"": 0.2029, ""BR"": 0.0889, ""GB"": 0.113, ""DE"": 0.1243}"
2026-03-13,13,46,0.2109,9.1909,"{""US"": 0.4708, ""IN"": 0.2029, ""BR"": 0.0889, ""GB"": 0.113, ""DE"": 0.1243}"
2026-03-13,15,38,0.1887,9.0656,"{""US"": 0.4708, ""IN"": 0.2029, ""BR"": 0.0889, ""GB"": 0.113, ""DE"": 0.1243}"
2026-03-13,17,56,0.0701,3.5507,"{""US"": 0.4708, ""IN"": 0.2029, ""BR"": 0.0889, ""GB"": 0.113, ""DE"": 0.1243}"
2026-03-13,18,72,0.0843,3.3894,"{""US"": 0.4708, ""IN"": 0.2029, ""BR"": 0.0889, ""GB"": 0.113, ""DE"": 0.1243}"
2026-03-13,19,73,0.0849,3.3132,"{""US"": 0.4708, ""IN"": 0.2029, ""BR"": 0.0889, ""GB"": 0.113, ""DE"": 0.1243}"
2026-03-13,20,47,0.0561,3.5339,"{""US"": 0.4708, ""IN"": 0.2029, ""BR"": 0.0889, ""GB"": 0.113, ""DE"": 0.1243}"
2026-03-13,21,54,0.0605,3.864,"{""US"": 0.4708, ""IN"": 0.2029, ""BR"": 0.0889, ""GB"": 0.113, ""DE"": 0.1243}"
2026-03-13,22,35,0.0407,3.7483,"{""US"": 0.4708, ""IN"": 0.2029, ""BR"": 0.0889, ""GB"": 0.113, ""DE"": 0.1243}"
2026-03-13,23,334,0.4067,3.5056,"{""US"": 0.4708, ""IN"": 0.2029, ""BR"": 0.0889, ""GB"": 0.113, ""DE"": 0.1243}"
2026-03-13,24,1001,1.1588,3.6581,"{""US"": 0.4708, ""IN"": 0.2029, ""BR"": 0.0889, ""GB"": 0.113, ""DE"": 0.1243}"
2026-03-13,25,86,0.1001,3.6323,"{""US"": 0.4708, ""IN"": 0.2029, ""BR"": 0.0889, ""GB"": 0.113, ""DE"": 0.1243}"
2026-03-13,27,40,0.0448,3.3827,"{""US"": 0.4708, ""IN"": 0.2029, ""BR"": 0.0889, ""GB"": 0.113, ""DE"": 0.1243}"
2026-03-13,28,55,0.0623,3.6538,"{""US"": 0.4708, ""IN"": 0.2029, ""BR"": 0.0889, ""GB"": 0.113, ""DE"": 0.1243}"
2026-03-13,29,62,0.0661,3.5129,"{""US"": 0.4708, ""IN"": 0.2029, ""BR"": 0.0889, ""GB"": 0.113, ""DE"": 0.1243}"
2026-03-13,31,61,0.0704,4.0175,"{""US"": 0.4708, ""IN"": 0.2029, ""BR"": 0.0889, ""GB"": 0.113, ""DE"": 0.1243}"
2026-03-13,32,59,0.0713,3.2268,"{""US"": 0.4708, ""IN"": 0.2029, ""BR"": 0.0889, ""GB"": 0.113, ""DE"": 0.1243}"
2026-03-13,34,200,0.0706,0.5329,"{""US"": 0.4708, ""IN"": 0.2029, ""BR"": 0.0889, ""GB"": 0.113, ""DE"": 0.1243}"
2026-03-13,35,265,0.0922,0.6176,"{""US"": 0.4708, ""IN"": 0.2029, ""BR"": 0.0889, ""GB"": 0.113, ""DE"": 0.1243}"
2026-03-13,36,269,0.0985,0.6012,"{""US"": 0.4708, ""IN"": 0.2029, ""BR"": 0.0889, ""GB"": 0.113, ""DE"": 0.1243}"
2026-03-13,37,260,0.0877,0.5592,"{""US"": 0.4708, ""IN"": 0.2029, ""BR"": 0.0889, ""GB"": 0.113, ""DE"": 0.1243}"
2026-03-13,42,607,0.2115,0.5843,"{""US"": 0.4708, ""IN"": 0.2029, ""BR"": 0.0889, ""GB"": 0.113, ""DE"": 0.1243}"
2026-03-13,43,184,0.063,0.564,"{""US"": 0.4708, ""IN"": 0.2029, ""BR"": 0.0889, ""GB"": 0.113, ""DE"": 0.1243}"
2026-03-13,44,416,1.4013,6.8145,"{""US"": 0.4708, ""IN"": 0.2029, ""BR"": 0.0889, ""GB"": 0.113, ""DE"": 0.1243}"
2026-03-13,45,26,0.0908,7.7134,"{""US"": 0.4708, ""IN"": 0.2029, ""BR"": 0.0889, ""GB"": 0.113, ""DE"": 0.1243}"
2026-03-13,46,653,2.1305,6.9053,"{""US"": 0.4708, ""IN"": 0.2029, ""BR"": 0.0889, ""GB"": 0.113, ""DE"": 0.1243}"
2026-03-13,47,28,0.0944,7.0641,"{""US"": 0.4708, ""IN"": 0.2029, ""BR"": 0.0889, ""GB"": 0.113, ""DE"": 0.1243}"
2026-03-13,48,37,0.1206,6.8905,"{""US"": 0.4708, ""IN"": 0.2029, ""BR"": 0.0889, ""GB"": 0.113, ""DE"": 0.1243}"
2026-03-13,49,19,0.0329,3.4249,"{""US"": 0.4708, ""IN"": 0.2029, ""BR"": 0.0889, ""GB"": 0.113, ""DE"": 0.1243}"
2026-03-13,50,23,0.0377,3.3565,"{""US"": 0.4708, ""IN"": 0.2029, ""BR"": 0.0889, ""GB"": 0.113, ""DE"": 0.1243}"
2026-03-14,1,29,0.1361,9.3372,"{""US"": 0.4661, ""IN"": 0.2, ""BR"": 0.1094, ""GB"": 0.1291, ""DE"": 0.0954}"
2026-03-14,4,49,0.2475,8.8255,"{""US"": 0.4661, ""IN"": 0.2, ""BR"": 0.1094, ""GB"": 0.1291, ""DE"": 0.0954}"
2026-03-14,6,74,0.3306,9.3749,"{""US"": 0.4661, ""IN"": 0.2, ""BR"": 0.1094, ""GB"": 0.1291, ""DE"": 0.0954}"
2026-03-14,7,23,0.1129,8.8358,"{""US"": 0.4661, ""IN"": 0.2, ""BR"": 0.1094, ""GB"": 0.1291, ""DE"": 0.0954}"
2026-03-14,8,28,0.1326,9.7981,"{""US"": 0.4661, ""IN"": 0.2, ""BR"": 0.1094, ""GB"": 0.1291, ""DE"": 0.0954}"
2026-03-14,9,28,0.1248,9.3415,"{""US"": 0.4661, ""IN"": 0.2, ""BR"": 0.1094, ""GB"": 0.1291, ""DE"": 0.0954}"
2026-03-14,10,35,0.17,9.636,"{""US"": 0.4661, ""IN"": 0.2, ""BR"": 0.1094, ""GB"": 0.1291, ""DE"": 0.0954}"
2026-03-14,11,469,2.3222,9.7423,"{""US"": 0.4661, ""IN"": 0.2, ""BR"": 0.1094, ""GB"": 0.1291, ""DE"": 0.0954}"
2026-03-14,12,39,0.1779,9.2479,"{""US"": 0.4661, ""IN"": 0.2, ""BR"": 0.1094, ""GB"": 0.1291, ""DE"": 0.0954}"
2026-03-14,13,49,0.233,9.0038,"{""US"": 0.4661, ""IN"": 0.2, ""BR"": 0.1094, ""GB"": 0.1291, ""DE"": 0.0954}"
2026-03-14,15,41,0.1833,9.1373,"{""US"": 0.4661, ""IN"": 0.2, ""BR"": 0.1094, ""GB"": 0.1291, ""DE"": 0.0954}"
2026-03-14,17,62,0.0744,3.6756,"{""US"": 0.4661, ""IN"": 0.2, ""BR"": 0.1094, ""GB"": 0.1291, ""DE"": 0.0954}"
2026-03-14,18,51,0.0599,3.5408,"{""US"": 0.4661, ""IN"": 0.2, ""BR"": 0.1094, ""GB"": 0.1291, ""DE"": 0.0954}"
2026-03-14,19,35,0.0409,3.2412,"{""US"": 0.4661, ""IN"": 0.2, ""BR"": 0.1094, ""GB"": 0.1291, ""DE"": 0.0954}"
2026-03-14,20,51,0.0642,3.5815,"{""US"": 0.4661, ""IN"": 0.2, ""BR"": 0.1094, ""GB"": 0.1291, ""DE"": 0.0954}"
2026-03-14,21,41,0.043,3.3764,"{""US"": 0.4661, ""IN"": 0.2, ""BR"": 0.1094, ""GB"": 0.1291, ""DE"": 0.0954}"
2026-03-14,22,48,0.0523,3.2698,"{""US"": 0.4661, ""IN"": 0.2, ""BR"": 0.1094, ""GB"": 0.1291, ""DE"": 0.0954}"
2026-03-14,23,345,0.3805,3.5542,"{""US"": 0.4661, ""IN"": 0.2, ""BR"": 0.1094, ""GB"": 0.1291, ""DE"": 0.0954}"
2026-03-14,24,681,0.7741,3.0202,"{""US"": 0.4661, ""IN"": 0.2, ""BR"": 0.1094, ""GB"": 0.1291, ""DE"": 0.0954}"
2026-03-14,25,41,0.0475,3.5286,"{""US"": 0.4661, ""IN"": 0.2, ""BR"": 0.1094, ""GB"": 0.1291, ""DE"": 0.0954}"
2026-03-14,27,38,0.041,3.3873,"{""US"": 0.4661, ""IN"": 0.2, ""BR"": 0.1094, ""GB"": 0.1291, ""DE"": 0.0954}"
2026-03-14,28,56,0.0669,3.2778,"{""US"": 0.4661, ""IN"": 0.2, ""BR"": 0.1094, ""GB"": 0.1291, ""DE"": 0.0954}"
2026-03-14,29,42,0.048,3.6223,"{""US"": 0.4661, ""IN"": 0.2, ""BR"": 0.1094, ""GB"": 0.1291, ""DE"": 0.0954}"
2026-03-14,31,40,0.0435,3.2613,"{""US"": 0.4661, ""IN"": 0.2, ""BR"": 0.1094, ""GB"": 0.1291, ""DE"": 0.0954}"
2026-03-14,32,50,0.0539,3.377,"{""US"": 0.4661, ""IN"": 0.2, ""BR"": 0.1094, ""GB"": 0.1291, ""DE"": 0.0954}"
2026-03-14,34,255,0.0819,0.5603,"{""US"": 0.4661, ""IN"": 0.2, ""BR"": 0.1094, ""GB"": 0.1291, ""DE"": 0.0954}"
2026-03-14,35,190,0.0624,0.5647,"{""US"": 0.4661, ""IN"": 0.2, ""BR"": 0.1094, ""GB"": 0.1291, ""DE"": 0.0954}"
2026-03-14,36,259,0.0813,0.5811,"{""US"": 0.4661, ""IN"": 0.2, ""BR"": 0.1094, ""GB"": 0.1291, ""DE"": 0.0954}"
2026-03-14,37,252,0.0777,0.5735,"{""US"": 0.4661, ""IN"": 0.2, ""BR"": 0.1094, ""GB"": 0.1291, ""DE"": 0.0954}"
2026-03-14,42,377,0.1218,0.5722,"{""US"": 0.4661, ""IN"": 0.2, ""BR"": 0.1094, ""GB"": 0.1291, ""DE"": 0.0954}"
2026-03-14,43,246,0.0823,0.5696,"{""US"": 0.4661, ""IN"": 0.2, ""BR"": 0.1094, ""GB"": 0.1291, ""DE"": 0.0954}"
2026-03-14,44,492,1.5945,6.8425,"{""US"": 0.4661, ""IN"": 0.2, ""BR"": 0.1094, ""GB"": 0.1291, ""DE"": 0.0954}"
2026-03-14,45,30,0.1081,6.8949,"{""US"": 0.4661, ""IN"": 0.2, ""BR"": 0.1094, ""GB"": 0.1291, ""DE"": 0.0954}"
2026-03-14,46,519,1.8149,6.843,"{""US"": 0.4661, ""IN"": 0.2, ""BR"": 0.1094, ""GB"": 0.1291, ""DE"": 0.0954}"
2026-03-14,47,35,0.1265,6.784,"{""US"": 0.4661, ""IN"": 0.2, ""BR"": 0.1094, ""GB"": 0.1291, ""DE"": 0.0954}"
2026-03-14,48,42,0.1463,7.0021,"{""US"": 0.4661, ""IN"": 0.2, ""BR"": 0.1094, ""GB"": 0.1291, ""DE"": 0.0954}"
2026-03-14,49,10,0.0165,3.4198,"{""US"": 0.4661, ""IN"": 0.2, ""BR"": 0.1094, ""GB"": 0.1291, ""DE"": 0.0954}"
2026-03-14,50,16,0.0258,3.3931,"{""US"": 0.4661, ""IN"": 0.2, ""BR"": 0.1094, ""GB"": 0.1291, ""DE"": 0.0954}"
2026-03-15,1,37,0.1591,9.656,"{""US"": 0.5064, ""IN"": 0.1945, ""BR"": 0.0754, ""GB"": 0.1057, ""DE"": 0.118}"
2026-03-15,4,23,0.0974,9.552,"{""US"": 0.5064, ""IN"": 0.1945, ""BR"": 0.0754, ""GB"": 0.1057, ""DE"": 0.118}"
2026-03-15,6,49,0.2131,9.7016,"{""US"": 0.5064, ""IN"": 0.1945, ""BR"": 0.0754, ""GB"": 0.1057, ""DE"": 0.118}"
2026-03-15,7,27,0.1326,9.0657,"{""US"": 0.5064, ""IN"": 0.1945, ""BR"": 0.0754, ""GB"": 0.1057, ""DE"": 0.118}"
2026-03-15,8,23,0.1153,9.8446,"{""US"": 0.5064, ""IN"": 0.1945, ""BR"": 0.0754, ""GB"": 0.1057, ""DE"": 0.118}"
2026-03-15,9,33,0.1591,9.2978,"{""US"": 0.5064, ""IN"": 0.1945, ""BR"": 0.0754, ""GB"": 0.1057, ""DE"": 0.118}"
2026-03-15,10,32,0.1573,8.984,"{""US"": 0.5064, ""IN"": 0.1945, ""BR"": 0.0754, ""GB"": 0.1057, ""DE"": 0.118}"
2026-03-15,11,384,1.6582,9.8484,"{""US"": 0.5064, ""IN"": 0.1945, ""BR"": 0.0754, ""GB"": 0.1057, ""DE"": 0.118}"
2026-03-15,12,36,0.1782,8.8403,"{""US"": 0.5064, ""IN"": 0.1945, ""BR"": 0.0754, ""GB"": 0.1057, ""DE"": 0.118}"
2026-03-15,13,34,0.1565,9.8839,"{""US"": 0.5064, ""IN"": 0.1945, ""BR"": 0.0754, ""GB"": 0.1057, ""DE"": 0.118}"
2026-03-15,15,28,0.1389,9.8267,"{""US"": 0.5064, ""IN"": 0.1945, ""BR"": 0.0754, ""GB"": 0.1057, ""DE"": 0.118}"
2026-03-15,17,56,0.0686,3.6224,"{""US"": 0.5064, ""IN"": 0.1945, ""BR"": 0.0754, ""GB"": 0.1057, ""DE"": 0.118}"
2026-03-15,18,51,0.0543,3.3528,"{""US"": 0.5064, ""IN"": 0.1945, ""BR"": 0.0754, ""GB"": 0.1057, ""DE"": 0.118}"
2026-03-15,19,61,0.0749,3.2232,"{""US"": 0.5064, ""IN"": 0.1945, ""BR"": 0.0754, ""GB"": 0.1057, ""DE"": 0.118}"
2026-03-15,20,48,0.0609,3.701,"{""US"": 0.5064, ""IN"": 0.1945, ""BR"": 0.0754, ""GB"": 0.1057, ""DE"": 0.118}"
2026-03-15,21,30,0.0396,3.6,"{""US"": 0.5064, ""IN"": 0.1945, ""BR"": 0.0754, ""GB"": 0.1057, ""DE"": 0.118}"
2026-03-15,22,51,0.0609,3.6876,"{""US"": 0.5064, ""IN"": 0.1945, ""BR"": 0.0754, ""GB"": 0.1057, ""DE"": 0.118}"
2026-03-15,23,282,0.3287,3.5382,"{""US"": 0.5064, ""IN"": 0.1945, ""BR"": 0.0754, ""GB"": 0.1057, ""DE"": 0.118}"
2026-03-15,24,537,0.657,3.7077,"{""US"": 0.5064, ""IN"": 0.1945, ""BR"": 0.0754, ""GB"": 0.1057, ""DE"": 0.118}"
2026-03-15,25,27,0.0335,3.7932,"{""US"": 0.5064, ""IN"": 0.1945, ""BR"": 0.0754, ""GB"": 0.1057, ""DE"": 0.118}"
2026-03-15,27,57,0.0664,3.5536,"{""US"": 0.5064, ""IN"": 0.1945, ""BR"": 0.0754, ""GB"": 0.1057, ""DE"": 0.118}"
2026-03-15,28,48,0.0573,3.1542,"{""US"": 0.5064, ""IN"": 0.1945, ""BR"": 0.0754, ""GB"": 0.1057, ""DE"": 0.118}"
2026-03-15,29,26,0.0321,3.8813,"{""US"": 0.5064, ""IN"": 0.1945, ""BR"": 0.0754, ""GB"": 0.1057, ""DE"": 0.118}"
2026-03-15,31,49,0.0619,3.5061,"{""US"": 0.5064, ""IN"": 0.1945, ""BR"": 0.0754, ""GB"": 0.1057, ""DE"": 0.118}"
2026-03-15,32,58,0.0654,3.5512,"{""US"": 0.5064, ""IN"": 0.1945, ""BR"": 0.0754, ""GB"": 0.1057, ""DE"": 0.118}"
2026-03-15,34,256,0.0912,0.5971,"{""US"": 0.5064, ""IN"": 0.1945, ""BR"": 0.0754, ""GB"": 0.1057, ""DE"": 0.118}"
2026-03-15,35,266,0.1043,0.5846,"{""US"": 0.5064, ""IN"": 0.1945, ""BR"": 0.0754, ""GB"": 0.1057, ""DE"": 0.118}"
2026-03-15,36,240,0.0892,0.6036,"{""US"": 0.5064, ""IN"": 0.1945, ""BR"": 0.0754, ""GB"": 0.1057, ""DE"": 0.118}"
2026-03-15,37,244,0.0796,0.6069,"{""US"": 0.5064, ""IN"": 0.1945, ""BR"": 0.0754, ""GB"": 0.1057, ""DE"": 0.118}"
2026-03-15,42,329,0.1203,0.6427,"{""US"": 0.5064, ""IN"": 0.1945, ""BR"": 0.0754, ""GB"": 0.1057, ""DE"": 0.118}"
2026-03-15,43,195,0.0657,0.6205,"{""US"": 0.5064, ""IN"": 0.1945, ""BR"": 0.0754, ""GB"": 0.1057, ""DE"": 0.118}"
2026-03-15,44,272,1.0023,6.8799,"{""US"": 0.5064, ""IN"": 0.1945, ""BR"": 0.0754, ""GB"": 0.1057, ""DE"": 0.118}"
2026-03-15,45,30,0.1057,6.6408,"{""US"": 0.5064, ""IN"": 0.1945, ""BR"": 0.0754, ""GB"": 0.1057, ""DE"": 0.118}"
2026-03-15,46,324,1.189,7.5891,"{""US"": 0.5064, ""IN"": 0.1945, ""BR"": 0.0754, ""GB"": 0.1057, ""DE"": 0.118}"
2026-03-15,47,28,0.0991,6.8023,"{""US"": 0.5064, ""IN"": 0.1945, ""BR"": 0.0754, ""GB"": 0.1057, ""DE"": 0.118}"
2026-03-15,48,21,0.078,7.0192,"{""US"": 0.5064, ""IN"": 0.1945, ""BR"": 0.0754, ""GB"": 0.1057, ""DE"": 0.118}"
2026-03-15,49,20,0.0371,3.469,"{""US"": 0.5064, ""IN"": 0.1945, ""BR"": 0.0754, ""GB"": 0.1057, ""DE"": 0.118}"
2026-03-15,50,13,0.0239,3.4759,"{""US"": 0.5064, ""IN"": 0.1945, ""BR"": 0.0754, ""GB"": 0.1057, ""DE"": 0.118}"
2026-03-16,1,40,0.1683,9.1556,"{""US"": 0.486, ""IN"": 0.1783, ""BR"": 0.1199, ""GB"": 0.1037, ""DE"": 0.1121}"
2026-03-16,4,39,0.1878,9.1236,"{""US"": 0.486, ""IN"": 0.1783, ""BR"": 0.1199, ""GB"": 0.1037, ""DE"": 0.1121}"
2026-03-16,6,68,0.3301,10.1663,"{""US"": 0.486, ""IN"": 0.1783, ""BR"": 0.1199, ""GB"": 0.1037, ""DE"": 0.1121}"
2026-03-16,7,54,0.2587,9.9575,"{""US"": 0.486, ""IN"": 0.1783, ""BR"": 0.1199, ""GB"": 0.1037, ""DE"": 0.1121}"
2026-03-16,8,39,0.1877,9.0996,"{""US"": 0.486, ""IN"": 0.1783, ""BR"": 0.1199, ""GB"": 0.1037, ""DE"": 0.1121}"
2026-03-16,9,33,0.1537,8.9365,"{""US"": 0.486, ""IN"": 0.1783, ""BR"": 0.1199, ""GB"": 0.1037, ""DE"": 0.1121}"
2026-03-16,10,30,0.1468,9.7451,"{""US"": 0.486, ""IN"": 0.1783, ""BR"": 0.1199, ""GB"": 0.1037, ""DE"": 0.1121}"
2026-03-16,11,453,2.135,8.8203,"{""US"": 0.486, ""IN"": 0.1783, ""BR"": 0.1199, ""GB"": 0.1037, ""DE"": 0.1121}"
2026-03-16,12,52,0.2289,9.5745,"{""US"": 0.486, ""IN"": 0.1783, ""BR"": 0.1199, ""GB"": 0.1037, ""DE"": 0.1121}"
2026-03-16,13,49,0.2276,9.0529,"{""US"": 0.486, ""IN"": 0.1783, ""BR"": 0.1199, ""GB"": 0.1037, ""DE"": 0.1121}"
2026-03-16,15,38,0.1799,9.3295,"{""US"": 0.486, ""IN"": 0.1783, ""BR"": 0.1199, ""GB"": 0.1037, ""DE"": 0.1121}"
2026-03-16,16,935,1.1173,3.42,"{""US"": 0.486, ""IN"": 0.1783, ""BR"": 0.1199, ""GB"": 0.1037, ""DE"": 0.1121}"
2026-03-16,17,55,0.063,3.3733,"{""US"": 0.486, ""IN"": 0.1783, ""BR"": 0.1199, ""GB"": 0.1037, ""DE"": 0.1121}"
2026-03-16,18,74,0.0861,3.2197,"{""US"": 0.486, ""IN"": 0.1783, ""BR"": 0.1199, ""GB"": 0.1037, ""DE"": 0.1121}"
2026-03-16,19,62,0.0666,3.5513,"{""US"": 0.486, ""IN"": 0.1783, ""BR"": 0.1199, ""GB"": 0.1037, ""DE"": 0.1121}"
2026-03-16,20,42,0.0465,3.3905,"{""US"": 0.486, ""IN"": 0.1783, ""BR"": 0.1199, ""GB"": 0.1037, ""DE"": 0.1121}"
2026-03-16,21,82,0.0913,3.5026,"{""US"": 0.486, ""IN"": 0.1783, ""BR"": 0.1199, ""GB"": 0.1037, ""DE"": 0.1121}"
2026-03-16,22,51,0.063,3.2834,"{""US"": 0.486, ""IN"": 0.1783, ""BR"": 0.1199, ""GB"": 0.1037, ""DE"": 0.1121}"
2026-03-16,23,309,0.3611,3.6052,"{""US"": 0.486, ""IN"": 0.1783, ""BR"": 0.1199, ""GB"": 0.1037, ""DE"": 0.1121}"
2026-03-16,24,996,1.2455,3.5181,"{""US"": 0.486, ""IN"": 0.1783, ""BR"": 0.1199, ""GB"": 0.1037, ""DE"": 0.1121}"
2026-03-16,25,72,0.0777,3.653,"{""US"": 0.486, ""IN"": 0.1783, ""BR"": 0.1199, ""GB"": 0.1037, ""DE"": 0.1121}"
2026-03-16,27,70,0.083,3.6428,"{""US"": 0.486, ""IN"": 0.1783, ""BR"": 0.1199, ""GB"": 0.1037, ""DE"": 0.1121}"
2026-03-16,28,50,0.0662,3.4347,"{""US"": 0.486, ""IN"": 0.1783, ""BR"": 0.1199, ""GB"": 0.1037, ""DE"": 0.1121}"
2026-03-16,29,61,0.0677,3.7758,"{""US"": 0.486, ""IN"": 0.1783, ""BR"": 0.1199, ""GB"": 0.1037, ""DE"": 0.1121}"
2026-03-16,31,46,0.0531,3.674,"{""US"": 0.486, ""IN"": 0.1783, ""BR"": 0.1199, ""GB"": 0.1037, ""DE"": 0.1121}"
2026-03-16,32,48,0.0589,3.4345,"{""US"": 0.486, ""IN"": 0.1783, ""BR"": 0.1199, ""GB"": 0.1037, ""DE"": 0.1121}"
2026-03-16,34,278,0.0986,0.5524,"{""US"": 0.486, ""IN"": 0.1783, ""BR"": 0.1199, ""GB"": 0.1037, ""DE"": 0.1121}"
2026-03-16,35,283,0.0919,0.6265,"{""US"": 0.486, ""IN"": 0.1783, ""BR"": 0.1199, ""GB"": 0.1037, ""DE"": 0.1121}"
2026-03-16,36,213,0.079,0.5678,"{""US"": 0.486, ""IN"": 0.1783, ""BR"": 0.1199, ""GB"": 0.1037, ""DE"": 0.1121}"
2026-03-16,37,195,0.0726,0.5819,"{""US"": 0.486, ""IN"": 0.1783, ""BR"": 0.1199, ""GB"": 0.1037, ""DE"": 0.1121}"
2026-03-16,42,399,0.1385,0.6076,"{""US"": 0.486, ""IN"": 0.1783, ""BR"": 0.1199, ""GB"": 0.1037, ""DE"": 0.1121}"
2026-03-16,43,261,0.0919,0.6204,"{""US"": 0.486, ""IN"": 0.1783, ""BR"": 0.1199, ""GB"": 0.1037, ""DE"": 0.1121}"
2026-03-16,44,411,1.357,6.6856,"{""US"": 0.486, ""IN"": 0.1783, ""BR"": 0.1199, ""GB"": 0.1037, ""DE"": 0.1121}"
2026-03-16,45,31,0.1076,6.9222,"{""US"": 0.486, ""IN"": 0.1783, ""BR"": 0.1199, ""GB"": 0.1037, ""DE"": 0.1121}"
2026-03-16,46,518,1.7705,7.1011,"{""US"": 0.486, ""IN"": 0.1783, ""BR"": 0.1199, ""GB"": 0.1037, ""DE"": 0.1121}"
2026-03-16,47,26,0.0945,6.9791,"{""US"": 0.486, ""IN"": 0.1783, ""BR"": 0.1199, ""GB"": 0.1037, ""DE"": 0.1121}"
2026-03-16,48,49,0.1698,6.7849,"{""US"": 0.486, ""IN"": 0.1783, ""BR"": 0.1199, ""GB"": 0.1037, ""DE"": 0.1121}"
2026-03-16,49,24,0.0414,3.2317,"{""US"": 0.486, ""IN"": 0.1783, ""BR"": 0.1199, ""GB"": 0.1037, ""DE"": 0.1121}"
2026-03-16,50,9,0.0155,3.7368,"{""US"": 0.486, ""IN"": 0.1783, ""BR"": 0.1199, ""GB"": 0.1037, ""DE"": 0.1121}"
2026-03-17,1,38,0.1795,8.9846,"{""US"": 0.5165, ""IN"": 0.1697, ""BR"": 0.1238, ""GB"": 0.1045, ""DE"": 0.0854}"
2026-03-17,4,43,0.1946,9.7956,"{""US"": 0.5165, ""IN"": 0.1697, ""BR"": 0.1238, ""GB"": 0.1045, ""DE"": 0.0854}"
2026-03-17,6,56,0.2517,9.666,"{""US"": 0.5165, ""IN"": 0.1697, ""BR"": 0.1238, ""GB"": 0.1045, ""DE"": 0.0854}"
2026-03-17,7,31,0.159,9.8476,"{""US"": 0.5165, ""IN"": 0.1697, ""BR"": 0.1238, ""GB"": 0.1045, ""DE"": 0.0854}"
2026-03-17,8,33,0.144,9.4144,"{""US"": 0.5165, ""IN"": 0.1697, ""BR"": 0.1238, ""GB"": 0.1045, ""DE"": 0.0854}"
2026-03-17,9,45,0.2195,9.4829,"{""US"": 0.5165, ""IN"": 0.1697, ""BR"": 0.1238, ""GB"": 0.1045, ""DE"": 0.0854}"
2026-03-17,10,44,0.1864,9.0263,"{""US"": 0.5165, ""IN"": 0.1697, ""BR"": 0.1238, ""GB"": 0.1045, ""DE"": 0.0854}"
2026-03-17,11,393,1.8532,9.9569,"{""US"": 0.5165, ""IN"": 0.1697, ""BR"": 0.1238, ""GB"": 0.1045, ""DE"": 0.0854}"
2026-03-17,12,25,0.1183,8.7117,"{""US"": 0.5165, ""IN"": 0.1697, ""BR"": 0.1238, ""GB"": 0.1045, ""DE"": 0.0854}"
2026-03-17,13,33,0.1553,9.2008,"{""US"": 0.5165, ""IN"": 0.1697, ""BR"": 0.1238, ""GB"": 0.1045, ""DE"": 0.0854}"
2026-03-17,15,26,0.1164,9.8376,"{""US"": 0.5165, ""IN"": 0.1697, ""BR"": 0.1238, ""GB"": 0.1045, ""DE"": 0.0854}"
2026-03-17,16,1060,1.2274,3.2156,"{""US"": 0.5165, ""IN"": 0.1697, ""BR"": 0.1238, ""GB"": 0.1045, ""DE"": 0.0854}"
2026-03-17,17,57,0.0663,3.8823,"{""US"": 0.5165, ""IN"": 0.1697, ""BR"": 0.1238, ""GB"": 0.1045, ""DE"": 0.0854}"
2026-03-17,18,53,0.0572,3.4834,"{""US"": 0.5165, ""IN"": 0.1697, ""BR"": 0.1238, ""GB"": 0.1045, ""DE"": 0.0854}"
2026-03-17,19,71,0.08,3.2142,"{""US"": 0.5165, ""IN"": 0.1697, ""BR"": 0.1238, ""GB"": 0.1045, ""DE"": 0.0854}"
2026-03-17,20,60,0.07,3.5286,"{""US"": 0.5165, ""IN"": 0.1697, ""BR"": 0.1238, ""GB"": 0.1045, ""DE"": 0.0854}"
2026-03-17,21,64,0.0807,3.5262,"{""US"": 0.5165, ""IN"": 0.1697, ""BR"": 0.1238, ""GB"": 0.1045, ""DE"": 0.0854}"
2026-03-17,22,52,0.0604,3.4583,"{""US"": 0.5165, ""IN"": 0.1697, ""BR"": 0.1238, ""GB"": 0.1045, ""DE"": 0.0854}"
2026-03-17,23,373,0.4411,3.4951,"{""US"": 0.5165, ""IN"": 0.1697, ""BR"": 0.1238, ""GB"": 0.1045, ""DE"": 0.0854}"
2026-03-17,24,793,0.9155,3.805,"{""US"": 0.5165, ""IN"": 0.1697, ""BR"": 0.1238, ""GB"": 0.1045, ""DE"": 0.0854}"
2026-03-17,25,51,0.0575,3.8661,"{""US"": 0.5165, ""IN"": 0.1697, ""BR"": 0.1238, ""GB"": 0.1045, ""DE"": 0.0854}"
2026-03-17,27,51,0.0596,3.4541,"{""US"": 0.5165, ""IN"": 0.1697, ""BR"": 0.1238, ""GB"": 0.1045, ""DE"": 0.0854}"
2026-03-17,28,73,0.088,3.4896,"{""US"": 0.5165, ""IN"": 0.1697, ""BR"": 0.1238, ""GB"": 0.1045, ""DE"": 0.0854}"
2026-03-17,29,63,0.069,3.6337,"{""US"": 0.5165, ""IN"": 0.1697, ""BR"": 0.1238, ""GB"": 0.1045, ""DE"": 0.0854}"
2026-03-17,31,50,0.0636,3.2027,"{""US"": 0.5165, ""IN"": 0.1697, ""BR"": 0.1238, ""GB"": 0.1045, ""DE"": 0.0854}"
2026-03-17,32,65,0.066,3.3478,"{""US"": 0.5165, ""IN"": 0.1697, ""BR"": 0.1238, ""GB"": 0.1045, ""DE"": 0.0854}"
2026-03-17,34,268,0.0989,0.5996,"{""US"": 0.5165, ""IN"": 0.1697, ""BR"": 0.1238, ""GB"": 0.1045, ""DE"": 0.0854}"
2026-03-17,35,197,0.0673,0.618,"{""US"": 0.5165, ""IN"": 0.1697, ""BR"": 0.1238, ""GB"": 0.1045, ""DE"": 0.0854}"
2026-03-17,36,257,0.0941,0.5369,"{""US"": 0.5165, ""IN"": 0.1697, ""BR"": 0.1238, ""GB"": 0.1045, ""DE"": 0.0854}"
2026-03-17,37,268,0.1006,0.5794,"{""US"": 0.5165, ""IN"": 0.1697, ""BR"": 0.1238, ""GB"": 0.1045, ""DE"": 0.0854}"
2026-03-17,42,439,0.165,0.5858,"{""US"": 0.5165, ""IN"": 0.1697, ""BR"": 0.1238, ""GB"": 0.1045, ""DE"": 0.0854}"
2026-03-17,43,251,0.0849,0.5518,"{""US"": 0.5165, ""IN"": 0.1697, ""BR"": 0.1238, ""GB"": 0.1045, ""DE"": 0.0854}"
2026-03-17,44,490,1.5842,7.4864,"{""US"": 0.5165, ""IN"": 0.1697, ""BR"": 0.1238, ""GB"": 0.1045, ""DE"": 0.0854}"
2026-03-17,45,39,0.1328,7.1427,"{""US"": 0.5165, ""IN"": 0.1697, ""BR"": 0.1238, ""GB"": 0.1045, ""DE"": 0.0854}"
2026-03-17,46,365,1.3544,6.7397,"{""US"": 0.5165, ""IN"": 0.1697, ""BR"": 0.1238, ""GB"": 0.1045, ""DE"": 0.0854}"
2026-03-17,47,36,0.1302,6.6556,"{""US"": 0.5165, ""IN"": 0.1697, ""BR"": 0.1238, ""GB"": 0.1045, ""DE"": 0.0854}"
2026-03-17,48,33,0.1082,6.8935,"{""US"": 0.5165, ""IN"": 0.1697, ""BR"": 0.1238, ""GB"": 0.1045, ""DE"": 0.0854}"
2026-03-17,49,17,0.0304,3.4932,"{""US"": 0.5165, ""IN"": 0.1697, ""BR"": 0.1238, ""GB"": 0.1045, ""DE"": 0.0854}"
2026-03-17,50,15,0.0253,3.673,"{""US"": 0.5165, ""IN"": 0.1697, ""BR"": 0.1238, ""GB"": 0.1045, ""DE"": 0.0854}"
2026-03-18,1,45,0.2104,9.738,"{""US"": 0.4987, ""IN"": 0.1865, ""BR"": 0.1006, ""GB"": 0.1095, ""DE"": 0.1047}"
2026-03-18,2,769,3.7209,9.1313,"{""US"": 0.4987, ""IN"": 0.1865, ""BR"": 0.1006, ""GB"": 0.1095, ""DE"": 0.1047}"
2026-03-18,4,34,0.1663,9.5117,"{""US"": 0.4987, ""IN"": 0.1865, ""BR"": 0.1006, ""GB"": 0.1095, ""DE"": 0.1047}"
2026-03-18,6,30,0.1451,9.9539,"{""US"": 0.4987, ""IN"": 0.1865, ""BR"": 0.1006, ""GB"": 0.1095, ""DE"": 0.1047}"
2026-03-18,7,42,0.2023,9.1935,"{""US"": 0.4987, ""IN"": 0.1865, ""BR"": 0.1006, ""GB"": 0.1095, ""DE"": 0.1047}"
2026-03-18,8,49,0.2259,9.6998,"{""US"": 0.4987, ""IN"": 0.1865, ""BR"": 0.1006, ""GB"": 0.1095, ""DE"": 0.1047}"
2026-03-18,9,34,0.1675,9.0104,"{""US"": 0.4987, ""IN"": 0.1865, ""BR"": 0.1006, ""GB"": 0.1095, ""DE"": 0.1047}"
2026-03-18,10,42,0.1867,9.0569,"{""US"": 0.4987, ""IN"": 0.1865, ""BR"": 0.1006, ""GB"": 0.1095, ""DE"": 0.1047}"
2026-03-18,11,366,1.7087,9.2849,"{""US"": 0.4987, ""IN"": 0.1865, ""BR"": 0.1006, ""GB"": 0.1095, ""DE"": 0.1047}"
2026-03-18,12,34,0.1556,9.7161,"{""US"": 0.4987, ""IN"": 0.1865, ""BR"": 0.1006, ""GB"": 0.1095, ""DE"": 0.1047}"
2026-03-18,13,46,0.1966,9.3254,"{""US"": 0.4987, ""IN"": 0.1865, ""BR"": 0.1006, ""GB"": 0.1095, ""DE"": 0.1047}"
2026-03-18,15,21,0.0935,9.3376,"{""US"": 0.4987, ""IN"": 0.1865, ""BR"": 0.1006, ""GB"": 0.1095, ""DE"": 0.1047}"
2026-03-18,16,1005,1.1591,3.5916,"{""US"": 0.4987, ""IN"": 0.1865, ""BR"": 0.1006, ""GB"": 0.1095, ""DE"": 0.1047}"
2026-03-18,17,77,0.0913,3.588,"{""US"": 0.4987, ""IN"": 0.1865, ""BR"": 0.1006, ""GB"": 0.1095, ""DE"": 0.1047}"
2026-03-18,18,71,0.0861,3.6362,"{""US"": 0.4987, ""IN"": 0.1865, ""BR"": 0.1006, ""GB"": 0.1095, ""DE"": 0.1047}"
2026-03-18,19,49,0.0582,3.3088,"{""US"": 0.4987, ""IN"": 0.1865, ""BR"": 0.1006, ""GB"": 0.1095, ""DE"": 0.1047}"
2026-03-18,20,78,0.0918,3.4698,"{""US"": 0.4987, ""IN"": 0.1865, ""BR"": 0.1006, ""GB"": 0.1095, ""DE"": 0.1047}"
2026-03-18,21,65,0.07,3.6983,"{""US"": 0.4987, ""IN"": 0.1865, ""BR"": 0.1006, ""GB"": 0.1095, ""DE"": 0.1047}"
2026-03-18,22,54,0.0628,3.2716,"{""US"": 0.4987, ""IN"": 0.1865, ""BR"": 0.1006, ""GB"": 0.1095, ""DE"": 0.1047}"
2026-03-18,23,224,0.2622,3.5586,"{""US"": 0.4987, ""IN"": 0.1865, ""BR"": 0.1006, ""GB"": 0.1095, ""DE"": 0.1047}"
2026-03-18,24,752,0.8861,3.7352,"{""US"": 0.4987, ""IN"": 0.1865, ""BR"": 0.1006, ""GB"": 0.1095, ""DE"": 0.1047}"
2026-03-18,25,70,0.0861,3.7307,"{""US"": 0.4987, ""IN"": 0.1865, ""BR"": 0.1006, ""GB"": 0.1095, ""DE"": 0.1047}"
2026-03-18,27,45,0.0537,3.5311,"{""US"": 0.4987, ""IN"": 0.1865, ""BR"": 0.1006, ""GB"": 0.1095, ""DE"": 0.1047}"
2026-03-18,28,62,0.0735,3.5985,"{""US"": 0.4987, ""IN"": 0.1865, ""BR"": 0.1006, ""GB"": 0.1095, ""DE"": 0.1047}"
2026-03-18,29,66,0.0846,3.5802,"{""US"": 0.4987, ""IN"": 0.1865, ""BR"": 0.1006, ""GB"": 0.1095, ""DE"": 0.1047}"
2026-03-18,31,62,0.0728,3.371,"{""US"": 0.4987, ""IN"": 0.1865, ""BR"": 0.1006, ""GB"": 0.1095, ""DE"": 0.1047}"
2026-03-18,32,62,0.0754,3.6066,"{""US"": 0.4987, ""IN"": 0.1865, ""BR"": 0.1006, ""GB"": 0.1095, ""DE"": 0.1047}"
2026-03-18,34,211,0.0688,0.5388,"{""US"": 0.4987, ""IN"": 0.1865, ""BR"": 0.1006, ""GB"": 0.1095, ""DE"": 0.1047}"
2026-03-18,35,236,0.0831,0.5985,"{""US"": 0.4987, ""IN"": 0.1865, ""BR"": 0.1006, ""GB"": 0.1095, ""DE"": 0.1047}"
2026-03-18,36,275,0.0875,0.5537,"{""US"": 0.4987, ""IN"": 0.1865, ""BR"": 0.1006, ""GB"": 0.1095, ""DE"": 0.1047}"
2026-03-18,37,316,0.1039,0.6107,"{""US"": 0.4987, ""IN"": 0.1865, ""BR"": 0.1006, ""GB"": 0.1095, ""DE"": 0.1047}"
2026-03-18,39,4745,1.743,0.5857,"{""US"": 0.4987, ""IN"": 0.1865, ""BR"": 0.1006, ""GB"": 0.1095, ""DE"": 0.1047}"
2026-03-18,42,276,0.0891,0.6316,"{""US"": 0.4987, ""IN"": 0.1865, ""BR"": 0.1006, ""GB"": 0.1095, ""DE"": 0.1047}"
2026-03-18,43,249,0.0887,0.6035,"{""US"": 0.4987, ""IN"": 0.1865, ""BR"": 0.1006, ""GB"": 0.1095, ""DE"": 0.1047}"
2026-03-18,44,500,1.7559,6.7315,"{""US"": 0.4987, ""IN"": 0.1865, ""BR"": 0.1006, ""GB"": 0.1095, ""DE"": 0.1047}"
2026-03-18,45,39,0.1412,7.1737,"{""US"": 0.4987, ""IN"": 0.1865, ""BR"": 0.1006, ""GB"": 0.1095, ""DE"": 0.1047}"
2026-03-18,46,409,1.5388,6.6782,"{""US"": 0.4987, ""IN"": 0.1865, ""BR"": 0.1006, ""GB"": 0.1095, ""DE"": 0.1047}"
2026-03-18,47,30,0.1037,6.6212,"{""US"": 0.4987, ""IN"": 0.1865, ""BR"": 0.1006, ""GB"": 0.1095, ""DE"": 0.1047}"
2026-03-18,48,46,0.1617,6.9604,"{""US"": 0.4987, ""IN"": 0.1865, ""BR"": 0.1006, ""GB"": 0.1095, ""DE"": 0.1047}"
2026-03-18,49,25,0.0431,3.6794,"{""US"": 0.4987, ""IN"": 0.1865, ""BR"": 0.1006, ""GB"": 0.1095, ""DE"": 0.1047}"
2026-03-18,50,17,0.029,3.7528,"{""US"": 0.4987, ""IN"": 0.1865, ""BR"": 0.1006, ""GB"": 0.1095, ""DE"": 0.1047}"
2026-03-19,1,38,0.1831,8.4274,"{""US"": 0.5098, ""IN"": 0.1798, ""BR"": 0.104, ""GB"": 0.1164, ""DE"": 0.0901}"
2026-03-19,2,892,4.403,8.9924,"{""US"": 0.5098, ""IN"": 0.1798, ""BR"": 0.104, ""GB"": 0.1164, ""DE"": 0.0901}"
2026-03-19,4,38,0.1758,8.867,"{""US"": 0.5098, ""IN"": 0.1798, ""BR"": 0.104, ""GB"": 0.1164, ""DE"": 0.0901}"
2026-03-19,6,51,0.2471,9.1471,"{""US"": 0.5098, ""IN"": 0.1798, ""BR"": 0.104, ""GB"": 0.1164, ""DE"": 0.0901}"
2026-03-19,7,36,0.1645,9.311,"{""US"": 0.5098, ""IN"": 0.1798, ""BR"": 0.104, ""GB"": 0.1164, ""DE"": 0.0901}"
2026-03-19,8,39,0.1891,9.7342,"{""US"": 0.5098, ""IN"": 0.1798, ""BR"": 0.104, ""GB"": 0.1164, ""DE"": 0.0901}"
2026-03-19,9,38,0.1686,9.1824,"{""US"": 0.5098, ""IN"": 0.1798, ""BR"": 0.104, ""GB"": 0.1164, ""DE"": 0.0901}"
2026-03-19,10,28,0.144,9.8224,"{""US"": 0.5098, ""IN"": 0.1798, ""BR"": 0.104, ""GB"": 0.1164, ""DE"": 0.0901}"
2026-03-19,11,289,1.3601,9.6462,"{""US"": 0.5098, ""IN"": 0.1798, ""BR"": 0.104, ""GB"": 0.1164, ""DE"": 0.0901}"
2026-03-19,12,40,0.1847,9.6099,"{""US"": 0.5098, ""IN"": 0.1798, ""BR"": 0.104, ""GB"": 0.1164, ""DE"": 0.0901}"
2026-03-19,13,43,0.2113,9.5433,"{""US"": 0.5098, ""IN"": 0.1798, ""BR"": 0.104, ""GB"": 0.1164, ""DE"": 0.0901}"
2026-03-19,15,34,0.1589,10.0146,"{""US"": 0.5098, ""IN"": 0.1798, ""BR"": 0.104, ""GB"": 0.1164, ""DE"": 0.0901}"
2026-03-19,16,899,1.0953,3.3191,"{""US"": 0.5098, ""IN"": 0.1798, ""BR"": 0.104, ""GB"": 0.1164, ""DE"": 0.0901}"
2026-03-19,17,67,0.0798,3.2484,"{""US"": 0.5098, ""IN"": 0.1798, ""BR"": 0.104, ""GB"": 0.1164, ""DE"": 0.0901}"
2026-03-19,18,81,0.0985,3.3308,"{""US"": 0.5098, ""IN"": 0.1798, ""BR"": 0.104, ""GB"": 0.1164, ""DE"": 0.0901}"
2026-03-19,19,65,0.0759,3.7196,"{""US"": 0.5098, ""IN"": 0.1798, ""BR"": 0.104, ""GB"": 0.1164, ""DE"": 0.0901}"
2026-03-19,20,63,0.0744,3.2496,"{""US"": 0.5098, ""IN"": 0.1798, ""BR"": 0.104, ""GB"": 0.1164, ""DE"": 0.0901}"
2026-03-19,21,62,0.0774,3.3874,"{""US"": 0.5098, ""IN"": 0.1798, ""BR"": 0.104, ""GB"": 0.1164, ""DE"": 0.0901}"
2026-03-19,22,58,0.0674,3.8306,"{""US"": 0.5098, ""IN"": 0.1798, ""BR"": 0.104, ""GB"": 0.1164, ""DE"": 0.0901}"
2026-03-19,23,242,0.3157,3.6843,"{""US"": 0.5098, ""IN"": 0.1798, ""BR"": 0.104, ""GB"": 0.1164, ""DE"": 0.0901}"
2026-03-19,24,819,1.0453,3.6196,"{""US"": 0.5098, ""IN"": 0.1798, ""BR"": 0.104, ""GB"": 0.1164, ""DE"": 0.0901}"
2026-03-19,25,67,0.0837,3.684,"{""US"": 0.5098, ""IN"": 0.1798, ""BR"": 0.104, ""GB"": 0.1164, ""DE"": 0.0901}"
2026-03-19,27,42,0.0498,3.4954,"{""US"": 0.5098, ""IN"": 0.1798, ""BR"": 0.104, ""GB"": 0.1164, ""DE"": 0.0901}"
2026-03-19,28,80,0.0952,3.5021,"{""US"": 0.5098, ""IN"": 0.1798, ""BR"": 0.104, ""GB"": 0.1164, ""DE"": 0.0901}"
2026-03-19,29,64,0.0712,3.6191,"{""US"": 0.5098, ""IN"": 0.1798, ""BR"": 0.104, ""GB"": 0.1164, ""DE"": 0.0901}"
2026-03-19,31,66,0.0804,3.5885,"{""US"": 0.5098, ""IN"": 0.1798, ""BR"": 0.104, ""GB"": 0.1164, ""DE"": 0.0901}"
2026-03-19,32,60,0.076,3.5686,"{""US"": 0.5098, ""IN"": 0.1798, ""BR"": 0.104, ""GB"": 0.1164, ""DE"": 0.0901}"
2026-03-19,34,216,0.0808,0.5779,"{""US"": 0.5098, ""IN"": 0.1798, ""BR"": 0.104, ""GB"": 0.1164, ""DE"": 0.0901}"
2026-03-19,35,295,0.1047,0.6021,"{""US"": 0.5098, ""IN"": 0.1798, ""BR"": 0.104, ""GB"": 0.1164, ""DE"": 0.0901}"
2026-03-19,36,214,0.0743,0.5848,"{""US"": 0.5098, ""IN"": 0.1798, ""BR"": 0.104, ""GB"": 0.1164, ""DE"": 0.0901}"
2026-03-19,37,203,0.0762,0.6239,"{""US"": 0.5098, ""IN"": 0.1798, ""BR"": 0.104, ""GB"": 0.1164, ""DE"": 0.0901}"
2026-03-19,39,4473,1.627,0.5766,"{""US"": 0.5098, ""IN"": 0.1798, ""BR"": 0.104, ""GB"": 0.1164, ""DE"": 0.0901}"
2026-03-19,42,344,0.1251,0.5818,"{""US"": 0.5098, ""IN"": 0.1798, ""BR"": 0.104, ""GB"": 0.1164, ""DE"": 0.0901}"
2026-03-19,43,268,0.0952,0.6043,"{""US"": 0.5098, ""IN"": 0.1798, ""BR"": 0.104, ""GB"": 0.1164, ""DE"": 0.0901}"
2026-03-19,44,434,1.4576,7.9943,"{""US"": 0.5098, ""IN"": 0.1798, ""BR"": 0.104, ""GB"": 0.1164, ""DE"": 0.0901}"
2026-03-19,45,24,0.0914,6.6254,"{""US"": 0.5098, ""IN"": 0.1798, ""BR"": 0.104, ""GB"": 0.1164, ""DE"": 0.0901}"
2026-03-19,46,476,1.695,7.4053,"{""US"": 0.5098, ""IN"": 0.1798, ""BR"": 0.104, ""GB"": 0.1164, ""DE"": 0.0901}"
2026-03-19,47,33,0.1185,6.9288,"{""US"": 0.5098, ""IN"": 0.1798, ""BR"": 0.104, ""GB"": 0.1164, ""DE"": 0.0901}"
2026-03-19,48,51,0.1854,7.3278,"{""US"": 0.5098, ""IN"": 0.1798, ""BR"": 0.104, ""GB"": 0.1164, ""DE"": 0.0901}"
2026-03-19,49,16,0.0292,3.989,"{""US"": 0.5098, ""IN"": 0.1798, ""BR"": 0.104, ""GB"": 0.1164, ""DE"": 0.0901}"
2026-03-19,50,16,0.0322,3.6517,"{""US"": 0.5098, ""IN"": 0.1798, ""BR"": 0.104, ""GB"": 0.1164, ""DE"": 0.0901}"
2026-03-20,1,33,0.172,10.1307,"{""US"": 0.5015, ""IN"": 0.1922, ""BR"": 0.0911, ""GB"": 0.1172, ""DE"": 0.098}"
2026-03-20,2,930,4.3219,9.1529,"{""US"": 0.5015, ""IN"": 0.1922, ""BR"": 0.0911, ""GB"": 0.1172, ""DE"": 0.098}"
2026-03-20,4,45,0.2087,9.1065,"{""US"": 0.5015, ""IN"": 0.1922, ""BR"": 0.0911, ""GB"": 0.1172, ""DE"": 0.098}"
2026-03-20,6,39,0.175,9.0553,"{""US"": 0.5015, ""IN"": 0.1922, ""BR"": 0.0911, ""GB"": 0.1172, ""DE"": 0.098}"
2026-03-20,7,44,0.2044,9.0163,"{""US"": 0.5015, ""IN"": 0.1922, ""BR"": 0.0911, ""GB"": 0.1172, ""DE"": 0.098}"
2026-03-20,8,28,0.1313,8.8672,"{""US"": 0.5015, ""IN"": 0.1922, ""BR"": 0.0911, ""GB"": 0.1172, ""DE"": 0.098}"
2026-03-20,9,20,0.0984,9.3368,"{""US"": 0.5015, ""IN"": 0.1922, ""BR"": 0.0911, ""GB"": 0.1172, ""DE"": 0.098}"
2026-03-20,10,47,0.2193,9.8159,"{""US"": 0.5015, ""IN"": 0.1922, ""BR"": 0.0911, ""GB"": 0.1172, ""DE"": 0.098}"
2026-03-20,11,317,1.5828,9.3224,"{""US"": 0.5015, ""IN"": 0.1922, ""BR"": 0.0911, ""GB"": 0.1172, ""DE"": 0.098}"
2026-03-20,12,34,0.1591,9.1353,"{""US"": 0.5015, ""IN"": 0.1922, ""BR"": 0.0911, ""GB"": 0.1172, ""DE"": 0.098}"
2026-03-20,13,49,0.2256,9.3551,"{""US"": 0.5015, ""IN"": 0.1922, ""BR"": 0.0911, ""GB"": 0.1172, ""DE"": 0.098}"
2026-03-20,15,38,0.1887,9.7602,"{""US"": 0.5015, ""IN"": 0.1922, ""BR"": 0.0911, ""GB"": 0.1172, ""DE"": 0.098}"
2026-03-20,16,648,0.7844,3.5076,"{""US"": 0.5015, ""IN"": 0.1922, ""BR"": 0.0911, ""GB"": 0.1172, ""DE"": 0.098}"
2026-03-20,17,69,0.0802,3.5477,"{""US"": 0.5015, ""IN"": 0.1922, ""BR"": 0.0911, ""GB"": 0.1172, ""DE"": 0.098}"
2026-03-20,18,62,0.0752,3.314,"{""US"": 0.5015, ""IN"": 0.1922, ""BR"": 0.0911, ""GB"": 0.1172, ""DE"": 0.098}"
2026-03-20,19,70,0.0807,3.4382,"{""US"": 0.5015, ""IN"": 0.1922, ""BR"": 0.0911, ""GB"": 0.1172, ""DE"": 0.098}"
2026-03-20,20,55,0.065,3.3711,"{""US"": 0.5015, ""IN"": 0.1922, ""BR"": 0.0911, ""GB"": 0.1172, ""DE"": 0.098}"
2026-03-20,21,55,0.0623,3.7137,"{""US"": 0.5015, ""IN"": 0.1922, ""BR"": 0.0911, ""GB"": 0.1172, ""DE"": 0.098}"
2026-03-20,22,60,0.0732,3.5492,"{""US"": 0.5015, ""IN"": 0.1922, ""BR"": 0.0911, ""GB"": 0.1172, ""DE"": 0.098}"
2026-03-20,23,270,0.3078,3.5078,"{""US"": 0.5015, ""IN"": 0.1922, ""BR"": 0.0911, ""GB"": 0.1172, ""DE"": 0.098}"
2026-03-20,24,650,0.8072,3.6326,"{""US"": 0.5015, ""IN"": 0.1922, ""BR"": 0.0911, ""GB"": 0.1172, ""DE"": 0.098}"
2026-03-20,25,39,0.0406,3.6253,"{""US"": 0.5015, ""IN"": 0.1922, ""BR"": 0.0911, ""GB"": 0.1172, ""DE"": 0.098}"
2026-03-20,27,63,0.0776,3.4611,"{""US"": 0.5015, ""IN"": 0.1922, ""BR"": 0.0911, ""GB"": 0.1172, ""DE"": 0.098}"
2026-03-20,28,94,0.1063,3.5076,"{""US"": 0.5015, ""IN"": 0.1922, ""BR"": 0.0911, ""GB"": 0.1172, ""DE"": 0.098}"
2026-03-20,29,79,0.0852,3.5025,"{""US"": 0.5015, ""IN"": 0.1922, ""BR"": 0.0911, ""GB"": 0.1172, ""DE"": 0.098}"
2026-03-20,31,62,0.0723,3.7116,"{""US"": 0.5015, ""IN"": 0.1922, ""BR"": 0.0911, ""GB"": 0.1172, ""DE"": 0.098}"
2026-03-20,32,70,0.0851,3.4855,"{""US"": 0.5015, ""IN"": 0.1922, ""BR"": 0.0911, ""GB"": 0.1172, ""DE"": 0.098}"
2026-03-20,34,261,0.0855,0.5196,"{""US"": 0.5015, ""IN"": 0.1922, ""BR"": 0.0911, ""GB"": 0.1172, ""DE"": 0.098}"
2026-03-20,35,191,0.0681,0.6028,"{""US"": 0.5015, ""IN"": 0.1922, ""BR"": 0.0911, ""GB"": 0.1172, ""DE"": 0.098}"
2026-03-20,36,255,0.0792,0.5824,"{""US"": 0.5015, ""IN"": 0.1922, ""BR"": 0.0911, ""GB"": 0.1172, ""DE"": 0.098}"
2026-03-20,37,176,0.0572,0.5511,"{""US"": 0.5015, ""IN"": 0.1922, ""BR"": 0.0911, ""GB"": 0.1172, ""DE"": 0.098}"
2026-03-20,39,4921,1.7235,0.5643,"{""US"": 0.5015, ""IN"": 0.1922, ""BR"": 0.0911, ""GB"": 0.1172, ""DE"": 0.098}"
2026-03-20,42,332,0.1127,0.6106,"{""US"": 0.5015, ""IN"": 0.1922, ""BR"": 0.0911, ""GB"": 0.1172, ""DE"": 0.098}"
2026-03-20,43,307,0.1162,0.5758,"{""US"": 0.5015, ""IN"": 0.1922, ""BR"": 0.0911, ""GB"": 0.1172, ""DE"": 0.098}"
2026-03-20,44,329,1.1789,7.5586,"{""US"": 0.5015, ""IN"": 0.1922, ""BR"": 0.0911, ""GB"": 0.1172, ""DE"": 0.098}"
2026-03-20,45,36,0.1218,6.7582,"{""US"": 0.5015, ""IN"": 0.1922, ""BR"": 0.0911, ""GB"": 0.1172, ""DE"": 0.098}"
2026-03-20,46,243,0.8223,7.4279,"{""US"": 0.5015, ""IN"": 0.1922, ""BR"": 0.0911, ""GB"": 0.1172, ""DE"": 0.098}"
2026-03-20,47,33,0.1139,7.1731,"{""US"": 0.5015, ""IN"": 0.1922, ""BR"": 0.0911, ""GB"": 0.1172, ""DE"": 0.098}"
2026-03-20,48,37,0.1404,6.7734,"{""US"": 0.5015, ""IN"": 0.1922, ""BR"": 0.0911, ""GB"": 0.1172, ""DE"": 0.098}"
2026-03-20,49,15,0.0282,3.8365,"{""US"": 0.5015, ""IN"": 0.1922, ""BR"": 0.0911, ""GB"": 0.1172, ""DE"": 0.098}"
2026-03-20,50,21,0.0354,3.433,"{""US"": 0.5015, ""IN"": 0.1922, ""BR"": 0.0911, ""GB"": 0.1172, ""DE"": 0.098}"
2026-03-21,1,35,0.1621,9.5659,"{""US"": 0.5214, ""IN"": 0.193, ""BR"": 0.0934, ""GB"": 0.1095, ""DE"": 0.0826}"
2026-03-21,2,628,2.7034,9.7806,"{""US"": 0.5214, ""IN"": 0.193, ""BR"": 0.0934, ""GB"": 0.1095, ""DE"": 0.0826}"
2026-03-21,4,37,0.1757,8.6889,"{""US"": 0.5214, ""IN"": 0.193, ""BR"": 0.0934, ""GB"": 0.1095, ""DE"": 0.0826}"
2026-03-21,6,51,0.2397,9.7151,"{""US"": 0.5214, ""IN"": 0.193, ""BR"": 0.0934, ""GB"": 0.1095, ""DE"": 0.0826}"
2026-03-21,7,32,0.1515,9.5927,"{""US"": 0.5214, ""IN"": 0.193, ""BR"": 0.0934, ""GB"": 0.1095, ""DE"": 0.0826}"
2026-03-21,8,27,0.1289,9.6286,"{""US"": 0.5214, ""IN"": 0.193, ""BR"": 0.0934, ""GB"": 0.1095, ""DE"": 0.0826}"
2026-03-21,9,32,0.1456,9.0459,"{""US"": 0.5214, ""IN"": 0.193, ""BR"": 0.0934, ""GB"": 0.1095, ""DE"": 0.0826}"
2026-03-21,10,21,0.1018,9.6203,"{""US"": 0.5214, ""IN"": 0.193, ""BR"": 0.0934, ""GB"": 0.1095, ""DE"": 0.0826}"
2026-03-21,11,256,1.1319,9.0821,"{""US"": 0.5214, ""IN"": 0.193, ""BR"": 0.0934, ""GB"": 0.1095, ""DE"": 0.0826}"
2026-03-21,12,34,0.1639,9.5688,"{""US"": 0.5214, ""IN"": 0.193, ""BR"": 0.0934, ""GB"": 0.1095, ""DE"": 0.0826}"
2026-03-21,13,38,0.1745,9.5007,"{""US"": 0.5214, ""IN"": 0.193, ""BR"": 0.0934, ""GB"": 0.1095, ""DE"": 0.0826}"
2026-03-21,15,33,0.1605,9.1777,"{""US"": 0.5214, ""IN"": 0.193, ""BR"": 0.0934, ""GB"": 0.1095, ""DE"": 0.0826}"
2026-03-21,16,716,0.8424,3.3073,"{""US"": 0.5214, ""IN"": 0.193, ""BR"": 0.0934, ""GB"": 0.1095, ""DE"": 0.0826}"
2026-03-21,17,50,0.0585,3.6769,"{""US"": 0.5214, ""IN"": 0.193, ""BR"": 0.0934, ""GB"": 0.1095, ""DE"": 0.0826}"
2026-03-21,18,53,0.0674,3.5182,"{""US"": 0.5214, ""IN"": 0.193, ""BR"": 0.0934, ""GB"": 0.1095, ""DE"": 0.0826}"
2026-03-21,19,44,0.0515,3.6358,"{""US"": 0.5214, ""IN"": 0.193, ""BR"": 0.0934, ""GB"": 0.1095, ""DE"": 0.0826}"
2026-03-21,20,58,0.0659,3.6119,"{""US"": 0.5214, ""IN"": 0.193, ""BR"": 0.0934, ""GB"": 0.1095, ""DE"": 0.0826}"
2026-03-21,21,62,0.0775,3.5292,"{""US"": 0.5214, ""IN"": 0.193, ""BR"": 0.0934, ""GB"": 0.1095, ""DE"": 0.0826}"
2026-03-21,22,63,0.0744,3.6129,"{""US"": 0.5214, ""IN"": 0.193, ""BR"": 0.0934, ""GB"": 0.1095, ""DE"": 0.0826}"
2026-03-21,23,239,0.2876,3.2817,"{""US"": 0.5214, ""IN"": 0.193, ""BR"": 0.0934, ""GB"": 0.1095, ""DE"": 0.0826}"
2026-03-21,24,446,0.5055,3.8188,"{""US"": 0.5214, ""IN"": 0.193, ""BR"": 0.0934, ""GB"": 0.1095, ""DE"": 0.0826}"
2026-03-21,25,55,0.064,3.741,"{""US"": 0.5214, ""IN"": 0.193, ""BR"": 0.0934, ""GB"": 0.1095, ""DE"": 0.0826}"
2026-03-21,27,44,0.0525,3.819,"{""US"": 0.5214, ""IN"": 0.193, ""BR"": 0.0934, ""GB"": 0.1095, ""DE"": 0.0826}"
2026-03-21,28,34,0.0393,3.6903,"{""US"": 0.5214, ""IN"": 0.193, ""BR"": 0.0934, ""GB"": 0.1095, ""DE"": 0.0826}"
2026-03-21,29,39,0.0447,3.3499,"{""US"": 0.5214, ""IN"": 0.193, ""BR"": 0.0934, ""GB"": 0.1095, ""DE"": 0.0826}"
2026-03-21,31,46,0.0541,3.7416,"{""US"": 0.5214, ""IN"": 0.193, ""BR"": 0.0934, ""GB"": 0.1095, ""DE"": 0.0826}"
2026-03-21,32,39,0.0477,3.2827,"{""US"": 0.5214, ""IN"": 0.193, ""BR"": 0.0934, ""GB"": 0.1095, ""DE"": 0.0826}"
2026-03-21,34,230,0.08,0.5751,"{""US"": 0.5214, ""IN"": 0.193, ""BR"": 0.0934, ""GB"": 0.1095, ""DE"": 0.0826}"
2026-03-21,35,243,0.0747,0.6195,"{""US"": 0.5214, ""IN"": 0.193, ""BR"": 0.0934, ""GB"": 0.1095, ""DE"": 0.0826}"
2026-03-21,36,261,0.0961,0.555,"{""US"": 0.5214, ""IN"": 0.193, ""BR"": 0.0934, ""GB"": 0.1095, ""DE"": 0.0826}"
2026-03-21,37,232,0.0792,0.691,"{""US"": 0.5214, ""IN"": 0.193, ""BR"": 0.0934, ""GB"": 0.1095, ""DE"": 0.0826}"
2026-03-21,39,3773,1.3615,0.5824,"{""US"": 0.5214, ""IN"": 0.193, ""BR"": 0.0934, ""GB"": 0.1095, ""DE"": 0.0826}"
2026-03-21,42,215,0.0771,0.6101,"{""US"": 0.5214, ""IN"": 0.193, ""BR"": 0.0934, ""GB"": 0.1095, ""DE"": 0.0826}"
2026-03-21,43,171,0.0588,0.5754,"{""US"": 0.5214, ""IN"": 0.193, ""BR"": 0.0934, ""GB"": 0.1095, ""DE"": 0.0826}"
2026-03-21,44,298,1.0706,6.7387,"{""US"": 0.5214, ""IN"": 0.193, ""BR"": 0.0934, ""GB"": 0.1095, ""DE"": 0.0826}"
2026-03-21,45,22,0.075,7.8654,"{""US"": 0.5214, ""IN"": 0.193, ""BR"": 0.0934, ""GB"": 0.1095, ""DE"": 0.0826}"
2026-03-21,46,360,1.2757,7.6461,"{""US"": 0.5214, ""IN"": 0.193, ""BR"": 0.0934, ""GB"": 0.1095, ""DE"": 0.0826}"
2026-03-21,47,45,0.1518,7.0223,"{""US"": 0.5214, ""IN"": 0.193, ""BR"": 0.0934, ""GB"": 0.1095, ""DE"": 0.0826}"
2026-03-21,48,30,0.1122,7.0515,"{""US"": 0.5214, ""IN"": 0.193, ""BR"": 0.0934, ""GB"": 0.1095, ""DE"": 0.0826}"
2026-03-21,49,11,0.0197,3.6042,"{""US"": 0.5214, ""IN"": 0.193, ""BR"": 0.0934, ""GB"": 0.1095, ""DE"": 0.0826}"
2026-03-21,50,17,0.031,3.5152,"{""US"": 0.5214, ""IN"": 0.193, ""BR"": 0.0934, ""GB"": 0.1095, ""DE"": 0.0826}"
2026-03-22,1,50,0.2308,9.4454,"{""US"": 0.4939, ""IN"": 0.1928, ""BR"": 0.107, ""GB"": 0.0894, ""DE"": 0.1168}"
2026-03-22,2,492,1.942,8.8918,"{""US"": 0.4939, ""IN"": 0.1928, ""BR"": 0.107, ""GB"": 0.0894, ""DE"": 0.1168}"
2026-03-22,4,28,0.136,9.6374,"{""US"": 0.4939, ""IN"": 0.1928, ""BR"": 0.107, ""GB"": 0.0894, ""DE"": 0.1168}"
2026-03-22,6,25,0.1119,9.0176,"{""US"": 0.4939, ""IN"": 0.1928, ""BR"": 0.107, ""GB"": 0.0894, ""DE"": 0.1168}"
2026-03-22,7,38,0.182,9.315,"{""US"": 0.4939, ""IN"": 0.1928, ""BR"": 0.107, ""GB"": 0.0894, ""DE"": 0.1168}"
2026-03-22,8,25,0.1237,9.4252,"{""US"": 0.4939, ""IN"": 0.1928, ""BR"": 0.107, ""GB"": 0.0894, ""DE"": 0.1168}"
2026-03-22,9,17,0.0813,8.7036,"{""US"": 0.4939, ""IN"": 0.1928, ""BR"": 0.107, ""GB"": 0.0894, ""DE"": 0.1168}"
2026-03-22,10,40,0.1775,8.7634,"{""US"": 0.4939, ""IN"": 0.1928, ""BR"": 0.107, ""GB"": 0.0894, ""DE"": 0.1168}"
2026-03-22,11,168,0.7509,9.7373,"{""US"": 0.4939, ""IN"": 0.1928, ""BR"": 0.107, ""GB"": 0.0894, ""DE"": 0.1168}"
2026-03-22,12,31,0.1544,9.4678,"{""US"": 0.4939, ""IN"": 0.1928, ""BR"": 0.107, ""GB"": 0.0894, ""DE"": 0.1168}"
2026-03-22,13,39,0.1793,9.368,"{""US"": 0.4939, ""IN"": 0.1928, ""BR"": 0.107, ""GB"": 0.0894, ""DE"": 0.1168}"
2026-03-22,15,37,0.1734,9.2358,"{""US"": 0.4939, ""IN"": 0.1928, ""BR"": 0.107, ""GB"": 0.0894, ""DE"": 0.1168}"
2026-03-22,16,656,0.7446,3.3958,"{""US"": 0.4939, ""IN"": 0.1928, ""BR"": 0.107, ""GB"": 0.0894, ""DE"": 0.1168}"
2026-03-22,17,41,0.0455,3.4086,"{""US"": 0.4939, ""IN"": 0.1928, ""BR"": 0.107, ""GB"": 0.0894, ""DE"": 0.1168}"
2026-03-22,18,39,0.0474,3.6991,"{""US"": 0.4939, ""IN"": 0.1928, ""BR"": 0.107, ""GB"": 0.0894, ""DE"": 0.1168}"
2026-03-22,19,63,0.0755,3.7666,"{""US"": 0.4939, ""IN"": 0.1928, ""BR"": 0.107, ""GB"": 0.0894, ""DE"": 0.1168}"
2026-03-22,20,31,0.0342,3.5858,"{""US"": 0.4939, ""IN"": 0.1928, ""BR"": 0.107, ""GB"": 0.0894, ""DE"": 0.1168}"
2026-03-22,21,50,0.0621,3.5022,"{""US"": 0.4939, ""IN"": 0.1928, ""BR"": 0.107, ""GB"": 0.0894, ""DE"": 0.1168}"
2026-03-22,22,46,0.0537,3.3296,"{""US"": 0.4939, ""IN"": 0.1928, ""BR"": 0.107, ""GB"": 0.0894, ""DE"": 0.1168}"
2026-03-22,23,211,0.2273,3.277,"{""US"": 0.4939, ""IN"": 0.1928, ""BR"": 0.107, ""GB"": 0.0894, ""DE"": 0.1168}"
2026-03-22,24,420,0.458,3.6064,"{""US"": 0.4939, ""IN"": 0.1928, ""BR"": 0.107, ""GB"": 0.0894, ""DE"": 0.1168}"
2026-03-22,25,79,0.0926,3.1426,"{""US"": 0.4939, ""IN"": 0.1928, ""BR"": 0.107, ""GB"": 0.0894, ""DE"": 0.1168}"
2026-03-22,27,53,0.0649,3.5007,"{""US"": 0.4939, ""IN"": 0.1928, ""BR"": 0.107, ""GB"": 0.0894, ""DE"": 0.1168}"
2026-03-22,28,34,0.0439,3.6882,"{""US"": 0.4939, ""IN"": 0.1928, ""BR"": 0.107, ""GB"": 0.0894, ""DE"": 0.1168}"
2026-03-22,29,47,0.0572,3.2605,"{""US"": 0.4939, ""IN"": 0.1928, ""BR"": 0.107, ""GB"": 0.0894, ""DE"": 0.1168}"
2026-03-22,31,33,0.0386,3.6589,"{""US"": 0.4939, ""IN"": 0.1928, ""BR"": 0.107, ""GB"": 0.0894, ""DE"": 0.1168}"
2026-03-22,32,57,0.0638,3.3474,"{""US"": 0.4939, ""IN"": 0.1928, ""BR"": 0.107, ""GB"": 0.0894, ""DE"": 0.1168}"
2026-03-22,34,236,0.0783,0.6339,"{""US"": 0.4939, ""IN"": 0.1928, ""BR"": 0.107, ""GB"": 0.0894, ""DE"": 0.1168}"
2026-03-22,35,174,0.0612,0.6056,"{""US"": 0.4939, ""IN"": 0.1928, ""BR"": 0.107, ""GB"": 0.0894, ""DE"": 0.1168}"
2026-03-22,36,181,0.0616,0.5536,"{""US"": 0.4939, ""IN"": 0.1928, ""BR"": 0.107, ""GB"": 0.0894, ""DE"": 0.1168}"
2026-03-22,37,234,0.076,0.6105,"{""US"": 0.4939, ""IN"": 0.1928, ""BR"": 0.107, ""GB"": 0.0894, ""DE"": 0.1168}"
2026-03-22,39,3158,1.126,0.5792,"{""US"": 0.4939, ""IN"": 0.1928, ""BR"": 0.107, ""GB"": 0.0894, ""DE"": 0.1168}"
2026-03-22,42,183,0.0632,0.5289,"{""US"": 0.4939, ""IN"": 0.1928, ""BR"": 0.107, ""GB"": 0.0894, ""DE"": 0.1168}"
2026-03-22,43,193,0.0736,0.6313,"{""US"": 0.4939, ""IN"": 0.1928, ""BR"": 0.107, ""GB"": 0.0894, ""DE"": 0.1168}"
2026-03-22,44,237,0.7984,7.1489,"{""US"": 0.4939, ""IN"": 0.1928, ""BR"": 0.107, ""GB"": 0.0894, ""DE"": 0.1168}"
2026-03-22,45,36,0.1245,7.0488,"{""US"": 0.4939, ""IN"": 0.1928, ""BR"": 0.107, ""GB"": 0.0894, ""DE"": 0.1168}"
2026-03-22,46,259,0.7873,7.2409,"{""US"": 0.4939, ""IN"": 0.1928, ""BR"": 0.107, ""GB"": 0.0894, ""DE"": 0.1168}"
2026-03-22,47,36,0.1264,7.166,"{""US"": 0.4939, ""IN"": 0.1928, ""BR"": 0.107, ""GB"": 0.0894, ""DE"": 0.1168}"
2026-03-22,48,21,0.0723,6.7445,"{""US"": 0.4939, ""IN"": 0.1928, ""BR"": 0.107, ""GB"": 0.0894, ""DE"": 0.1168}"
2026-03-22,49,16,0.0277,3.5589,"{""US"": 0.4939, ""IN"": 0.1928, ""BR"": 0.107, ""GB"": 0.0894, ""DE"": 0.1168}"
2026-03-22,50,12,0.0196,3.3359,"{""US"": 0.4939, ""IN"": 0.1928, ""BR"": 0.107, ""GB"": 0.0894, ""DE"": 0.1168}"
2026-03-23,1,31,0.1509,9.9024,"{""US"": 0.5601, ""IN"": 0.1816, ""BR"": 0.1057, ""GB"": 0.0904, ""DE"": 0.0622}"
2026-03-23,2,471,2.3702,8.905,"{""US"": 0.5601, ""IN"": 0.1816, ""BR"": 0.1057, ""GB"": 0.0904, ""DE"": 0.0622}"
2026-03-23,4,53,0.2489,8.6296,"{""US"": 0.5601, ""IN"": 0.1816, ""BR"": 0.1057, ""GB"": 0.0904, ""DE"": 0.0622}"
2026-03-23,6,45,0.212,9.7406,"{""US"": 0.5601, ""IN"": 0.1816, ""BR"": 0.1057, ""GB"": 0.0904, ""DE"": 0.0622}"
2026-03-23,7,36,0.1627,9.3068,"{""US"": 0.5601, ""IN"": 0.1816, ""BR"": 0.1057, ""GB"": 0.0904, ""DE"": 0.0622}"
2026-03-23,8,38,0.1647,9.9948,"{""US"": 0.5601, ""IN"": 0.1816, ""BR"": 0.1057, ""GB"": 0.0904, ""DE"": 0.0622}"
2026-03-23,9,47,0.239,9.2608,"{""US"": 0.5601, ""IN"": 0.1816, ""BR"": 0.1057, ""GB"": 0.0904, ""DE"": 0.0622}"
2026-03-23,10,42,0.1949,9.5777,"{""US"": 0.5601, ""IN"": 0.1816, ""BR"": 0.1057, ""GB"": 0.0904, ""DE"": 0.0622}"
2026-03-23,11,264,1.3091,9.3122,"{""US"": 0.5601, ""IN"": 0.1816, ""BR"": 0.1057, ""GB"": 0.0904, ""DE"": 0.0622}"
2026-03-23,12,49,0.2313,10.1117,"{""US"": 0.5601, ""IN"": 0.1816, ""BR"": 0.1057, ""GB"": 0.0904, ""DE"": 0.0622}"
2026-03-23,13,58,0.2671,9.358,"{""US"": 0.5601, ""IN"": 0.1816, ""BR"": 0.1057, ""GB"": 0.0904, ""DE"": 0.0622}"
2026-03-23,15,33,0.1633,9.3979,"{""US"": 0.5601, ""IN"": 0.1816, ""BR"": 0.1057, ""GB"": 0.0904, ""DE"": 0.0622}"
2026-03-23,16,702,0.8332,3.4623,"{""US"": 0.5601, ""IN"": 0.1816, ""BR"": 0.1057, ""GB"": 0.0904, ""DE"": 0.0622}"
2026-03-23,17,59,0.0642,3.2008,"{""US"": 0.5601, ""IN"": 0.1816, ""BR"": 0.1057, ""GB"": 0.0904, ""DE"": 0.0622}"
2026-03-23,18,58,0.0705,3.6276,"{""US"": 0.5601, ""IN"": 0.1816, ""BR"": 0.1057, ""GB"": 0.0904, ""DE"": 0.0622}"
2026-03-23,19,66,0.0796,3.8719,"{""US"": 0.5601, ""IN"": 0.1816, ""BR"": 0.1057, ""GB"": 0.0904, ""DE"": 0.0622}"
2026-03-23,20,53,0.0643,3.4672,"{""US"": 0.5601, ""IN"": 0.1816, ""BR"": 0.1057, ""GB"": 0.0904, ""DE"": 0.0622}"
2026-03-23,21,55,0.0647,3.4524,"{""US"": 0.5601, ""IN"": 0.1816, ""BR"": 0.1057, ""GB"": 0.0904, ""DE"": 0.0622}"
2026-03-23,22,55,0.0626,3.5284,"{""US"": 0.5601, ""IN"": 0.1816, ""BR"": 0.1057, ""GB"": 0.0904, ""DE"": 0.0622}"
2026-03-23,23,214,0.2502,3.5619,"{""US"": 0.5601, ""IN"": 0.1816, ""BR"": 0.1057, ""GB"": 0.0904, ""DE"": 0.0622}"
2026-03-23,24,598,0.6926,3.5644,"{""US"": 0.5601, ""IN"": 0.1816, ""BR"": 0.1057, ""GB"": 0.0904, ""DE"": 0.0622}"
2026-03-23,25,38,0.0471,3.793,"{""US"": 0.5601, ""IN"": 0.1816, ""BR"": 0.1057, ""GB"": 0.0904, ""DE"": 0.0622}"
2026-03-23,27,61,0.0695,3.6594,"{""US"": 0.5601, ""IN"": 0.1816, ""BR"": 0.1057, ""GB"": 0.0904, ""DE"": 0.0622}"
2026-03-23,28,65,0.0751,3.3515,"{""US"": 0.5601, ""IN"": 0.1816, ""BR"": 0.1057, ""GB"": 0.0904, ""DE"": 0.0622}"
2026-03-23,29,70,0.0861,3.5101,"{""US"": 0.5601, ""IN"": 0.1816, ""BR"": 0.1057, ""GB"": 0.0904, ""DE"": 0.0622}"
2026-03-23,31,68,0.0806,3.4487,"{""US"": 0.5601, ""IN"": 0.1816, ""BR"": 0.1057, ""GB"": 0.0904, ""DE"": 0.0622}"
2026-03-23,32,91,0.0966,3.4201,"{""US"": 0.5601, ""IN"": 0.1816, ""BR"": 0.1057, ""GB"": 0.0904, ""DE"": 0.0622}"
2026-03-23,34,213,0.0734,0.5927,"{""US"": 0.5601, ""IN"": 0.1816, ""BR"": 0.1057, ""GB"": 0.0904, ""DE"": 0.0622}"
2026-03-23,35,194,0.0701,0.6015,"{""US"": 0.5601, ""IN"": 0.1816, ""BR"": 0.1057, ""GB"": 0.0904, ""DE"": 0.0622}"
2026-03-23,36,243,0.0759,0.5814,"{""US"": 0.5601, ""IN"": 0.1816, ""BR"": 0.1057, ""GB"": 0.0904, ""DE"": 0.0622}"
2026-03-23,37,258,0.0993,0.5848,"{""US"": 0.5601, ""IN"": 0.1816, ""BR"": 0.1057, ""GB"": 0.0904, ""DE"": 0.0622}"
2026-03-23,39,4208,1.4495,0.5996,"{""US"": 0.5601, ""IN"": 0.1816, ""BR"": 0.1057, ""GB"": 0.0904, ""DE"": 0.0622}"
2026-03-23,42,275,0.0936,0.5543,"{""US"": 0.5601, ""IN"": 0.1816, ""BR"": 0.1057, ""GB"": 0.0904, ""DE"": 0.0622}"
2026-03-23,43,250,0.0832,0.5747,"{""US"": 0.5601, ""IN"": 0.1816, ""BR"": 0.1057, ""GB"": 0.0904, ""DE"": 0.0622}"
2026-03-23,44,272,0.9287,7.3813,"{""US"": 0.5601, ""IN"": 0.1816, ""BR"": 0.1057, ""GB"": 0.0904, ""DE"": 0.0622}"
2026-03-23,45,23,0.0809,7.3755,"{""US"": 0.5601, ""IN"": 0.1816, ""BR"": 0.1057, ""GB"": 0.0904, ""DE"": 0.0622}"
2026-03-23,46,277,0.9812,6.6609,"{""US"": 0.5601, ""IN"": 0.1816, ""BR"": 0.1057, ""GB"": 0.0904, ""DE"": 0.0622}"
2026-03-23,47,31,0.1061,7.0313,"{""US"": 0.5601, ""IN"": 0.1816, ""BR"": 0.1057, ""GB"": 0.0904, ""DE"": 0.0622}"
2026-03-23,48,36,0.1358,6.696,"{""US"": 0.5601, ""IN"": 0.1816, ""BR"": 0.1057, ""GB"": 0.0904, ""DE"": 0.0622}"
2026-03-23,49,17,0.0292,3.3257,"{""US"": 0.5601, ""IN"": 0.1816, ""BR"": 0.1057, ""GB"": 0.0904, ""DE"": 0.0622}"
2026-03-23,50,3,0.0049,3.4428,"{""US"": 0.5601, ""IN"": 0.1816, ""BR"": 0.1057, ""GB"": 0.0904, ""DE"": 0.0622}"
2026-03-24,1,45,0.2104,10.1421,"{""US"": 0.5058, ""IN"": 0.1894, ""BR"": 0.0565, ""GB"": 0.1221, ""DE"": 0.1263}"
2026-03-24,2,458,2.3494,9.4169,"{""US"": 0.5058, ""IN"": 0.1894, ""BR"": 0.0565, ""GB"": 0.1221, ""DE"": 0.1263}"
2026-03-24,4,40,0.2047,10.1602,"{""US"": 0.5058, ""IN"": 0.1894, ""BR"": 0.0565, ""GB"": 0.1221, ""DE"": 0.1263}"
2026-03-24,6,27,0.1321,9.7498,"{""US"": 0.5058, ""IN"": 0.1894, ""BR"": 0.0565, ""GB"": 0.1221, ""DE"": 0.1263}"
2026-03-24,7,36,0.1617,8.8113,"{""US"": 0.5058, ""IN"": 0.1894, ""BR"": 0.0565, ""GB"": 0.1221, ""DE"": 0.1263}"
2026-03-24,8,38,0.1827,9.6732,"{""US"": 0.5058, ""IN"": 0.1894, ""BR"": 0.0565, ""GB"": 0.1221, ""DE"": 0.1263}"
2026-03-24,9,37,0.1589,9.9369,"{""US"": 0.5058, ""IN"": 0.1894, ""BR"": 0.0565, ""GB"": 0.1221, ""DE"": 0.1263}"
2026-03-24,10,34,0.1712,9.2964,"{""US"": 0.5058, ""IN"": 0.1894, ""BR"": 0.0565, ""GB"": 0.1221, ""DE"": 0.1263}"
2026-03-24,11,267,1.2651,9.3767,"{""US"": 0.5058, ""IN"": 0.1894, ""BR"": 0.0565, ""GB"": 0.1221, ""DE"": 0.1263}"
2026-03-24,12,44,0.2058,10.7692,"{""US"": 0.5058, ""IN"": 0.1894, ""BR"": 0.0565, ""GB"": 0.1221, ""DE"": 0.1263}"
2026-03-24,13,23,0.1054,9.477,"{""US"": 0.5058, ""IN"": 0.1894, ""BR"": 0.0565, ""GB"": 0.1221, ""DE"": 0.1263}"
2026-03-24,15,47,0.2297,9.8487,"{""US"": 0.5058, ""IN"": 0.1894, ""BR"": 0.0565, ""GB"": 0.1221, ""DE"": 0.1263}"
2026-03-24,16,430,0.5278,3.406,"{""US"": 0.5058, ""IN"": 0.1894, ""BR"": 0.0565, ""GB"": 0.1221, ""DE"": 0.1263}"
2026-03-24,17,78,0.0999,3.3608,"{""US"": 0.5058, ""IN"": 0.1894, ""BR"": 0.0565, ""GB"": 0.1221, ""DE"": 0.1263}"
2026-03-24,18,65,0.0792,3.7639,"{""US"": 0.5058, ""IN"": 0.1894, ""BR"": 0.0565, ""GB"": 0.1221, ""DE"": 0.1263}"
2026-03-24,19,66,0.0818,3.6318,"{""US"": 0.5058, ""IN"": 0.1894, ""BR"": 0.0565, ""GB"": 0.1221, ""DE"": 0.1263}"
2026-03-24,20,73,0.0842,3.5785,"{""US"": 0.5058, ""IN"": 0.1894, ""BR"": 0.0565, ""GB"": 0.1221, ""DE"": 0.1263}"
2026-03-24,21,61,0.0681,3.8422,"{""US"": 0.5058, ""IN"": 0.1894, ""BR"": 0.0565, ""GB"": 0.1221, ""DE"": 0.1263}"
2026-03-24,22,76,0.095,3.6678,"{""US"": 0.5058, ""IN"": 0.1894, ""BR"": 0.0565, ""GB"": 0.1221, ""DE"": 0.1263}"
2026-03-24,23,167,0.2047,3.4665,"{""US"": 0.5058, ""IN"": 0.1894, ""BR"": 0.0565, ""GB"": 0.1221, ""DE"": 0.1263}"
2026-03-24,24,447,0.5537,3.6835,"{""US"": 0.5058, ""IN"": 0.1894, ""BR"": 0.0565, ""GB"": 0.1221, ""DE"": 0.1263}"
2026-03-24,25,47,0.053,3.6545,"{""US"": 0.5058, ""IN"": 0.1894, ""BR"": 0.0565, ""GB"": 0.1221, ""DE"": 0.1263}"
2026-03-24,27,44,0.056,3.6258,"{""US"": 0.5058, ""IN"": 0.1894, ""BR"": 0.0565, ""GB"": 0.1221, ""DE"": 0.1263}"
2026-03-24,28,69,0.0855,3.5303,"{""US"": 0.5058, ""IN"": 0.1894, ""BR"": 0.0565, ""GB"": 0.1221, ""DE"": 0.1263}"
2026-03-24,29,67,0.0843,3.7169,"{""US"": 0.5058, ""IN"": 0.1894, ""BR"": 0.0565, ""GB"": 0.1221, ""DE"": 0.1263}"
2026-03-24,31,59,0.071,3.7377,"{""US"": 0.5058, ""IN"": 0.1894, ""BR"": 0.0565, ""GB"": 0.1221, ""DE"": 0.1263}"
2026-03-24,32,51,0.065,3.5933,"{""US"": 0.5058, ""IN"": 0.1894, ""BR"": 0.0565, ""GB"": 0.1221, ""DE"": 0.1263}"
2026-03-24,34,209,0.0775,0.587,"{""US"": 0.5058, ""IN"": 0.1894, ""BR"": 0.0565, ""GB"": 0.1221, ""DE"": 0.1263}"
2026-03-24,35,190,0.0693,0.6421,"{""US"": 0.5058, ""IN"": 0.1894, ""BR"": 0.0565, ""GB"": 0.1221, ""DE"": 0.1263}"
2026-03-24,36,316,0.1104,0.5927,"{""US"": 0.5058, ""IN"": 0.1894, ""BR"": 0.0565, ""GB"": 0.1221, ""DE"": 0.1263}"
2026-03-24,37,248,0.0891,0.6086,"{""US"": 0.5058, ""IN"": 0.1894, ""BR"": 0.0565, ""GB"": 0.1221, ""DE"": 0.1263}"
2026-03-24,39,3804,1.4106,0.5856,"{""US"": 0.5058, ""IN"": 0.1894, ""BR"": 0.0565, ""GB"": 0.1221, ""DE"": 0.1263}"
2026-03-24,42,188,0.0676,0.5731,"{""US"": 0.5058, ""IN"": 0.1894, ""BR"": 0.0565, ""GB"": 0.1221, ""DE"": 0.1263}"
2026-03-24,43,321,0.1174,0.6593,"{""US"": 0.5058, ""IN"": 0.1894, ""BR"": 0.0565, ""GB"": 0.1221, ""DE"": 0.1263}"
2026-03-24,44,340,1.3204,7.4984,"{""US"": 0.5058, ""IN"": 0.1894, ""BR"": 0.0565, ""GB"": 0.1221, ""DE"": 0.1263}"
2026-03-24,45,31,0.1113,6.9407,"{""US"": 0.5058, ""IN"": 0.1894, ""BR"": 0.0565, ""GB"": 0.1221, ""DE"": 0.1263}"
2026-03-24,46,243,0.9417,7.3527,"{""US"": 0.5058, ""IN"": 0.1894, ""BR"": 0.0565, ""GB"": 0.1221, ""DE"": 0.1263}"
2026-03-24,47,35,0.1303,7.2472,"{""US"": 0.5058, ""IN"": 0.1894, ""BR"": 0.0565, ""GB"": 0.1221, ""DE"": 0.1263}"
2026-03-24,48,15,0.0529,7.1655,"{""US"": 0.5058, ""IN"": 0.1894, ""BR"": 0.0565, ""GB"": 0.1221, ""DE"": 0.1263}"
2026-03-24,49,19,0.035,3.7979,"{""US"": 0.5058, ""IN"": 0.1894, ""BR"": 0.0565, ""GB"": 0.1221, ""DE"": 0.1263}"
2026-03-24,50,15,0.0261,3.6961,"{""US"": 0.5058, ""IN"": 0.1894, ""BR"": 0.0565, ""GB"": 0.1221, ""DE"": 0.1263}"
2026-03-25,1,50,0.2419,9.2704,"{""US"": 0.4977, ""IN"": 0.1991, ""BR"": 0.0932, ""GB"": 0.122, ""DE"": 0.088}"
2026-03-25,2,546,2.5084,9.1354,"{""US"": 0.4977, ""IN"": 0.1991, ""BR"": 0.0932, ""GB"": 0.122, ""DE"": 0.088}"
2026-03-25,4,48,0.2303,9.9672,"{""US"": 0.4977, ""IN"": 0.1991, ""BR"": 0.0932, ""GB"": 0.122, ""DE"": 0.088}"
2026-03-25,6,34,0.1573,8.4845,"{""US"": 0.4977, ""IN"": 0.1991, ""BR"": 0.0932, ""GB"": 0.122, ""DE"": 0.088}"
2026-03-25,7,51,0.2278,9.6573,"{""US"": 0.4977, ""IN"": 0.1991, ""BR"": 0.0932, ""GB"": 0.122, ""DE"": 0.088}"
2026-03-25,8,45,0.2144,9.3465,"{""US"": 0.4977, ""IN"": 0.1991, ""BR"": 0.0932, ""GB"": 0.122, ""DE"": 0.088}"
2026-03-25,9,37,0.1694,9.4957,"{""US"": 0.4977, ""IN"": 0.1991, ""BR"": 0.0932, ""GB"": 0.122, ""DE"": 0.088}"
2026-03-25,10,34,0.1501,10.3701,"{""US"": 0.4977, ""IN"": 0.1991, ""BR"": 0.0932, ""GB"": 0.122, ""DE"": 0.088}"
2026-03-25,11,165,0.7463,8.7358,"{""US"": 0.4977, ""IN"": 0.1991, ""BR"": 0.0932, ""GB"": 0.122, ""DE"": 0.088}"
2026-03-25,12,31,0.1401,9.1132,"{""US"": 0.4977, ""IN"": 0.1991, ""BR"": 0.0932, ""GB"": 0.122, ""DE"": 0.088}"
2026-03-25,13,56,0.2489,10.2873,"{""US"": 0.4977, ""IN"": 0.1991, ""BR"": 0.0932, ""GB"": 0.122, ""DE"": 0.088}"
2026-03-25,15,36,0.1794,8.7127,"{""US"": 0.4977, ""IN"": 0.1991, ""BR"": 0.0932, ""GB"": 0.122, ""DE"": 0.088}"
2026-03-25,16,579,0.6538,3.6576,"{""US"": 0.4977, ""IN"": 0.1991, ""BR"": 0.0932, ""GB"": 0.122, ""DE"": 0.088}"
2026-03-25,17,75,0.0854,3.7845,"{""US"": 0.4977, ""IN"": 0.1991, ""BR"": 0.0932, ""GB"": 0.122, ""DE"": 0.088}"
2026-03-25,18,44,0.0512,3.6289,"{""US"": 0.4977, ""IN"": 0.1991, ""BR"": 0.0932, ""GB"": 0.122, ""DE"": 0.088}"
2026-03-25,19,57,0.0653,3.5932,"{""US"": 0.4977, ""IN"": 0.1991, ""BR"": 0.0932, ""GB"": 0.122, ""DE"": 0.088}"
2026-03-25,20,63,0.0755,3.6149,"{""US"": 0.4977, ""IN"": 0.1991, ""BR"": 0.0932, ""GB"": 0.122, ""DE"": 0.088}"
2026-03-25,21,64,0.0747,3.4199,"{""US"": 0.4977, ""IN"": 0.1991, ""BR"": 0.0932, ""GB"": 0.122, ""DE"": 0.088}"
2026-03-25,22,72,0.0865,3.2535,"{""US"": 0.4977, ""IN"": 0.1991, ""BR"": 0.0932, ""GB"": 0.122, ""DE"": 0.088}"
2026-03-25,23,186,0.2028,3.4546,"{""US"": 0.4977, ""IN"": 0.1991, ""BR"": 0.0932, ""GB"": 0.122, ""DE"": 0.088}"
2026-03-25,24,423,0.4889,3.6978,"{""US"": 0.4977, ""IN"": 0.1991, ""BR"": 0.0932, ""GB"": 0.122, ""DE"": 0.088}"
2026-03-25,25,54,0.0608,3.3806,"{""US"": 0.4977, ""IN"": 0.1991, ""BR"": 0.0932, ""GB"": 0.122, ""DE"": 0.088}"
2026-03-25,27,54,0.0695,3.6309,"{""US"": 0.4977, ""IN"": 0.1991, ""BR"": 0.0932, ""GB"": 0.122, ""DE"": 0.088}"
2026-03-25,28,63,0.0737,3.7671,"{""US"": 0.4977, ""IN"": 0.1991, ""BR"": 0.0932, ""GB"": 0.122, ""DE"": 0.088}"
2026-03-25,29,51,0.0635,3.3135,"{""US"": 0.4977, ""IN"": 0.1991, ""BR"": 0.0932, ""GB"": 0.122, ""DE"": 0.088}"
2026-03-25,31,52,0.055,3.6818,"{""US"": 0.4977, ""IN"": 0.1991, ""BR"": 0.0932, ""GB"": 0.122, ""DE"": 0.088}"
2026-03-25,32,54,0.0563,3.3929,"{""US"": 0.4977, ""IN"": 0.1991, ""BR"": 0.0932, ""GB"": 0.122, ""DE"": 0.088}"
2026-03-25,34,303,0.1126,0.5658,"{""US"": 0.4977, ""IN"": 0.1991, ""BR"": 0.0932, ""GB"": 0.122, ""DE"": 0.088}"
2026-03-25,35,182,0.0626,0.5617,"{""US"": 0.4977, ""IN"": 0.1991, ""BR"": 0.0932, ""GB"": 0.122, ""DE"": 0.088}"
2026-03-25,36,322,0.1148,0.6279,"{""US"": 0.4977, ""IN"": 0.1991, ""BR"": 0.0932, ""GB"": 0.122, ""DE"": 0.088}"
2026-03-25,37,172,0.061,0.5765,"{""US"": 0.4977, ""IN"": 0.1991, ""BR"": 0.0932, ""GB"": 0.122, ""DE"": 0.088}"
2026-03-25,39,2560,0.8591,0.5783,"{""US"": 0.4977, ""IN"": 0.1991, ""BR"": 0.0932, ""GB"": 0.122, ""DE"": 0.088}"
2026-03-25,42,269,0.1006,0.6339,"{""US"": 0.4977, ""IN"": 0.1991, ""BR"": 0.0932, ""GB"": 0.122, ""DE"": 0.088}"
2026-03-25,43,213,0.0704,0.5177,"{""US"": 0.4977, ""IN"": 0.1991, ""BR"": 0.0932, ""GB"": 0.122, ""DE"": 0.088}"
2026-03-25,44,238,0.8099,7.5035,"{""US"": 0.4977, ""IN"": 0.1991, ""BR"": 0.0932, ""GB"": 0.122, ""DE"": 0.088}"
2026-03-25,45,43,0.1573,6.9469,"{""US"": 0.4977, ""IN"": 0.1991, ""BR"": 0.0932, ""GB"": 0.122, ""DE"": 0.088}"
2026-03-25,46,230,0.8355,6.7942,"{""US"": 0.4977, ""IN"": 0.1991, ""BR"": 0.0932, ""GB"": 0.122, ""DE"": 0.088}"
2026-03-25,47,33,0.1171,7.1221,"{""US"": 0.4977, ""IN"": 0.1991, ""BR"": 0.0932, ""GB"": 0.122, ""DE"": 0.088}"
2026-03-25,48,31,0.1019,7.23,"{""US"": 0.4977, ""IN"": 0.1991, ""BR"": 0.0932, ""GB"": 0.122, ""DE"": 0.088}"
2026-03-25,49,16,0.0301,3.4969,"{""US"": 0.4977, ""IN"": 0.1991, ""BR"": 0.0932, ""GB"": 0.122, ""DE"": 0.088}"
2026-03-25,50,16,0.0303,3.6714,"{""US"": 0.4977, ""IN"": 0.1991, ""BR"": 0.0932, ""GB"": 0.122, ""DE"": 0.088}"
2026-03-26,1,30,0.1432,9.6092,"{""US"": 0.5148, ""IN"": 0.1935, ""BR"": 0.0961, ""GB"": 0.0796, ""DE"": 0.1159}"
2026-03-26,2,492,2.1665,8.9962,"{""US"": 0.5148, ""IN"": 0.1935, ""BR"": 0.0961, ""GB"": 0.0796, ""DE"": 0.1159}"
2026-03-26,4,38,0.1764,8.9078,"{""US"": 0.5148, ""IN"": 0.1935, ""BR"": 0.0961, ""GB"": 0.0796, ""DE"": 0.1159}"
2026-03-26,6,26,0.1189,9.3557,"{""US"": 0.5148, ""IN"": 0.1935, ""BR"": 0.0961, ""GB"": 0.0796, ""DE"": 0.1159}"
2026-03-26,7,30,0.1403,9.3317,"{""US"": 0.5148, ""IN"": 0.1935, ""BR"": 0.0961, ""GB"": 0.0796, ""DE"": 0.1159}"
2026-03-26,8,38,0.1826,9.0433,"{""US"": 0.5148, ""IN"": 0.1935, ""BR"": 0.0961, ""GB"": 0.0796, ""DE"": 0.1159}"
2026-03-26,9,29,0.1427,9.4965,"{""US"": 0.5148, ""IN"": 0.1935, ""BR"": 0.0961, ""GB"": 0.0796, ""DE"": 0.1159}"
2026-03-26,10,45,0.2346,9.897,"{""US"": 0.5148, ""IN"": 0.1935, ""BR"": 0.0961, ""GB"": 0.0796, ""DE"": 0.1159}"
2026-03-26,11,227,1.08,9.512,"{""US"": 0.5148, ""IN"": 0.1935, ""BR"": 0.0961, ""GB"": 0.0796, ""DE"": 0.1159}"
2026-03-26,12,19,0.0822,8.9614,"{""US"": 0.5148, ""IN"": 0.1935, ""BR"": 0.0961, ""GB"": 0.0796, ""DE"": 0.1159}"
2026-03-26,13,34,0.1558,9.5567,"{""US"": 0.5148, ""IN"": 0.1935, ""BR"": 0.0961, ""GB"": 0.0796, ""DE"": 0.1159}"
2026-03-26,15,52,0.2259,9.4319,"{""US"": 0.5148, ""IN"": 0.1935, ""BR"": 0.0961, ""GB"": 0.0796, ""DE"": 0.1159}"
2026-03-26,16,521,0.6599,3.704,"{""US"": 0.5148, ""IN"": 0.1935, ""BR"": 0.0961, ""GB"": 0.0796, ""DE"": 0.1159}"
2026-03-26,17,39,0.0454,3.2605,"{""US"": 0.5148, ""IN"": 0.1935, ""BR"": 0.0961, ""GB"": 0.0796, ""DE"": 0.1159}"
2026-03-26,18,58,0.0701,3.6466,"{""US"": 0.5148, ""IN"": 0.1935, ""BR"": 0.0961, ""GB"": 0.0796, ""DE"": 0.1159}"
2026-03-26,19,46,0.0557,3.4838,"{""US"": 0.5148, ""IN"": 0.1935, ""BR"": 0.0961, ""GB"": 0.0796, ""DE"": 0.1159}"
2026-03-26,20,68,0.078,3.5955,"{""US"": 0.5148, ""IN"": 0.1935, ""BR"": 0.0961, ""GB"": 0.0796, ""DE"": 0.1159}"
2026-03-26,21,39,0.0449,3.4894,"{""US"": 0.5148, ""IN"": 0.1935, ""BR"": 0.0961, ""GB"": 0.0796, ""DE"": 0.1159}"
2026-03-26,22,63,0.0805,3.672,"{""US"": 0.5148, ""IN"": 0.1935, ""BR"": 0.0961, ""GB"": 0.0796, ""DE"": 0.1159}"
2026-03-26,23,127,0.1539,3.8168,"{""US"": 0.5148, ""IN"": 0.1935, ""BR"": 0.0961, ""GB"": 0.0796, ""DE"": 0.1159}"
2026-03-26,24,310,0.3629,3.5203,"{""US"": 0.5148, ""IN"": 0.1935, ""BR"": 0.0961, ""GB"": 0.0796, ""DE"": 0.1159}"
2026-03-26,25,52,0.0613,3.3441,"{""US"": 0.5148, ""IN"": 0.1935, ""BR"": 0.0961, ""GB"": 0.0796, ""DE"": 0.1159}"
2026-03-26,27,53,0.0612,3.775,"{""US"": 0.5148, ""IN"": 0.1935, ""BR"": 0.0961, ""GB"": 0.0796, ""DE"": 0.1159}"
2026-03-26,28,58,0.0746,3.5559,"{""US"": 0.5148, ""IN"": 0.1935, ""BR"": 0.0961, ""GB"": 0.0796, ""DE"": 0.1159}"
2026-03-26,29,45,0.0535,3.6086,"{""US"": 0.5148, ""IN"": 0.1935, ""BR"": 0.0961, ""GB"": 0.0796, ""DE"": 0.1159}"
2026-03-26,31,66,0.0724,3.4363,"{""US"": 0.5148, ""IN"": 0.1935, ""BR"": 0.0961, ""GB"": 0.0796, ""DE"": 0.1159}"
2026-03-26,32,68,0.074,3.6251,"{""US"": 0.5148, ""IN"": 0.1935, ""BR"": 0.0961, ""GB"": 0.0796, ""DE"": 0.1159}"
2026-03-26,34,308,0.104,0.5385,"{""US"": 0.5148, ""IN"": 0.1935, ""BR"": 0.0961, ""GB"": 0.0796, ""DE"": 0.1159}"
2026-03-26,35,280,0.0928,0.5968,"{""US"": 0.5148, ""IN"": 0.1935, ""BR"": 0.0961, ""GB"": 0.0796, ""DE"": 0.1159}"
2026-03-26,36,229,0.0806,0.5793,"{""US"": 0.5148, ""IN"": 0.1935, ""BR"": 0.0961, ""GB"": 0.0796, ""DE"": 0.1159}"
2026-03-26,37,259,0.0855,0.634,"{""US"": 0.5148, ""IN"": 0.1935, ""BR"": 0.0961, ""GB"": 0.0796, ""DE"": 0.1159}"
2026-03-26,39,2669,0.9173,0.5951,"{""US"": 0.5148, ""IN"": 0.1935, ""BR"": 0.0961, ""GB"": 0.0796, ""DE"": 0.1159}"
2026-03-26,42,312,0.1068,0.5374,"{""US"": 0.5148, ""IN"": 0.1935, ""BR"": 0.0961, ""GB"": 0.0796, ""DE"": 0.1159}"
2026-03-26,43,137,0.0487,0.5744,"{""US"": 0.5148, ""IN"": 0.1935, ""BR"": 0.0961, ""GB"": 0.0796, ""DE"": 0.1159}"
2026-03-26,44,215,0.7196,7.1462,"{""US"": 0.5148, ""IN"": 0.1935, ""BR"": 0.0961, ""GB"": 0.0796, ""DE"": 0.1159}"
2026-03-26,45,49,0.1756,6.9112,"{""US"": 0.5148, ""IN"": 0.1935, ""BR"": 0.0961, ""GB"": 0.0796, ""DE"": 0.1159}"
2026-03-26,46,283,0.8382,6.9503,"{""US"": 0.5148, ""IN"": 0.1935, ""BR"": 0.0961, ""GB"": 0.0796, ""DE"": 0.1159}"
2026-03-26,47,38,0.1283,7.2712,"{""US"": 0.5148, ""IN"": 0.1935, ""BR"": 0.0961, ""GB"": 0.0796, ""DE"": 0.1159}"
2026-03-26,48,39,0.1309,7.1917,"{""US"": 0.5148, ""IN"": 0.1935, ""BR"": 0.0961, ""GB"": 0.0796, ""DE"": 0.1159}"
2026-03-26,49,23,0.04,3.3907,"{""US"": 0.5148, ""IN"": 0.1935, ""BR"": 0.0961, ""GB"": 0.0796, ""DE"": 0.1159}"
2026-03-26,50,37,0.0638,3.4253,"{""US"": 0.5148, ""IN"": 0.1935, ""BR"": 0.0961, ""GB"": 0.0796, ""DE"": 0.1159}"
2026-03-27,1,41,0.2017,9.1358,"{""US"": 0.4971, ""IN"": 0.1657, ""BR"": 0.1158, ""GB"": 0.1055, ""DE"": 0.1159}"
2026-03-27,2,504,2.2985,9.1902,"{""US"": 0.4971, ""IN"": 0.1657, ""BR"": 0.1158, ""GB"": 0.1055, ""DE"": 0.1159}"
2026-03-27,4,34,0.1605,8.7207,"{""US"": 0.4971, ""IN"": 0.1657, ""BR"": 0.1158, ""GB"": 0.1055, ""DE"": 0.1159}"
2026-03-27,6,36,0.1932,9.3474,"{""US"": 0.4971, ""IN"": 0.1657, ""BR"": 0.1158, ""GB"": 0.1055, ""DE"": 0.1159}"
2026-03-27,7,36,0.1663,9.1315,"{""US"": 0.4971, ""IN"": 0.1657, ""BR"": 0.1158, ""GB"": 0.1055, ""DE"": 0.1159}"
2026-03-27,8,49,0.239,10.1732,"{""US"": 0.4971, ""IN"": 0.1657, ""BR"": 0.1158, ""GB"": 0.1055, ""DE"": 0.1159}"
2026-03-27,9,38,0.1687,9.5273,"{""US"": 0.4971, ""IN"": 0.1657, ""BR"": 0.1158, ""GB"": 0.1055, ""DE"": 0.1159}"
2026-03-27,10,24,0.1095,9.8316,"{""US"": 0.4971, ""IN"": 0.1657, ""BR"": 0.1158, ""GB"": 0.1055, ""DE"": 0.1159}"
2026-03-27,11,155,0.7927,9.4178,"{""US"": 0.4971, ""IN"": 0.1657, ""BR"": 0.1158, ""GB"": 0.1055, ""DE"": 0.1159}"
2026-03-27,12,41,0.1941,9.3178,"{""US"": 0.4971, ""IN"": 0.1657, ""BR"": 0.1158, ""GB"": 0.1055, ""DE"": 0.1159}"
2026-03-27,13,34,0.1544,9.5443,"{""US"": 0.4971, ""IN"": 0.1657, ""BR"": 0.1158, ""GB"": 0.1055, ""DE"": 0.1159}"
2026-03-27,15,52,0.2372,9.1181,"{""US"": 0.4971, ""IN"": 0.1657, ""BR"": 0.1158, ""GB"": 0.1055, ""DE"": 0.1159}"
2026-03-27,16,528,0.6212,3.4171,"{""US"": 0.4971, ""IN"": 0.1657, ""BR"": 0.1158, ""GB"": 0.1055, ""DE"": 0.1159}"
2026-03-27,17,64,0.0699,3.3041,"{""US"": 0.4971, ""IN"": 0.1657, ""BR"": 0.1158, ""GB"": 0.1055, ""DE"": 0.1159}"
2026-03-27,18,76,0.0899,3.5468,"{""US"": 0.4971, ""IN"": 0.1657, ""BR"": 0.1158, ""GB"": 0.1055, ""DE"": 0.1159}"
2026-03-27,19,42,0.0491,3.7299,"{""US"": 0.4971, ""IN"": 0.1657, ""BR"": 0.1158, ""GB"": 0.1055, ""DE"": 0.1159}"
2026-03-27,20,62,0.0723,3.6786,"{""US"": 0.4971, ""IN"": 0.1657, ""BR"": 0.1158, ""GB"": 0.1055, ""DE"": 0.1159}"
2026-03-27,21,73,0.0953,3.2368,"{""US"": 0.4971, ""IN"": 0.1657, ""BR"": 0.1158, ""GB"": 0.1055, ""DE"": 0.1159}"
2026-03-27,22,61,0.0671,3.2756,"{""US"": 0.4971, ""IN"": 0.1657, ""BR"": 0.1158, ""GB"": 0.1055, ""DE"": 0.1159}"
2026-03-27,23,176,0.2015,3.7685,"{""US"": 0.4971, ""IN"": 0.1657, ""BR"": 0.1158, ""GB"": 0.1055, ""DE"": 0.1159}"
2026-03-27,24,397,0.4544,3.114,"{""US"": 0.4971, ""IN"": 0.1657, ""BR"": 0.1158, ""GB"": 0.1055, ""DE"": 0.1159}"
2026-03-27,25,68,0.0829,3.8589,"{""US"": 0.4971, ""IN"": 0.1657, ""BR"": 0.1158, ""GB"": 0.1055, ""DE"": 0.1159}"
2026-03-27,27,72,0.0912,3.8673,"{""US"": 0.4971, ""IN"": 0.1657, ""BR"": 0.1158, ""GB"": 0.1055, ""DE"": 0.1159}"
2026-03-27,28,85,0.0937,3.7189,"{""US"": 0.4971, ""IN"": 0.1657, ""BR"": 0.1158, ""GB"": 0.1055, ""DE"": 0.1159}"
2026-03-27,29,62,0.0671,3.5825,"{""US"": 0.4971, ""IN"": 0.1657, ""BR"": 0.1158, ""GB"": 0.1055, ""DE"": 0.1159}"
2026-03-27,31,59,0.0679,3.4037,"{""US"": 0.4971, ""IN"": 0.1657, ""BR"": 0.1158, ""GB"": 0.1055, ""DE"": 0.1159}"
2026-03-27,32,83,0.1028,3.7142,"{""US"": 0.4971, ""IN"": 0.1657, ""BR"": 0.1158, ""GB"": 0.1055, ""DE"": 0.1159}"
2026-03-27,34,254,0.0822,0.6849,"{""US"": 0.4971, ""IN"": 0.1657, ""BR"": 0.1158, ""GB"": 0.1055, ""DE"": 0.1159}"
2026-03-27,35,298,0.1115,0.5685,"{""US"": 0.4971, ""IN"": 0.1657, ""BR"": 0.1158, ""GB"": 0.1055, ""DE"": 0.1159}"
2026-03-27,36,270,0.1004,0.5558,"{""US"": 0.4971, ""IN"": 0.1657, ""BR"": 0.1158, ""GB"": 0.1055, ""DE"": 0.1159}"
2026-03-27,37,302,0.1117,0.576,"{""US"": 0.4971, ""IN"": 0.1657, ""BR"": 0.1158, ""GB"": 0.1055, ""DE"": 0.1159}"
2026-03-27,39,3019,1.075,0.55,"{""US"": 0.4971, ""IN"": 0.1657, ""BR"": 0.1158, ""GB"": 0.1055, ""DE"": 0.1159}"
2026-03-27,42,274,0.1069,0.5882,"{""US"": 0.4971, ""IN"": 0.1657, ""BR"": 0.1158, ""GB"": 0.1055, ""DE"": 0.1159}"
2026-03-27,43,287,0.1006,0.5672,"{""US"": 0.4971, ""IN"": 0.1657, ""BR"": 0.1158, ""GB"": 0.1055, ""DE"": 0.1159}"
2026-03-27,44,144,0.5233,7.1,"{""US"": 0.4971, ""IN"": 0.1657, ""BR"": 0.1158, ""GB"": 0.1055, ""DE"": 0.1159}"
2026-03-27,45,27,0.1044,7.1509,"{""US"": 0.4971, ""IN"": 0.1657, ""BR"": 0.1158, ""GB"": 0.1055, ""DE"": 0.1159}"
2026-03-27,46,219,0.7558,7.0943,"{""US"": 0.4971, ""IN"": 0.1657, ""BR"": 0.1158, ""GB"": 0.1055, ""DE"": 0.1159}"
2026-03-27,47,31,0.1063,7.2611,"{""US"": 0.4971, ""IN"": 0.1657, ""BR"": 0.1158, ""GB"": 0.1055, ""DE"": 0.1159}"
2026-03-27,48,37,0.1375,6.8578,"{""US"": 0.4971, ""IN"": 0.1657, ""BR"": 0.1158, ""GB"": 0.1055, ""DE"": 0.1159}"
2026-03-27,49,13,0.0224,3.5518,"{""US"": 0.4971, ""IN"": 0.1657, ""BR"": 0.1158, ""GB"": 0.1055, ""DE"": 0.1159}"
2026-03-27,50,28,0.047,3.8296,"{""US"": 0.4971, ""IN"": 0.1657, ""BR"": 0.1158, ""GB"": 0.1055, ""DE"": 0.1159}"
2026-03-28,1,29,0.1396,9.3585,"{""US"": 0.4666, ""IN"": 0.2202, ""BR"": 0.095, ""GB"": 0.1125, ""DE"": 0.1057}"
2026-03-28,2,469,2.1037,9.2475,"{""US"": 0.4666, ""IN"": 0.2202, ""BR"": 0.095, ""GB"": 0.1125, ""DE"": 0.1057}"
2026-03-28,4,51,0.2301,8.7431,"{""US"": 0.4666, ""IN"": 0.2202, ""BR"": 0.095, ""GB"": 0.1125, ""DE"": 0.1057}"
2026-03-28,6,32,0.1418,9.2501,"{""US"": 0.4666, ""IN"": 0.2202, ""BR"": 0.095, ""GB"": 0.1125, ""DE"": 0.1057}"
2026-03-28,7,35,0.1645,8.91,"{""US"": 0.4666, ""IN"": 0.2202, ""BR"": 0.095, ""GB"": 0.1125, ""DE"": 0.1057}"
2026-03-28,8,35,0.1705,8.9051,"{""US"": 0.4666, ""IN"": 0.2202, ""BR"": 0.095, ""GB"": 0.1125, ""DE"": 0.1057}"
2026-03-28,9,30,0.1333,9.4862,"{""US"": 0.4666, ""IN"": 0.2202, ""BR"": 0.095, ""GB"": 0.1125, ""DE"": 0.1057}"
2026-03-28,10,28,0.1363,8.2313,"{""US"": 0.4666, ""IN"": 0.2202, ""BR"": 0.095, ""GB"": 0.1125, ""DE"": 0.1057}"
2026-03-28,11,121,0.5616,8.8835,"{""US"": 0.4666, ""IN"": 0.2202, ""BR"": 0.095, ""GB"": 0.1125, ""DE"": 0.1057}"
2026-03-28,12,42,0.1994,9.1552,"{""US"": 0.4666, ""IN"": 0.2202, ""BR"": 0.095, ""GB"": 0.1125, ""DE"": 0.1057}"
2026-03-28,13,26,0.1156,9.4416,"{""US"": 0.4666, ""IN"": 0.2202, ""BR"": 0.095, ""GB"": 0.1125, ""DE"": 0.1057}"
2026-03-28,15,44,0.2025,8.7335,"{""US"": 0.4666, ""IN"": 0.2202, ""BR"": 0.095, ""GB"": 0.1125, ""DE"": 0.1057}"
2026-03-28,16,414,0.4789,3.2551,"{""US"": 0.4666, ""IN"": 0.2202, ""BR"": 0.095, ""GB"": 0.1125, ""DE"": 0.1057}"
2026-03-28,17,43,0.0492,3.1259,"{""US"": 0.4666, ""IN"": 0.2202, ""BR"": 0.095, ""GB"": 0.1125, ""DE"": 0.1057}"
2026-03-28,18,55,0.0603,3.2618,"{""US"": 0.4666, ""IN"": 0.2202, ""BR"": 0.095, ""GB"": 0.1125, ""DE"": 0.1057}"
2026-03-28,19,46,0.0511,3.4925,"{""US"": 0.4666, ""IN"": 0.2202, ""BR"": 0.095, ""GB"": 0.1125, ""DE"": 0.1057}"
2026-03-28,20,34,0.041,3.6206,"{""US"": 0.4666, ""IN"": 0.2202, ""BR"": 0.095, ""GB"": 0.1125, ""DE"": 0.1057}"
2026-03-28,21,54,0.0618,3.5636,"{""US"": 0.4666, ""IN"": 0.2202, ""BR"": 0.095, ""GB"": 0.1125, ""DE"": 0.1057}"
2026-03-28,22,48,0.0544,3.5159,"{""US"": 0.4666, ""IN"": 0.2202, ""BR"": 0.095, ""GB"": 0.1125, ""DE"": 0.1057}"
2026-03-28,23,161,0.1706,3.4147,"{""US"": 0.4666, ""IN"": 0.2202, ""BR"": 0.095, ""GB"": 0.1125, ""DE"": 0.1057}"
2026-03-28,24,218,0.2445,3.324,"{""US"": 0.4666, ""IN"": 0.2202, ""BR"": 0.095, ""GB"": 0.1125, ""DE"": 0.1057}"
2026-03-28,25,52,0.0582,3.3089,"{""US"": 0.4666, ""IN"": 0.2202, ""BR"": 0.095, ""GB"": 0.1125, ""DE"": 0.1057}"
2026-03-28,27,44,0.0483,3.3599,"{""US"": 0.4666, ""IN"": 0.2202, ""BR"": 0.095, ""GB"": 0.1125, ""DE"": 0.1057}"
2026-03-28,28,64,0.0755,3.0836,"{""US"": 0.4666, ""IN"": 0.2202, ""BR"": 0.095, ""GB"": 0.1125, ""DE"": 0.1057}"
2026-03-28,29,45,0.051,3.0804,"{""US"": 0.4666, ""IN"": 0.2202, ""BR"": 0.095, ""GB"": 0.1125, ""DE"": 0.1057}"
2026-03-28,30,811,0.9445,3.4175,"{""US"": 0.4666, ""IN"": 0.2202, ""BR"": 0.095, ""GB"": 0.1125, ""DE"": 0.1057}"
2026-03-28,31,62,0.0726,3.2809,"{""US"": 0.4666, ""IN"": 0.2202, ""BR"": 0.095, ""GB"": 0.1125, ""DE"": 0.1057}"
2026-03-28,32,36,0.0421,3.6633,"{""US"": 0.4666, ""IN"": 0.2202, ""BR"": 0.095, ""GB"": 0.1125, ""DE"": 0.1057}"
2026-03-28,34,245,0.0805,0.5445,"{""US"": 0.4666, ""IN"": 0.2202, ""BR"": 0.095, ""GB"": 0.1125, ""DE"": 0.1057}"
2026-03-28,35,278,0.0981,0.601,"{""US"": 0.4666, ""IN"": 0.2202, ""BR"": 0.095, ""GB"": 0.1125, ""DE"": 0.1057}"
2026-03-28,36,207,0.065,0.5566,"{""US"": 0.4666, ""IN"": 0.2202, ""BR"": 0.095, ""GB"": 0.1125, ""DE"": 0.1057}"
2026-03-28,37,198,0.0717,0.545,"{""US"": 0.4666, ""IN"": 0.2202, ""BR"": 0.095, ""GB"": 0.1125, ""DE"": 0.1057}"
2026-03-28,39,2381,0.7812,0.5497,"{""US"": 0.4666, ""IN"": 0.2202, ""BR"": 0.095, ""GB"": 0.1125, ""DE"": 0.1057}"
2026-03-28,42,234,0.0894,0.5966,"{""US"": 0.4666, ""IN"": 0.2202, ""BR"": 0.095, ""GB"": 0.1125, ""DE"": 0.1057}"
2026-03-28,43,165,0.0536,0.5732,"{""US"": 0.4666, ""IN"": 0.2202, ""BR"": 0.095, ""GB"": 0.1125, ""DE"": 0.1057}"
2026-03-28,44,217,0.8133,7.0569,"{""US"": 0.4666, ""IN"": 0.2202, ""BR"": 0.095, ""GB"": 0.1125, ""DE"": 0.1057}"
2026-03-28,45,38,0.1295,6.8556,"{""US"": 0.4666, ""IN"": 0.2202, ""BR"": 0.095, ""GB"": 0.1125, ""DE"": 0.1057}"
2026-03-28,46,128,0.4311,6.0087,"{""US"": 0.4666, ""IN"": 0.2202, ""BR"": 0.095, ""GB"": 0.1125, ""DE"": 0.1057}"
2026-03-28,47,28,0.098,6.8922,"{""US"": 0.4666, ""IN"": 0.2202, ""BR"": 0.095, ""GB"": 0.1125, ""DE"": 0.1057}"
2026-03-28,48,28,0.0922,6.8203,"{""US"": 0.4666, ""IN"": 0.2202, ""BR"": 0.095, ""GB"": 0.1125, ""DE"": 0.1057}"
2026-03-28,49,22,0.0353,3.4362,"{""US"": 0.4666, ""IN"": 0.2202, ""BR"": 0.095, ""GB"": 0.1125, ""DE"": 0.1057}"
2026-03-28,50,13,0.0209,3.225,"{""US"": 0.4666, ""IN"": 0.2202, ""BR"": 0.095, ""GB"": 0.1125, ""DE"": 0.1057}"
2026-03-29,1,27,0.1313,9.1557,"{""US"": 0.4977, ""IN"": 0.2003, ""BR"": 0.1255, ""GB"": 0.0938, ""DE"": 0.0827}"
2026-03-29,2,351,1.5721,9.4793,"{""US"": 0.4977, ""IN"": 0.2003, ""BR"": 0.1255, ""GB"": 0.0938, ""DE"": 0.0827}"
2026-03-29,4,36,0.1734,10.0939,"{""US"": 0.4977, ""IN"": 0.2003, ""BR"": 0.1255, ""GB"": 0.0938, ""DE"": 0.0827}"
2026-03-29,6,34,0.1628,9.6422,"{""US"": 0.4977, ""IN"": 0.2003, ""BR"": 0.1255, ""GB"": 0.0938, ""DE"": 0.0827}"
2026-03-29,7,29,0.1312,8.7487,"{""US"": 0.4977, ""IN"": 0.2003, ""BR"": 0.1255, ""GB"": 0.0938, ""DE"": 0.0827}"
2026-03-29,8,35,0.1572,9.1332,"{""US"": 0.4977, ""IN"": 0.2003, ""BR"": 0.1255, ""GB"": 0.0938, ""DE"": 0.0827}"
2026-03-29,9,32,0.1446,8.8095,"{""US"": 0.4977, ""IN"": 0.2003, ""BR"": 0.1255, ""GB"": 0.0938, ""DE"": 0.0827}"
2026-03-29,10,22,0.1005,9.2956,"{""US"": 0.4977, ""IN"": 0.2003, ""BR"": 0.1255, ""GB"": 0.0938, ""DE"": 0.0827}"
2026-03-29,11,154,0.7202,10.3621,"{""US"": 0.4977, ""IN"": 0.2003, ""BR"": 0.1255, ""GB"": 0.0938, ""DE"": 0.0827}"
2026-03-29,12,43,0.1789,9.2348,"{""US"": 0.4977, ""IN"": 0.2003, ""BR"": 0.1255, ""GB"": 0.0938, ""DE"": 0.0827}"
2026-03-29,13,38,0.1758,9.0718,"{""US"": 0.4977, ""IN"": 0.2003, ""BR"": 0.1255, ""GB"": 0.0938, ""DE"": 0.0827}"
2026-03-29,15,42,0.1826,9.1362,"{""US"": 0.4977, ""IN"": 0.2003, ""BR"": 0.1255, ""GB"": 0.0938, ""DE"": 0.0827}"
2026-03-29,16,471,0.5454,3.3996,"{""US"": 0.4977, ""IN"": 0.2003, ""BR"": 0.1255, ""GB"": 0.0938, ""DE"": 0.0827}"
2026-03-29,17,60,0.0689,3.1595,"{""US"": 0.4977, ""IN"": 0.2003, ""BR"": 0.1255, ""GB"": 0.0938, ""DE"": 0.0827}"
2026-03-29,18,52,0.0551,3.2804,"{""US"": 0.4977, ""IN"": 0.2003, ""BR"": 0.1255, ""GB"": 0.0938, ""DE"": 0.0827}"
2026-03-29,19,66,0.0695,3.5298,"{""US"": 0.4977, ""IN"": 0.2003, ""BR"": 0.1255, ""GB"": 0.0938, ""DE"": 0.0827}"
2026-03-29,20,51,0.0583,3.7956,"{""US"": 0.4977, ""IN"": 0.2003, ""BR"": 0.1255, ""GB"": 0.0938, ""DE"": 0.0827}"
2026-03-29,21,46,0.0544,3.4417,"{""US"": 0.4977, ""IN"": 0.2003, ""BR"": 0.1255, ""GB"": 0.0938, ""DE"": 0.0827}"
2026-03-29,22,42,0.0449,3.7275,"{""US"": 0.4977, ""IN"": 0.2003, ""BR"": 0.1255, ""GB"": 0.0938, ""DE"": 0.0827}"
2026-03-29,23,105,0.1227,3.4861,"{""US"": 0.4977, ""IN"": 0.2003, ""BR"": 0.1255, ""GB"": 0.0938, ""DE"": 0.0827}"
2026-03-29,24,341,0.3564,3.3947,"{""US"": 0.4977, ""IN"": 0.2003, ""BR"": 0.1255, ""GB"": 0.0938, ""DE"": 0.0827}"
2026-03-29,25,74,0.0866,3.2874,"{""US"": 0.4977, ""IN"": 0.2003, ""BR"": 0.1255, ""GB"": 0.0938, ""DE"": 0.0827}"
2026-03-29,27,42,0.0527,3.4516,"{""US"": 0.4977, ""IN"": 0.2003, ""BR"": 0.1255, ""GB"": 0.0938, ""DE"": 0.0827}"
2026-03-29,28,43,0.0494,3.2983,"{""US"": 0.4977, ""IN"": 0.2003, ""BR"": 0.1255, ""GB"": 0.0938, ""DE"": 0.0827}"
2026-03-29,29,41,0.0444,3.4416,"{""US"": 0.4977, ""IN"": 0.2003, ""BR"": 0.1255, ""GB"": 0.0938, ""DE"": 0.0827}"
2026-03-29,30,1049,1.1567,3.5112,"{""US"": 0.4977, ""IN"": 0.2003, ""BR"": 0.1255, ""GB"": 0.0938, ""DE"": 0.0827}"
2026-03-29,31,50,0.0571,3.228,"{""US"": 0.4977, ""IN"": 0.2003, ""BR"": 0.1255, ""GB"": 0.0938, ""DE"": 0.0827}"
2026-03-29,32,47,0.0566,3.4679,"{""US"": 0.4977, ""IN"": 0.2003, ""BR"": 0.1255, ""GB"": 0.0938, ""DE"": 0.0827}"
2026-03-29,34,198,0.0604,0.5958,"{""US"": 0.4977, ""IN"": 0.2003, ""BR"": 0.1255, ""GB"": 0.0938, ""DE"": 0.0827}"
2026-03-29,35,232,0.0836,0.5545,"{""US"": 0.4977, ""IN"": 0.2003, ""BR"": 0.1255, ""GB"": 0.0938, ""DE"": 0.0827}"
2026-03-29,36,265,0.0929,0.558,"{""US"": 0.4977, ""IN"": 0.2003, ""BR"": 0.1255, ""GB"": 0.0938, ""DE"": 0.0827}"
2026-03-29,37,274,0.0962,0.6003,"{""US"": 0.4977, ""IN"": 0.2003, ""BR"": 0.1255, ""GB"": 0.0938, ""DE"": 0.0827}"
2026-03-29,39,1725,0.6154,0.5711,"{""US"": 0.4977, ""IN"": 0.2003, ""BR"": 0.1255, ""GB"": 0.0938, ""DE"": 0.0827}"
2026-03-29,42,205,0.0668,0.5541,"{""US"": 0.4977, ""IN"": 0.2003, ""BR"": 0.1255, ""GB"": 0.0938, ""DE"": 0.0827}"
2026-03-29,43,202,0.0635,0.5746,"{""US"": 0.4977, ""IN"": 0.2003, ""BR"": 0.1255, ""GB"": 0.0938, ""DE"": 0.0827}"
2026-03-29,44,153,0.509,6.6641,"{""US"": 0.4977, ""IN"": 0.2003, ""BR"": 0.1255, ""GB"": 0.0938, ""DE"": 0.0827}"
2026-03-29,45,18,0.0622,6.6625,"{""US"": 0.4977, ""IN"": 0.2003, ""BR"": 0.1255, ""GB"": 0.0938, ""DE"": 0.0827}"
2026-03-29,46,164,0.6099,7.165,"{""US"": 0.4977, ""IN"": 0.2003, ""BR"": 0.1255, ""GB"": 0.0938, ""DE"": 0.0827}"
2026-03-29,47,43,0.1342,6.7735,"{""US"": 0.4977, ""IN"": 0.2003, ""BR"": 0.1255, ""GB"": 0.0938, ""DE"": 0.0827}"
2026-03-29,48,25,0.0846,6.714,"{""US"": 0.4977, ""IN"": 0.2003, ""BR"": 0.1255, ""GB"": 0.0938, ""DE"": 0.0827}"
2026-03-29,49,21,0.035,3.5686,"{""US"": 0.4977, ""IN"": 0.2003, ""BR"": 0.1255, ""GB"": 0.0938, ""DE"": 0.0827}"
2026-03-29,50,19,0.0318,3.2587,"{""US"": 0.4977, ""IN"": 0.2003, ""BR"": 0.1255, ""GB"": 0.0938, ""DE"": 0.0827}"
2026-03-30,1,40,0.2051,9.5233,"{""US"": 0.5543, ""IN"": 0.1631, ""BR"": 0.1051, ""GB"": 0.0764, ""DE"": 0.1012}"
2026-03-30,2,369,1.9339,9.4241,"{""US"": 0.5543, ""IN"": 0.1631, ""BR"": 0.1051, ""GB"": 0.0764, ""DE"": 0.1012}"
2026-03-30,4,33,0.1566,9.7591,"{""US"": 0.5543, ""IN"": 0.1631, ""BR"": 0.1051, ""GB"": 0.0764, ""DE"": 0.1012}"
2026-03-30,6,41,0.215,8.9523,"{""US"": 0.5543, ""IN"": 0.1631, ""BR"": 0.1051, ""GB"": 0.0764, ""DE"": 0.1012}"
2026-03-30,7,36,0.1783,9.5534,"{""US"": 0.5543, ""IN"": 0.1631, ""BR"": 0.1051, ""GB"": 0.0764, ""DE"": 0.1012}"
2026-03-30,8,28,0.1307,9.9021,"{""US"": 0.5543, ""IN"": 0.1631, ""BR"": 0.1051, ""GB"": 0.0764, ""DE"": 0.1012}"
2026-03-30,9,43,0.2121,8.7085,"{""US"": 0.5543, ""IN"": 0.1631, ""BR"": 0.1051, ""GB"": 0.0764, ""DE"": 0.1012}"
2026-03-30,10,39,0.1821,8.3168,"{""US"": 0.5543, ""IN"": 0.1631, ""BR"": 0.1051, ""GB"": 0.0764, ""DE"": 0.1012}"
2026-03-30,11,140,0.6417,9.6744,"{""US"": 0.5543, ""IN"": 0.1631, ""BR"": 0.1051, ""GB"": 0.0764, ""DE"": 0.1012}"
2026-03-30,12,36,0.1677,10.938,"{""US"": 0.5543, ""IN"": 0.1631, ""BR"": 0.1051, ""GB"": 0.0764, ""DE"": 0.1012}"
2026-03-30,13,33,0.1468,9.3894,"{""US"": 0.5543, ""IN"": 0.1631, ""BR"": 0.1051, ""GB"": 0.0764, ""DE"": 0.1012}"
2026-03-30,15,62,0.2931,8.88,"{""US"": 0.5543, ""IN"": 0.1631, ""BR"": 0.1051, ""GB"": 0.0764, ""DE"": 0.1012}"
2026-03-30,16,357,0.4395,3.7532,"{""US"": 0.5543, ""IN"": 0.1631, ""BR"": 0.1051, ""GB"": 0.0764, ""DE"": 0.1012}"
2026-03-30,17,57,0.0621,3.538,"{""US"": 0.5543, ""IN"": 0.1631, ""BR"": 0.1051, ""GB"": 0.0764, ""DE"": 0.1012}"
2026-03-30,18,59,0.0665,3.6139,"{""US"": 0.5543, ""IN"": 0.1631, ""BR"": 0.1051, ""GB"": 0.0764, ""DE"": 0.1012}"
2026-03-30,19,80,0.0944,3.8197,"{""US"": 0.5543, ""IN"": 0.1631, ""BR"": 0.1051, ""GB"": 0.0764, ""DE"": 0.1012}"
2026-03-30,20,51,0.061,3.5238,"{""US"": 0.5543, ""IN"": 0.1631, ""BR"": 0.1051, ""GB"": 0.0764, ""DE"": 0.1012}"
2026-03-30,21,50,0.0593,3.7891,"{""US"": 0.5543, ""IN"": 0.1631, ""BR"": 0.1051, ""GB"": 0.0764, ""DE"": 0.1012}"
2026-03-30,22,69,0.0801,3.5097,"{""US"": 0.5543, ""IN"": 0.1631, ""BR"": 0.1051, ""GB"": 0.0764, ""DE"": 0.1012}"
2026-03-30,23,122,0.1504,3.3496,"{""US"": 0.5543, ""IN"": 0.1631, ""BR"": 0.1051, ""GB"": 0.0764, ""DE"": 0.1012}"
2026-03-30,24,322,0.3727,3.6054,"{""US"": 0.5543, ""IN"": 0.1631, ""BR"": 0.1051, ""GB"": 0.0764, ""DE"": 0.1012}"
2026-03-30,25,48,0.0577,3.2726,"{""US"": 0.5543, ""IN"": 0.1631, ""BR"": 0.1051, ""GB"": 0.0764, ""DE"": 0.1012}"
2026-03-30,27,61,0.0673,3.7971,"{""US"": 0.5543, ""IN"": 0.1631, ""BR"": 0.1051, ""GB"": 0.0764, ""DE"": 0.1012}"
2026-03-30,28,56,0.0707,3.7151,"{""US"": 0.5543, ""IN"": 0.1631, ""BR"": 0.1051, ""GB"": 0.0764, ""DE"": 0.1012}"
2026-03-30,29,54,0.0659,3.6246,"{""US"": 0.5543, ""IN"": 0.1631, ""BR"": 0.1051, ""GB"": 0.0764, ""DE"": 0.1012}"
2026-03-30,30,1380,1.669,3.6025,"{""US"": 0.5543, ""IN"": 0.1631, ""BR"": 0.1051, ""GB"": 0.0764, ""DE"": 0.1012}"
2026-03-30,31,67,0.08,3.3925,"{""US"": 0.5543, ""IN"": 0.1631, ""BR"": 0.1051, ""GB"": 0.0764, ""DE"": 0.1012}"
2026-03-30,32,53,0.0595,3.5517,"{""US"": 0.5543, ""IN"": 0.1631, ""BR"": 0.1051, ""GB"": 0.0764, ""DE"": 0.1012}"
2026-03-30,34,210,0.0759,0.597,"{""US"": 0.5543, ""IN"": 0.1631, ""BR"": 0.1051, ""GB"": 0.0764, ""DE"": 0.1012}"
2026-03-30,35,247,0.0918,0.5955,"{""US"": 0.5543, ""IN"": 0.1631, ""BR"": 0.1051, ""GB"": 0.0764, ""DE"": 0.1012}"
2026-03-30,36,129,0.049,0.6002,"{""US"": 0.5543, ""IN"": 0.1631, ""BR"": 0.1051, ""GB"": 0.0764, ""DE"": 0.1012}"
2026-03-30,37,218,0.0847,0.6215,"{""US"": 0.5543, ""IN"": 0.1631, ""BR"": 0.1051, ""GB"": 0.0764, ""DE"": 0.1012}"
2026-03-30,39,2016,0.6596,0.5974,"{""US"": 0.5543, ""IN"": 0.1631, ""BR"": 0.1051, ""GB"": 0.0764, ""DE"": 0.1012}"
2026-03-30,42,225,0.0844,0.5791,"{""US"": 0.5543, ""IN"": 0.1631, ""BR"": 0.1051, ""GB"": 0.0764, ""DE"": 0.1012}"
2026-03-30,43,236,0.0822,0.6026,"{""US"": 0.5543, ""IN"": 0.1631, ""BR"": 0.1051, ""GB"": 0.0764, ""DE"": 0.1012}"
2026-03-30,44,123,0.4404,7.37,"{""US"": 0.5543, ""IN"": 0.1631, ""BR"": 0.1051, ""GB"": 0.0764, ""DE"": 0.1012}"
2026-03-30,45,35,0.1337,8.0633,"{""US"": 0.5543, ""IN"": 0.1631, ""BR"": 0.1051, ""GB"": 0.0764, ""DE"": 0.1012}"
2026-03-30,46,140,0.4931,7.0386,"{""US"": 0.5543, ""IN"": 0.1631, ""BR"": 0.1051, ""GB"": 0.0764, ""DE"": 0.1012}"
2026-03-30,47,44,0.1696,7.37,"{""US"": 0.5543, ""IN"": 0.1631, ""BR"": 0.1051, ""GB"": 0.0764, ""DE"": 0.1012}"
2026-03-30,48,24,0.0888,6.9309,"{""US"": 0.5543, ""IN"": 0.1631, ""BR"": 0.1051, ""GB"": 0.0764, ""DE"": 0.1012}"
2026-03-30,49,26,0.0484,3.6553,"{""US"": 0.5543, ""IN"": 0.1631, ""BR"": 0.1051, ""GB"": 0.0764, ""DE"": 0.1012}"
2026-03-30,50,12,0.0227,3.5734,"{""US"": 0.5543, ""IN"": 0.1631, ""BR"": 0.1051, ""GB"": 0.0764, ""DE"": 0.1012}"
2026-03-31,1,44,0.2048,10.1877,"{""US"": 0.5155, ""IN"": 0.1886, ""BR"": 0.0916, ""GB"": 0.1111, ""DE"": 0.0932}"
2026-03-31,2,290,1.2553,8.9728,"{""US"": 0.5155, ""IN"": 0.1886, ""BR"": 0.0916, ""GB"": 0.1111, ""DE"": 0.0932}"
2026-03-31,4,47,0.2317,9.096,"{""US"": 0.5155, ""IN"": 0.1886, ""BR"": 0.0916, ""GB"": 0.1111, ""DE"": 0.0932}"
2026-03-31,6,53,0.2334,9.3271,"{""US"": 0.5155, ""IN"": 0.1886, ""BR"": 0.0916, ""GB"": 0.1111, ""DE"": 0.0932}"
2026-03-31,7,49,0.243,8.8428,"{""US"": 0.5155, ""IN"": 0.1886, ""BR"": 0.0916, ""GB"": 0.1111, ""DE"": 0.0932}"
2026-03-31,8,39,0.175,9.9422,"{""US"": 0.5155, ""IN"": 0.1886, ""BR"": 0.0916, ""GB"": 0.1111, ""DE"": 0.0932}"
2026-03-31,9,62,0.2892,8.8677,"{""US"": 0.5155, ""IN"": 0.1886, ""BR"": 0.0916, ""GB"": 0.1111, ""DE"": 0.0932}"
2026-03-31,10,24,0.1195,9.6706,"{""US"": 0.5155, ""IN"": 0.1886, ""BR"": 0.0916, ""GB"": 0.1111, ""DE"": 0.0932}"
2026-03-31,11,125,0.5659,8.6783,"{""US"": 0.5155, ""IN"": 0.1886, ""BR"": 0.0916, ""GB"": 0.1111, ""DE"": 0.0932}"
2026-03-31,12,29,0.141,10.1421,"{""US"": 0.5155, ""IN"": 0.1886, ""BR"": 0.0916, ""GB"": 0.1111, ""DE"": 0.0932}"
2026-03-31,13,34,0.1613,9.7991,"{""US"": 0.5155, ""IN"": 0.1886, ""BR"": 0.0916, ""GB"": 0.1111, ""DE"": 0.0932}"
2026-03-31,15,32,0.153,10.1723,"{""US"": 0.5155, ""IN"": 0.1886, ""BR"": 0.0916, ""GB"": 0.1111, ""DE"": 0.0932}"
2026-03-31,16,379,0.4783,3.422,"{""US"": 0.5155, ""IN"": 0.1886, ""BR"": 0.0916, ""GB"": 0.1111, ""DE"": 0.0932}"
2026-03-31,17,57,0.0676,3.48,"{""US"": 0.5155, ""IN"": 0.1886, ""BR"": 0.0916, ""GB"": 0.1111, ""DE"": 0.0932}"
2026-03-31,18,68,0.0816,3.6278,"{""US"": 0.5155, ""IN"": 0.1886, ""BR"": 0.0916, ""GB"": 0.1111, ""DE"": 0.0932}"
2026-03-31,19,51,0.0516,3.464,"{""US"": 0.5155, ""IN"": 0.1886, ""BR"": 0.0916, ""GB"": 0.1111, ""DE"": 0.0932}"
2026-03-31,20,65,0.0841,3.6236,"{""US"": 0.5155, ""IN"": 0.1886, ""BR"": 0.0916, ""GB"": 0.1111, ""DE"": 0.0932}"
2026-03-31,21,80,0.0853,3.2937,"{""US"": 0.5155, ""IN"": 0.1886, ""BR"": 0.0916, ""GB"": 0.1111, ""DE"": 0.0932}"
2026-03-31,22,62,0.0731,3.5161,"{""US"": 0.5155, ""IN"": 0.1886, ""BR"": 0.0916, ""GB"": 0.1111, ""DE"": 0.0932}"
2026-03-31,23,112,0.1391,3.4615,"{""US"": 0.5155, ""IN"": 0.1886, ""BR"": 0.0916, ""GB"": 0.1111, ""DE"": 0.0932}"
2026-03-31,24,233,0.2753,3.6955,"{""US"": 0.5155, ""IN"": 0.1886, ""BR"": 0.0916, ""GB"": 0.1111, ""DE"": 0.0932}"
2026-03-31,25,67,0.0801,3.446,"{""US"": 0.5155, ""IN"": 0.1886, ""BR"": 0.0916, ""GB"": 0.1111, ""DE"": 0.0932}"
2026-03-31,27,58,0.0683,3.796,"{""US"": 0.5155, ""IN"": 0.1886, ""BR"": 0.0916, ""GB"": 0.1111, ""DE"": 0.0932}"
2026-03-31,28,69,0.0794,3.6954,"{""US"": 0.5155, ""IN"": 0.1886, ""BR"": 0.0916, ""GB"": 0.1111, ""DE"": 0.0932}"
2026-03-31,29,57,0.0683,3.6479,"{""US"": 0.5155, ""IN"": 0.1886, ""BR"": 0.0916, ""GB"": 0.1111, ""DE"": 0.0932}"
2026-03-31,30,789,0.9853,3.7906,"{""US"": 0.5155, ""IN"": 0.1886, ""BR"": 0.0916, ""GB"": 0.1111, ""DE"": 0.0932}"
2026-03-31,31,65,0.0818,3.5321,"{""US"": 0.5155, ""IN"": 0.1886, ""BR"": 0.0916, ""GB"": 0.1111, ""DE"": 0.0932}"
2026-03-31,32,60,0.0807,3.5248,"{""US"": 0.5155, ""IN"": 0.1886, ""BR"": 0.0916, ""GB"": 0.1111, ""DE"": 0.0932}"
2026-03-31,34,219,0.0822,0.6051,"{""US"": 0.5155, ""IN"": 0.1886, ""BR"": 0.0916, ""GB"": 0.1111, ""DE"": 0.0932}"
2026-03-31,35,215,0.0798,0.6495,"{""US"": 0.5155, ""IN"": 0.1886, ""BR"": 0.0916, ""GB"": 0.1111, ""DE"": 0.0932}"
2026-03-31,36,217,0.0807,0.5342,"{""US"": 0.5155, ""IN"": 0.1886, ""BR"": 0.0916, ""GB"": 0.1111, ""DE"": 0.0932}"
2026-03-31,37,347,0.1228,0.5838,"{""US"": 0.5155, ""IN"": 0.1886, ""BR"": 0.0916, ""GB"": 0.1111, ""DE"": 0.0932}"
2026-03-31,39,2039,0.6977,0.5523,"{""US"": 0.5155, ""IN"": 0.1886, ""BR"": 0.0916, ""GB"": 0.1111, ""DE"": 0.0932}"
2026-03-31,42,230,0.0763,0.5183,"{""US"": 0.5155, ""IN"": 0.1886, ""BR"": 0.0916, ""GB"": 0.1111, ""DE"": 0.0932}"
2026-03-31,43,241,0.0818,0.645,"{""US"": 0.5155, ""IN"": 0.1886, ""BR"": 0.0916, ""GB"": 0.1111, ""DE"": 0.0932}"
2026-03-31,44,147,0.5349,7.244,"{""US"": 0.5155, ""IN"": 0.1886, ""BR"": 0.0916, ""GB"": 0.1111, ""DE"": 0.0932}"
2026-03-31,45,45,0.1575,7.4673,"{""US"": 0.5155, ""IN"": 0.1886, ""BR"": 0.0916, ""GB"": 0.1111, ""DE"": 0.0932}"
2026-03-31,46,152,0.5851,7.9332,"{""US"": 0.5155, ""IN"": 0.1886, ""BR"": 0.0916, ""GB"": 0.1111, ""DE"": 0.0932}"
2026-03-31,47,35,0.1236,7.282,"{""US"": 0.5155, ""IN"": 0.1886, ""BR"": 0.0916, ""GB"": 0.1111, ""DE"": 0.0932}"
2026-03-31,48,33,0.1187,6.8402,"{""US"": 0.5155, ""IN"": 0.1886, ""BR"": 0.0916, ""GB"": 0.1111, ""DE"": 0.0932}"
2026-03-31,49,19,0.034,3.3823,"{""US"": 0.5155, ""IN"": 0.1886, ""BR"": 0.0916, ""GB"": 0.1111, ""DE"": 0.0932}"
2026-03-31,50,23,0.0416,3.5652,"{""US"": 0.5155, ""IN"": 0.1886, ""BR"": 0.0916, ""GB"": 0.1111, ""DE"": 0.0932}"
2026-04-01,1,51,0.237,9.3664,"{""US"": 0.4607, ""IN"": 0.2212, ""BR"": 0.0982, ""GB"": 0.0993, ""DE"": 0.1206}"
2026-04-01,2,319,1.3444,8.7981,"{""US"": 0.4607, ""IN"": 0.2212, ""BR"": 0.0982, ""GB"": 0.0993, ""DE"": 0.1206}"
2026-04-01,4,56,0.2436,8.7718,"{""US"": 0.4607, ""IN"": 0.2212, ""BR"": 0.0982, ""GB"": 0.0993, ""DE"": 0.1206}"
2026-04-01,6,41,0.1742,9.2898,"{""US"": 0.4607, ""IN"": 0.2212, ""BR"": 0.0982, ""GB"": 0.0993, ""DE"": 0.1206}"
2026-04-01,7,36,0.1503,8.8633,"{""US"": 0.4607, ""IN"": 0.2212, ""BR"": 0.0982, ""GB"": 0.0993, ""DE"": 0.1206}"
2026-04-01,8,39,0.1789,9.588,"{""US"": 0.4607, ""IN"": 0.2212, ""BR"": 0.0982, ""GB"": 0.0993, ""DE"": 0.1206}"
2026-04-01,9,39,0.1675,8.6643,"{""US"": 0.4607, ""IN"": 0.2212, ""BR"": 0.0982, ""GB"": 0.0993, ""DE"": 0.1206}"
2026-04-01,10,42,0.2098,8.7414,"{""US"": 0.4607, ""IN"": 0.2212, ""BR"": 0.0982, ""GB"": 0.0993, ""DE"": 0.1206}"
2026-04-01,11,124,0.5664,8.5201,"{""US"": 0.4607, ""IN"": 0.2212, ""BR"": 0.0982, ""GB"": 0.0993, ""DE"": 0.1206}"
2026-04-01,12,37,0.1675,9.4336,"{""US"": 0.4607, ""IN"": 0.2212, ""BR"": 0.0982, ""GB"": 0.0993, ""DE"": 0.1206}"
2026-04-01,13,46,0.1902,8.8451,"{""US"": 0.4607, ""IN"": 0.2212, ""BR"": 0.0982, ""GB"": 0.0993, ""DE"": 0.1206}"
2026-04-01,15,43,0.1777,9.4337,"{""US"": 0.4607, ""IN"": 0.2212, ""BR"": 0.0982, ""GB"": 0.0993, ""DE"": 0.1206}"
2026-04-01,16,357,0.428,3.4664,"{""US"": 0.4607, ""IN"": 0.2212, ""BR"": 0.0982, ""GB"": 0.0993, ""DE"": 0.1206}"
2026-04-01,17,69,0.0719,3.7176,"{""US"": 0.4607, ""IN"": 0.2212, ""BR"": 0.0982, ""GB"": 0.0993, ""DE"": 0.1206}"
2026-04-01,18,89,0.0942,3.6152,"{""US"": 0.4607, ""IN"": 0.2212, ""BR"": 0.0982, ""GB"": 0.0993, ""DE"": 0.1206}"
2026-04-01,19,43,0.0482,3.3419,"{""US"": 0.4607, ""IN"": 0.2212, ""BR"": 0.0982, ""GB"": 0.0993, ""DE"": 0.1206}"
2026-04-01,20,68,0.0756,3.4098,"{""US"": 0.4607, ""IN"": 0.2212, ""BR"": 0.0982, ""GB"": 0.0993, ""DE"": 0.1206}"
2026-04-01,21,23,0.0244,3.1945,"{""US"": 0.4607, ""IN"": 0.2212, ""BR"": 0.0982, ""GB"": 0.0993, ""DE"": 0.1206}"
2026-04-01,22,47,0.0569,3.5123,"{""US"": 0.4607, ""IN"": 0.2212, ""BR"": 0.0982, ""GB"": 0.0993, ""DE"": 0.1206}"
2026-04-01,23,115,0.1295,3.3441,"{""US"": 0.4607, ""IN"": 0.2212, ""BR"": 0.0982, ""GB"": 0.0993, ""DE"": 0.1206}"
2026-04-01,24,258,0.2626,3.3544,"{""US"": 0.4607, ""IN"": 0.2212, ""BR"": 0.0982, ""GB"": 0.0993, ""DE"": 0.1206}"
2026-04-01,25,48,0.0525,3.1724,"{""US"": 0.4607, ""IN"": 0.2212, ""BR"": 0.0982, ""GB"": 0.0993, ""DE"": 0.1206}"
2026-04-01,27,50,0.0559,3.7151,"{""US"": 0.4607, ""IN"": 0.2212, ""BR"": 0.0982, ""GB"": 0.0993, ""DE"": 0.1206}"
2026-04-01,28,46,0.0511,3.3447,"{""US"": 0.4607, ""IN"": 0.2212, ""BR"": 0.0982, ""GB"": 0.0993, ""DE"": 0.1206}"
2026-04-01,29,48,0.0524,3.5953,"{""US"": 0.4607, ""IN"": 0.2212, ""BR"": 0.0982, ""GB"": 0.0993, ""DE"": 0.1206}"
2026-04-01,30,991,1.0768,3.4335,"{""US"": 0.4607, ""IN"": 0.2212, ""BR"": 0.0982, ""GB"": 0.0993, ""DE"": 0.1206}"
2026-04-01,31,64,0.0714,3.3483,"{""US"": 0.4607, ""IN"": 0.2212, ""BR"": 0.0982, ""GB"": 0.0993, ""DE"": 0.1206}"
2026-04-01,32,66,0.074,3.3432,"{""US"": 0.4607, ""IN"": 0.2212, ""BR"": 0.0982, ""GB"": 0.0993, ""DE"": 0.1206}"
2026-04-01,34,280,0.0995,0.5623,"{""US"": 0.4607, ""IN"": 0.2212, ""BR"": 0.0982, ""GB"": 0.0993, ""DE"": 0.1206}"
2026-04-01,35,244,0.0895,0.5619,"{""US"": 0.4607, ""IN"": 0.2212, ""BR"": 0.0982, ""GB"": 0.0993, ""DE"": 0.1206}"
2026-04-01,36,251,0.0844,0.5626,"{""US"": 0.4607, ""IN"": 0.2212, ""BR"": 0.0982, ""GB"": 0.0993, ""DE"": 0.1206}"
2026-04-01,37,279,0.0912,0.606,"{""US"": 0.4607, ""IN"": 0.2212, ""BR"": 0.0982, ""GB"": 0.0993, ""DE"": 0.1206}"
2026-04-01,39,1888,0.6334,0.5576,"{""US"": 0.4607, ""IN"": 0.2212, ""BR"": 0.0982, ""GB"": 0.0993, ""DE"": 0.1206}"
2026-04-01,42,317,0.1082,0.5718,"{""US"": 0.4607, ""IN"": 0.2212, ""BR"": 0.0982, ""GB"": 0.0993, ""DE"": 0.1206}"
2026-04-01,43,221,0.0777,0.5358,"{""US"": 0.4607, ""IN"": 0.2212, ""BR"": 0.0982, ""GB"": 0.0993, ""DE"": 0.1206}"
2026-04-01,44,113,0.378,6.9477,"{""US"": 0.4607, ""IN"": 0.2212, ""BR"": 0.0982, ""GB"": 0.0993, ""DE"": 0.1206}"
2026-04-01,45,43,0.1424,6.4709,"{""US"": 0.4607, ""IN"": 0.2212, ""BR"": 0.0982, ""GB"": 0.0993, ""DE"": 0.1206}"
2026-04-01,46,114,0.4346,6.9648,"{""US"": 0.4607, ""IN"": 0.2212, ""BR"": 0.0982, ""GB"": 0.0993, ""DE"": 0.1206}"
2026-04-01,47,28,0.0892,7.09,"{""US"": 0.4607, ""IN"": 0.2212, ""BR"": 0.0982, ""GB"": 0.0993, ""DE"": 0.1206}"
2026-04-01,48,34,0.1217,6.1014,"{""US"": 0.4607, ""IN"": 0.2212, ""BR"": 0.0982, ""GB"": 0.0993, ""DE"": 0.1206}"
2026-04-01,49,24,0.0378,3.1827,"{""US"": 0.4607, ""IN"": 0.2212, ""BR"": 0.0982, ""GB"": 0.0993, ""DE"": 0.1206}"
2026-04-01,50,13,0.0201,3.2564,"{""US"": 0.4607, ""IN"": 0.2212, ""BR"": 0.0982, ""GB"": 0.0993, ""DE"": 0.1206}"
2026-04-02,1,38,0.1709,9.6341,"{""US"": 0.5071, ""IN"": 0.2066, ""BR"": 0.0797, ""GB"": 0.1222, ""DE"": 0.0845}"
2026-04-02,2,316,1.2934,9.1704,"{""US"": 0.5071, ""IN"": 0.2066, ""BR"": 0.0797, ""GB"": 0.1222, ""DE"": 0.0845}"
2026-04-02,4,40,0.2082,9.5349,"{""US"": 0.5071, ""IN"": 0.2066, ""BR"": 0.0797, ""GB"": 0.1222, ""DE"": 0.0845}"
2026-04-02,6,45,0.2113,9.263,"{""US"": 0.5071, ""IN"": 0.2066, ""BR"": 0.0797, ""GB"": 0.1222, ""DE"": 0.0845}"
2026-04-02,7,42,0.2033,9.3175,"{""US"": 0.5071, ""IN"": 0.2066, ""BR"": 0.0797, ""GB"": 0.1222, ""DE"": 0.0845}"
2026-04-02,8,45,0.1946,9.3658,"{""US"": 0.5071, ""IN"": 0.2066, ""BR"": 0.0797, ""GB"": 0.1222, ""DE"": 0.0845}"
2026-04-02,9,43,0.212,9.2341,"{""US"": 0.5071, ""IN"": 0.2066, ""BR"": 0.0797, ""GB"": 0.1222, ""DE"": 0.0845}"
2026-04-02,10,33,0.1601,9.8737,"{""US"": 0.5071, ""IN"": 0.2066, ""BR"": 0.0797, ""GB"": 0.1222, ""DE"": 0.0845}"
2026-04-02,11,123,0.5522,9.2168,"{""US"": 0.5071, ""IN"": 0.2066, ""BR"": 0.0797, ""GB"": 0.1222, ""DE"": 0.0845}"
2026-04-02,12,34,0.1514,9.9958,"{""US"": 0.5071, ""IN"": 0.2066, ""BR"": 0.0797, ""GB"": 0.1222, ""DE"": 0.0845}"
2026-04-02,13,31,0.1428,9.8851,"{""US"": 0.5071, ""IN"": 0.2066, ""BR"": 0.0797, ""GB"": 0.1222, ""DE"": 0.0845}"
2026-04-02,15,33,0.1504,8.9427,"{""US"": 0.5071, ""IN"": 0.2066, ""BR"": 0.0797, ""GB"": 0.1222, ""DE"": 0.0845}"
2026-04-02,16,319,0.4072,3.5063,"{""US"": 0.5071, ""IN"": 0.2066, ""BR"": 0.0797, ""GB"": 0.1222, ""DE"": 0.0845}"
2026-04-02,17,65,0.0744,3.7845,"{""US"": 0.5071, ""IN"": 0.2066, ""BR"": 0.0797, ""GB"": 0.1222, ""DE"": 0.0845}"
2026-04-02,18,89,0.1016,3.4179,"{""US"": 0.5071, ""IN"": 0.2066, ""BR"": 0.0797, ""GB"": 0.1222, ""DE"": 0.0845}"
2026-04-02,19,42,0.0484,3.4283,"{""US"": 0.5071, ""IN"": 0.2066, ""BR"": 0.0797, ""GB"": 0.1222, ""DE"": 0.0845}"
2026-04-02,20,53,0.0613,3.7461,"{""US"": 0.5071, ""IN"": 0.2066, ""BR"": 0.0797, ""GB"": 0.1222, ""DE"": 0.0845}"
2026-04-02,21,61,0.0684,3.3251,"{""US"": 0.5071, ""IN"": 0.2066, ""BR"": 0.0797, ""GB"": 0.1222, ""DE"": 0.0845}"
2026-04-02,22,71,0.0792,3.3159,"{""US"": 0.5071, ""IN"": 0.2066, ""BR"": 0.0797, ""GB"": 0.1222, ""DE"": 0.0845}"
2026-04-02,23,87,0.0958,3.4788,"{""US"": 0.5071, ""IN"": 0.2066, ""BR"": 0.0797, ""GB"": 0.1222, ""DE"": 0.0845}"
2026-04-02,24,185,0.2173,3.5572,"{""US"": 0.5071, ""IN"": 0.2066, ""BR"": 0.0797, ""GB"": 0.1222, ""DE"": 0.0845}"
2026-04-02,25,61,0.0792,3.4314,"{""US"": 0.5071, ""IN"": 0.2066, ""BR"": 0.0797, ""GB"": 0.1222, ""DE"": 0.0845}"
2026-04-02,27,61,0.0669,3.2727,"{""US"": 0.5071, ""IN"": 0.2066, ""BR"": 0.0797, ""GB"": 0.1222, ""DE"": 0.0845}"
2026-04-02,28,49,0.058,3.7147,"{""US"": 0.5071, ""IN"": 0.2066, ""BR"": 0.0797, ""GB"": 0.1222, ""DE"": 0.0845}"
2026-04-02,29,54,0.0584,3.6349,"{""US"": 0.5071, ""IN"": 0.2066, ""BR"": 0.0797, ""GB"": 0.1222, ""DE"": 0.0845}"
2026-04-02,30,645,0.7248,3.8712,"{""US"": 0.5071, ""IN"": 0.2066, ""BR"": 0.0797, ""GB"": 0.1222, ""DE"": 0.0845}"
2026-04-02,31,54,0.0637,3.8721,"{""US"": 0.5071, ""IN"": 0.2066, ""BR"": 0.0797, ""GB"": 0.1222, ""DE"": 0.0845}"
2026-04-02,32,52,0.0581,3.5187,"{""US"": 0.5071, ""IN"": 0.2066, ""BR"": 0.0797, ""GB"": 0.1222, ""DE"": 0.0845}"
2026-04-02,34,188,0.0687,0.5753,"{""US"": 0.5071, ""IN"": 0.2066, ""BR"": 0.0797, ""GB"": 0.1222, ""DE"": 0.0845}"
2026-04-02,35,275,0.1006,0.6422,"{""US"": 0.5071, ""IN"": 0.2066, ""BR"": 0.0797, ""GB"": 0.1222, ""DE"": 0.0845}"
2026-04-02,36,162,0.0569,0.534,"{""US"": 0.5071, ""IN"": 0.2066, ""BR"": 0.0797, ""GB"": 0.1222, ""DE"": 0.0845}"
2026-04-02,37,250,0.0912,0.586,"{""US"": 0.5071, ""IN"": 0.2066, ""BR"": 0.0797, ""GB"": 0.1222, ""DE"": 0.0845}"
2026-04-02,39,1884,0.6581,0.5577,"{""US"": 0.5071, ""IN"": 0.2066, ""BR"": 0.0797, ""GB"": 0.1222, ""DE"": 0.0845}"
2026-04-02,42,252,0.0911,0.6181,"{""US"": 0.5071, ""IN"": 0.2066, ""BR"": 0.0797, ""GB"": 0.1222, ""DE"": 0.0845}"
2026-04-02,43,268,0.1015,0.6072,"{""US"": 0.5071, ""IN"": 0.2066, ""BR"": 0.0797, ""GB"": 0.1222, ""DE"": 0.0845}"
2026-04-02,44,161,0.5989,7.0155,"{""US"": 0.5071, ""IN"": 0.2066, ""BR"": 0.0797, ""GB"": 0.1222, ""DE"": 0.0845}"
2026-04-02,45,44,0.1646,6.8933,"{""US"": 0.5071, ""IN"": 0.2066, ""BR"": 0.0797, ""GB"": 0.1222, ""DE"": 0.0845}"
2026-04-02,46,167,0.5647,7.6142,"{""US"": 0.5071, ""IN"": 0.2066, ""BR"": 0.0797, ""GB"": 0.1222, ""DE"": 0.0845}"
2026-04-02,47,42,0.142,7.0968,"{""US"": 0.5071, ""IN"": 0.2066, ""BR"": 0.0797, ""GB"": 0.1222, ""DE"": 0.0845}"
2026-04-02,48,43,0.1542,7.3646,"{""US"": 0.5071, ""IN"": 0.2066, ""BR"": 0.0797, ""GB"": 0.1222, ""DE"": 0.0845}"
2026-04-02,49,26,0.045,3.7018,"{""US"": 0.5071, ""IN"": 0.2066, ""BR"": 0.0797, ""GB"": 0.1222, ""DE"": 0.0845}"
2026-04-02,50,17,0.0311,3.7757,"{""US"": 0.5071, ""IN"": 0.2066, ""BR"": 0.0797, ""GB"": 0.1222, ""DE"": 0.0845}"
2026-04-03,1,25,0.1131,10.1259,"{""US"": 0.5177, ""IN"": 0.1886, ""BR"": 0.0948, ""GB"": 0.1113, ""DE"": 0.0875}"
2026-04-03,2,249,1.3308,9.5472,"{""US"": 0.5177, ""IN"": 0.1886, ""BR"": 0.0948, ""GB"": 0.1113, ""DE"": 0.0875}"
2026-04-03,4,52,0.2369,9.31,"{""US"": 0.5177, ""IN"": 0.1886, ""BR"": 0.0948, ""GB"": 0.1113, ""DE"": 0.0875}"
2026-04-03,6,37,0.1785,9.3888,"{""US"": 0.5177, ""IN"": 0.1886, ""BR"": 0.0948, ""GB"": 0.1113, ""DE"": 0.0875}"
2026-04-03,7,44,0.1915,9.4203,"{""US"": 0.5177, ""IN"": 0.1886, ""BR"": 0.0948, ""GB"": 0.1113, ""DE"": 0.0875}"
2026-04-03,8,39,0.1962,9.7278,"{""US"": 0.5177, ""IN"": 0.1886, ""BR"": 0.0948, ""GB"": 0.1113, ""DE"": 0.0875}"
2026-04-03,9,28,0.1366,9.7185,"{""US"": 0.5177, ""IN"": 0.1886, ""BR"": 0.0948, ""GB"": 0.1113, ""DE"": 0.0875}"
2026-04-03,10,40,0.1945,9.1363,"{""US"": 0.5177, ""IN"": 0.1886, ""BR"": 0.0948, ""GB"": 0.1113, ""DE"": 0.0875}"
2026-04-03,11,99,0.4465,9.5997,"{""US"": 0.5177, ""IN"": 0.1886, ""BR"": 0.0948, ""GB"": 0.1113, ""DE"": 0.0875}"
2026-04-03,12,54,0.2432,10.0755,"{""US"": 0.5177, ""IN"": 0.1886, ""BR"": 0.0948, ""GB"": 0.1113, ""DE"": 0.0875}"
2026-04-03,13,51,0.25,9.2834,"{""US"": 0.5177, ""IN"": 0.1886, ""BR"": 0.0948, ""GB"": 0.1113, ""DE"": 0.0875}"
2026-04-03,15,41,0.1923,9.0066,"{""US"": 0.5177, ""IN"": 0.1886, ""BR"": 0.0948, ""GB"": 0.1113, ""DE"": 0.0875}"
2026-04-03,16,450,0.492,3.6793,"{""US"": 0.5177, ""IN"": 0.1886, ""BR"": 0.0948, ""GB"": 0.1113, ""DE"": 0.0875}"
2026-04-03,17,84,0.1037,3.4682,"{""US"": 0.5177, ""IN"": 0.1886, ""BR"": 0.0948, ""GB"": 0.1113, ""DE"": 0.0875}"
2026-04-03,18,54,0.0663,3.6771,"{""US"": 0.5177, ""IN"": 0.1886, ""BR"": 0.0948, ""GB"": 0.1113, ""DE"": 0.0875}"
2026-04-03,19,34,0.0416,3.4332,"{""US"": 0.5177, ""IN"": 0.1886, ""BR"": 0.0948, ""GB"": 0.1113, ""DE"": 0.0875}"
2026-04-03,20,79,0.0978,3.1874,"{""US"": 0.5177, ""IN"": 0.1886, ""BR"": 0.0948, ""GB"": 0.1113, ""DE"": 0.0875}"
2026-04-03,21,73,0.0843,3.6832,"{""US"": 0.5177, ""IN"": 0.1886, ""BR"": 0.0948, ""GB"": 0.1113, ""DE"": 0.0875}"
2026-04-03,22,59,0.0683,3.594,"{""US"": 0.5177, ""IN"": 0.1886, ""BR"": 0.0948, ""GB"": 0.1113, ""DE"": 0.0875}"
2026-04-03,23,83,0.0958,3.5805,"{""US"": 0.5177, ""IN"": 0.1886, ""BR"": 0.0948, ""GB"": 0.1113, ""DE"": 0.0875}"
2026-04-03,24,250,0.297,3.7515,"{""US"": 0.5177, ""IN"": 0.1886, ""BR"": 0.0948, ""GB"": 0.1113, ""DE"": 0.0875}"
2026-04-03,25,61,0.0738,3.4505,"{""US"": 0.5177, ""IN"": 0.1886, ""BR"": 0.0948, ""GB"": 0.1113, ""DE"": 0.0875}"
2026-04-03,27,64,0.0748,3.4537,"{""US"": 0.5177, ""IN"": 0.1886, ""BR"": 0.0948, ""GB"": 0.1113, ""DE"": 0.0875}"
2026-04-03,28,54,0.0709,3.502,"{""US"": 0.5177, ""IN"": 0.1886, ""BR"": 0.0948, ""GB"": 0.1113, ""DE"": 0.0875}"
2026-04-03,29,46,0.0522,3.3139,"{""US"": 0.5177, ""IN"": 0.1886, ""BR"": 0.0948, ""GB"": 0.1113, ""DE"": 0.0875}"
2026-04-03,30,822,0.9713,3.7678,"{""US"": 0.5177, ""IN"": 0.1886, ""BR"": 0.0948, ""GB"": 0.1113, ""DE"": 0.0875}"
2026-04-03,31,60,0.0733,3.865,"{""US"": 0.5177, ""IN"": 0.1886, ""BR"": 0.0948, ""GB"": 0.1113, ""DE"": 0.0875}"
2026-04-03,32,63,0.0702,3.741,"{""US"": 0.5177, ""IN"": 0.1886, ""BR"": 0.0948, ""GB"": 0.1113, ""DE"": 0.0875}"
2026-04-03,34,214,0.0757,0.5951,"{""US"": 0.5177, ""IN"": 0.1886, ""BR"": 0.0948, ""GB"": 0.1113, ""DE"": 0.0875}"
2026-04-03,35,231,0.0805,0.5738,"{""US"": 0.5177, ""IN"": 0.1886, ""BR"": 0.0948, ""GB"": 0.1113, ""DE"": 0.0875}"
2026-04-03,36,314,0.1154,0.5715,"{""US"": 0.5177, ""IN"": 0.1886, ""BR"": 0.0948, ""GB"": 0.1113, ""DE"": 0.0875}"
2026-04-03,37,199,0.0736,0.5495,"{""US"": 0.5177, ""IN"": 0.1886, ""BR"": 0.0948, ""GB"": 0.1113, ""DE"": 0.0875}"
2026-04-03,38,4641,1.5722,0.5524,"{""US"": 0.5177, ""IN"": 0.1886, ""BR"": 0.0948, ""GB"": 0.1113, ""DE"": 0.0875}"
2026-04-03,39,1803,0.6341,0.5518,"{""US"": 0.5177, ""IN"": 0.1886, ""BR"": 0.0948, ""GB"": 0.1113, ""DE"": 0.0875}"
2026-04-03,42,348,0.1166,0.6054,"{""US"": 0.5177, ""IN"": 0.1886, ""BR"": 0.0948, ""GB"": 0.1113, ""DE"": 0.0875}"
2026-04-03,43,318,0.1162,0.5859,"{""US"": 0.5177, ""IN"": 0.1886, ""BR"": 0.0948, ""GB"": 0.1113, ""DE"": 0.0875}"
2026-04-03,44,156,0.5293,6.8681,"{""US"": 0.5177, ""IN"": 0.1886, ""BR"": 0.0948, ""GB"": 0.1113, ""DE"": 0.0875}"
2026-04-03,45,44,0.1676,7.2186,"{""US"": 0.5177, ""IN"": 0.1886, ""BR"": 0.0948, ""GB"": 0.1113, ""DE"": 0.0875}"
2026-04-03,46,151,0.5032,7.5971,"{""US"": 0.5177, ""IN"": 0.1886, ""BR"": 0.0948, ""GB"": 0.1113, ""DE"": 0.0875}"
2026-04-03,47,45,0.1619,6.8872,"{""US"": 0.5177, ""IN"": 0.1886, ""BR"": 0.0948, ""GB"": 0.1113, ""DE"": 0.0875}"
2026-04-03,48,47,0.1635,6.941,"{""US"": 0.5177, ""IN"": 0.1886, ""BR"": 0.0948, ""GB"": 0.1113, ""DE"": 0.0875}"
2026-04-03,49,12,0.0212,3.5694,"{""US"": 0.5177, ""IN"": 0.1886, ""BR"": 0.0948, ""GB"": 0.1113, ""DE"": 0.0875}"
2026-04-03,50,24,0.0438,4.1048,"{""US"": 0.5177, ""IN"": 0.1886, ""BR"": 0.0948, ""GB"": 0.1113, ""DE"": 0.0875}"
2026-04-04,1,30,0.1323,9.228,"{""US"": 0.4882, ""IN"": 0.24, ""BR"": 0.072, ""GB"": 0.1086, ""DE"": 0.0913}"
2026-04-04,2,238,1.0608,8.6808,"{""US"": 0.4882, ""IN"": 0.24, ""BR"": 0.072, ""GB"": 0.1086, ""DE"": 0.0913}"
2026-04-04,4,49,0.2243,9.4346,"{""US"": 0.4882, ""IN"": 0.24, ""BR"": 0.072, ""GB"": 0.1086, ""DE"": 0.0913}"
2026-04-04,6,41,0.1801,9.1029,"{""US"": 0.4882, ""IN"": 0.24, ""BR"": 0.072, ""GB"": 0.1086, ""DE"": 0.0913}"
2026-04-04,7,39,0.1727,8.9424,"{""US"": 0.4882, ""IN"": 0.24, ""BR"": 0.072, ""GB"": 0.1086, ""DE"": 0.0913}"
2026-04-04,8,24,0.1126,9.8421,"{""US"": 0.4882, ""IN"": 0.24, ""BR"": 0.072, ""GB"": 0.1086, ""DE"": 0.0913}"
2026-04-04,9,25,0.1233,8.8868,"{""US"": 0.4882, ""IN"": 0.24, ""BR"": 0.072, ""GB"": 0.1086, ""DE"": 0.0913}"
2026-04-04,10,34,0.1529,9.272,"{""US"": 0.4882, ""IN"": 0.24, ""BR"": 0.072, ""GB"": 0.1086, ""DE"": 0.0913}"
2026-04-04,11,90,0.4069,8.707,"{""US"": 0.4882, ""IN"": 0.24, ""BR"": 0.072, ""GB"": 0.1086, ""DE"": 0.0913}"
2026-04-04,12,29,0.151,8.6781,"{""US"": 0.4882, ""IN"": 0.24, ""BR"": 0.072, ""GB"": 0.1086, ""DE"": 0.0913}"
2026-04-04,13,33,0.1421,9.4261,"{""US"": 0.4882, ""IN"": 0.24, ""BR"": 0.072, ""GB"": 0.1086, ""DE"": 0.0913}"
2026-04-04,15,28,0.1377,9.4455,"{""US"": 0.4882, ""IN"": 0.24, ""BR"": 0.072, ""GB"": 0.1086, ""DE"": 0.0913}"
2026-04-04,16,356,0.3952,3.5035,"{""US"": 0.4882, ""IN"": 0.24, ""BR"": 0.072, ""GB"": 0.1086, ""DE"": 0.0913}"
2026-04-04,17,27,0.0288,3.3008,"{""US"": 0.4882, ""IN"": 0.24, ""BR"": 0.072, ""GB"": 0.1086, ""DE"": 0.0913}"
2026-04-04,18,37,0.0415,3.2751,"{""US"": 0.4882, ""IN"": 0.24, ""BR"": 0.072, ""GB"": 0.1086, ""DE"": 0.0913}"
2026-04-04,19,49,0.0559,2.7837,"{""US"": 0.4882, ""IN"": 0.24, ""BR"": 0.072, ""GB"": 0.1086, ""DE"": 0.0913}"
2026-04-04,20,53,0.0578,3.3485,"{""US"": 0.4882, ""IN"": 0.24, ""BR"": 0.072, ""GB"": 0.1086, ""DE"": 0.0913}"
2026-04-04,21,58,0.0653,3.681,"{""US"": 0.4882, ""IN"": 0.24, ""BR"": 0.072, ""GB"": 0.1086, ""DE"": 0.0913}"
2026-04-04,22,57,0.0713,3.3644,"{""US"": 0.4882, ""IN"": 0.24, ""BR"": 0.072, ""GB"": 0.1086, ""DE"": 0.0913}"
2026-04-04,23,78,0.0842,3.5561,"{""US"": 0.4882, ""IN"": 0.24, ""BR"": 0.072, ""GB"": 0.1086, ""DE"": 0.0913}"
2026-04-04,24,203,0.2518,2.9768,"{""US"": 0.4882, ""IN"": 0.24, ""BR"": 0.072, ""GB"": 0.1086, ""DE"": 0.0913}"
2026-04-04,25,65,0.0722,3.3266,"{""US"": 0.4882, ""IN"": 0.24, ""BR"": 0.072, ""GB"": 0.1086, ""DE"": 0.0913}"
2026-04-04,27,61,0.0686,3.4705,"{""US"": 0.4882, ""IN"": 0.24, ""BR"": 0.072, ""GB"": 0.1086, ""DE"": 0.0913}"
2026-04-04,28,62,0.0703,3.2126,"{""US"": 0.4882, ""IN"": 0.24, ""BR"": 0.072, ""GB"": 0.1086, ""DE"": 0.0913}"
2026-04-04,29,44,0.047,3.4639,"{""US"": 0.4882, ""IN"": 0.24, ""BR"": 0.072, ""GB"": 0.1086, ""DE"": 0.0913}"
2026-04-04,30,519,0.569,3.4603,"{""US"": 0.4882, ""IN"": 0.24, ""BR"": 0.072, ""GB"": 0.1086, ""DE"": 0.0913}"
2026-04-04,31,66,0.0722,3.4827,"{""US"": 0.4882, ""IN"": 0.24, ""BR"": 0.072, ""GB"": 0.1086, ""DE"": 0.0913}"
2026-04-04,32,62,0.0745,3.4622,"{""US"": 0.4882, ""IN"": 0.24, ""BR"": 0.072, ""GB"": 0.1086, ""DE"": 0.0913}"
2026-04-04,34,216,0.0758,0.5807,"{""US"": 0.4882, ""IN"": 0.24, ""BR"": 0.072, ""GB"": 0.1086, ""DE"": 0.0913}"
2026-04-04,35,217,0.0772,0.5785,"{""US"": 0.4882, ""IN"": 0.24, ""BR"": 0.072, ""GB"": 0.1086, ""DE"": 0.0913}"
2026-04-04,36,291,0.1004,0.6277,"{""US"": 0.4882, ""IN"": 0.24, ""BR"": 0.072, ""GB"": 0.1086, ""DE"": 0.0913}"
2026-04-04,37,202,0.0699,0.6059,"{""US"": 0.4882, ""IN"": 0.24, ""BR"": 0.072, ""GB"": 0.1086, ""DE"": 0.0913}"
2026-04-04,38,4229,1.3912,0.6173,"{""US"": 0.4882, ""IN"": 0.24, ""BR"": 0.072, ""GB"": 0.1086, ""DE"": 0.0913}"
2026-04-04,39,1034,0.3332,0.6104,"{""US"": 0.4882, ""IN"": 0.24, ""BR"": 0.072, ""GB"": 0.1086, ""DE"": 0.0913}"
2026-04-04,42,217,0.0724,0.5702,"{""US"": 0.4882, ""IN"": 0.24, ""BR"": 0.072, ""GB"": 0.1086, ""DE"": 0.0913}"
2026-04-04,43,221,0.0762,0.6258,"{""US"": 0.4882, ""IN"": 0.24, ""BR"": 0.072, ""GB"": 0.1086, ""DE"": 0.0913}"
2026-04-04,44,109,0.3404,7.2472,"{""US"": 0.4882, ""IN"": 0.24, ""BR"": 0.072, ""GB"": 0.1086, ""DE"": 0.0913}"
2026-04-04,45,30,0.1078,6.6836,"{""US"": 0.4882, ""IN"": 0.24, ""BR"": 0.072, ""GB"": 0.1086, ""DE"": 0.0913}"
2026-04-04,46,83,0.2557,7.2537,"{""US"": 0.4882, ""IN"": 0.24, ""BR"": 0.072, ""GB"": 0.1086, ""DE"": 0.0913}"
2026-04-04,47,20,0.0741,6.8528,"{""US"": 0.4882, ""IN"": 0.24, ""BR"": 0.072, ""GB"": 0.1086, ""DE"": 0.0913}"
2026-04-04,48,35,0.1096,7.1978,"{""US"": 0.4882, ""IN"": 0.24, ""BR"": 0.072, ""GB"": 0.1086, ""DE"": 0.0913}"
2026-04-04,49,25,0.0429,3.6107,"{""US"": 0.4882, ""IN"": 0.24, ""BR"": 0.072, ""GB"": 0.1086, ""DE"": 0.0913}"
2026-04-04,50,14,0.025,3.5302,"{""US"": 0.4882, ""IN"": 0.24, ""BR"": 0.072, ""GB"": 0.1086, ""DE"": 0.0913}"
2026-04-05,1,24,0.1137,9.6024,"{""US"": 0.5257, ""IN"": 0.1761, ""BR"": 0.0774, ""GB"": 0.1088, ""DE"": 0.1121}"
2026-04-05,2,158,0.7891,9.8834,"{""US"": 0.5257, ""IN"": 0.1761, ""BR"": 0.0774, ""GB"": 0.1088, ""DE"": 0.1121}"
2026-04-05,4,25,0.1289,9.5226,"{""US"": 0.5257, ""IN"": 0.1761, ""BR"": 0.0774, ""GB"": 0.1088, ""DE"": 0.1121}"
2026-04-05,6,42,0.1912,9.6461,"{""US"": 0.5257, ""IN"": 0.1761, ""BR"": 0.0774, ""GB"": 0.1088, ""DE"": 0.1121}"
2026-04-05,7,29,0.1476,9.267,"{""US"": 0.5257, ""IN"": 0.1761, ""BR"": 0.0774, ""GB"": 0.1088, ""DE"": 0.1121}"
2026-04-05,8,30,0.1408,9.5389,"{""US"": 0.5257, ""IN"": 0.1761, ""BR"": 0.0774, ""GB"": 0.1088, ""DE"": 0.1121}"
2026-04-05,9,28,0.149,10.0913,"{""US"": 0.5257, ""IN"": 0.1761, ""BR"": 0.0774, ""GB"": 0.1088, ""DE"": 0.1121}"
2026-04-05,10,29,0.1378,9.6909,"{""US"": 0.5257, ""IN"": 0.1761, ""BR"": 0.0774, ""GB"": 0.1088, ""DE"": 0.1121}"
2026-04-05,11,68,0.3597,9.6019,"{""US"": 0.5257, ""IN"": 0.1761, ""BR"": 0.0774, ""GB"": 0.1088, ""DE"": 0.1121}"
2026-04-05,12,36,0.1755,9.6735,"{""US"": 0.5257, ""IN"": 0.1761, ""BR"": 0.0774, ""GB"": 0.1088, ""DE"": 0.1121}"
2026-04-05,13,24,0.1191,9.7412,"{""US"": 0.5257, ""IN"": 0.1761, ""BR"": 0.0774, ""GB"": 0.1088, ""DE"": 0.1121}"
2026-04-05,15,31,0.1494,10.0115,"{""US"": 0.5257, ""IN"": 0.1761, ""BR"": 0.0774, ""GB"": 0.1088, ""DE"": 0.1121}"
2026-04-05,16,270,0.3218,3.4487,"{""US"": 0.5257, ""IN"": 0.1761, ""BR"": 0.0774, ""GB"": 0.1088, ""DE"": 0.1121}"
2026-04-05,17,37,0.0463,3.578,"{""US"": 0.5257, ""IN"": 0.1761, ""BR"": 0.0774, ""GB"": 0.1088, ""DE"": 0.1121}"
2026-04-05,18,62,0.0758,3.4219,"{""US"": 0.5257, ""IN"": 0.1761, ""BR"": 0.0774, ""GB"": 0.1088, ""DE"": 0.1121}"
2026-04-05,19,47,0.0566,3.805,"{""US"": 0.5257, ""IN"": 0.1761, ""BR"": 0.0774, ""GB"": 0.1088, ""DE"": 0.1121}"
2026-04-05,20,53,0.0632,3.5503,"{""US"": 0.5257, ""IN"": 0.1761, ""BR"": 0.0774, ""GB"": 0.1088, ""DE"": 0.1121}"
2026-04-05,21,49,0.0591,3.575,"{""US"": 0.5257, ""IN"": 0.1761, ""BR"": 0.0774, ""GB"": 0.1088, ""DE"": 0.1121}"
2026-04-05,22,54,0.0614,3.9566,"{""US"": 0.5257, ""IN"": 0.1761, ""BR"": 0.0774, ""GB"": 0.1088, ""DE"": 0.1121}"
2026-04-05,23,66,0.0766,3.7931,"{""US"": 0.5257, ""IN"": 0.1761, ""BR"": 0.0774, ""GB"": 0.1088, ""DE"": 0.1121}"
2026-04-05,24,138,0.1592,3.5199,"{""US"": 0.5257, ""IN"": 0.1761, ""BR"": 0.0774, ""GB"": 0.1088, ""DE"": 0.1121}"
2026-04-05,25,32,0.0431,3.484,"{""US"": 0.5257, ""IN"": 0.1761, ""BR"": 0.0774, ""GB"": 0.1088, ""DE"": 0.1121}"
2026-04-05,27,37,0.0466,3.5968,"{""US"": 0.5257, ""IN"": 0.1761, ""BR"": 0.0774, ""GB"": 0.1088, ""DE"": 0.1121}"
2026-04-05,28,50,0.0654,3.6808,"{""US"": 0.5257, ""IN"": 0.1761, ""BR"": 0.0774, ""GB"": 0.1088, ""DE"": 0.1121}"
2026-04-05,29,49,0.0599,3.757,"{""US"": 0.5257, ""IN"": 0.1761, ""BR"": 0.0774, ""GB"": 0.1088, ""DE"": 0.1121}"
2026-04-05,30,520,0.6354,3.8268,"{""US"": 0.5257, ""IN"": 0.1761, ""BR"": 0.0774, ""GB"": 0.1088, ""DE"": 0.1121}"
2026-04-05,31,54,0.0648,3.3956,"{""US"": 0.5257, ""IN"": 0.1761, ""BR"": 0.0774, ""GB"": 0.1088, ""DE"": 0.1121}"
2026-04-05,32,38,0.0502,3.7781,"{""US"": 0.5257, ""IN"": 0.1761, ""BR"": 0.0774, ""GB"": 0.1088, ""DE"": 0.1121}"
2026-04-05,34,243,0.0853,0.5926,"{""US"": 0.5257, ""IN"": 0.1761, ""BR"": 0.0774, ""GB"": 0.1088, ""DE"": 0.1121}"
2026-04-05,35,168,0.0568,0.674,"{""US"": 0.5257, ""IN"": 0.1761, ""BR"": 0.0774, ""GB"": 0.1088, ""DE"": 0.1121}"
2026-04-05,36,200,0.0744,0.6212,"{""US"": 0.5257, ""IN"": 0.1761, ""BR"": 0.0774, ""GB"": 0.1088, ""DE"": 0.1121}"
2026-04-05,37,213,0.0835,0.6452,"{""US"": 0.5257, ""IN"": 0.1761, ""BR"": 0.0774, ""GB"": 0.1088, ""DE"": 0.1121}"
2026-04-05,38,4536,1.6661,0.6245,"{""US"": 0.5257, ""IN"": 0.1761, ""BR"": 0.0774, ""GB"": 0.1088, ""DE"": 0.1121}"
2026-04-05,39,1315,0.4975,0.6153,"{""US"": 0.5257, ""IN"": 0.1761, ""BR"": 0.0774, ""GB"": 0.1088, ""DE"": 0.1121}"
2026-04-05,42,253,0.0938,0.6041,"{""US"": 0.5257, ""IN"": 0.1761, ""BR"": 0.0774, ""GB"": 0.1088, ""DE"": 0.1121}"
2026-04-05,43,221,0.0794,0.59,"{""US"": 0.5257, ""IN"": 0.1761, ""BR"": 0.0774, ""GB"": 0.1088, ""DE"": 0.1121}"
2026-04-05,44,113,0.446,7.2625,"{""US"": 0.5257, ""IN"": 0.1761, ""BR"": 0.0774, ""GB"": 0.1088, ""DE"": 0.1121}"
2026-04-05,45,17,0.059,6.993,"{""US"": 0.5257, ""IN"": 0.1761, ""BR"": 0.0774, ""GB"": 0.1088, ""DE"": 0.1121}"
2026-04-05,46,80,0.2854,7.1807,"{""US"": 0.5257, ""IN"": 0.1761, ""BR"": 0.0774, ""GB"": 0.1088, ""DE"": 0.1121}"
2026-04-05,47,30,0.1163,7.2055,"{""US"": 0.5257, ""IN"": 0.1761, ""BR"": 0.0774, ""GB"": 0.1088, ""DE"": 0.1121}"
2026-04-05,48,25,0.0881,7.1628,"{""US"": 0.5257, ""IN"": 0.1761, ""BR"": 0.0774, ""GB"": 0.1088, ""DE"": 0.1121}"
2026-04-05,49,14,0.0256,3.4368,"{""US"": 0.5257, ""IN"": 0.1761, ""BR"": 0.0774, ""GB"": 0.1088, ""DE"": 0.1121}"
2026-04-05,50,14,0.024,3.5633,"{""US"": 0.5257, ""IN"": 0.1761, ""BR"": 0.0774, ""GB"": 0.1088, ""DE"": 0.1121}"
2026-04-06,1,53,0.2408,9.4172,"{""US"": 0.4967, ""IN"": 0.2157, ""BR"": 0.117, ""GB"": 0.0752, ""DE"": 0.0954}"
2026-04-06,2,245,1.1953,8.2735,"{""US"": 0.4967, ""IN"": 0.2157, ""BR"": 0.117, ""GB"": 0.0752, ""DE"": 0.0954}"
2026-04-06,4,29,0.1376,8.4478,"{""US"": 0.4967, ""IN"": 0.2157, ""BR"": 0.117, ""GB"": 0.0752, ""DE"": 0.0954}"
2026-04-06,6,40,0.1767,8.3801,"{""US"": 0.4967, ""IN"": 0.2157, ""BR"": 0.117, ""GB"": 0.0752, ""DE"": 0.0954}"
2026-04-06,7,51,0.2217,8.4496,"{""US"": 0.4967, ""IN"": 0.2157, ""BR"": 0.117, ""GB"": 0.0752, ""DE"": 0.0954}"
2026-04-06,8,43,0.1872,8.8418,"{""US"": 0.4967, ""IN"": 0.2157, ""BR"": 0.117, ""GB"": 0.0752, ""DE"": 0.0954}"
2026-04-06,9,29,0.1264,9.1482,"{""US"": 0.4967, ""IN"": 0.2157, ""BR"": 0.117, ""GB"": 0.0752, ""DE"": 0.0954}"
2026-04-06,10,53,0.2064,8.8208,"{""US"": 0.4967, ""IN"": 0.2157, ""BR"": 0.117, ""GB"": 0.0752, ""DE"": 0.0954}"
2026-04-06,11,71,0.3432,9.0326,"{""US"": 0.4967, ""IN"": 0.2157, ""BR"": 0.117, ""GB"": 0.0752, ""DE"": 0.0954}"
2026-04-06,12,49,0.2103,8.0889,"{""US"": 0.4967, ""IN"": 0.2157, ""BR"": 0.117, ""GB"": 0.0752, ""DE"": 0.0954}"
2026-04-06,13,39,0.1674,8.5486,"{""US"": 0.4967, ""IN"": 0.2157, ""BR"": 0.117, ""GB"": 0.0752, ""DE"": 0.0954}"
2026-04-06,15,44,0.1932,9.2699,"{""US"": 0.4967, ""IN"": 0.2157, ""BR"": 0.117, ""GB"": 0.0752, ""DE"": 0.0954}"
2026-04-06,16,352,0.4163,3.0113,"{""US"": 0.4967, ""IN"": 0.2157, ""BR"": 0.117, ""GB"": 0.0752, ""DE"": 0.0954}"
2026-04-06,17,70,0.0753,3.6092,"{""US"": 0.4967, ""IN"": 0.2157, ""BR"": 0.117, ""GB"": 0.0752, ""DE"": 0.0954}"
2026-04-06,18,69,0.077,3.5109,"{""US"": 0.4967, ""IN"": 0.2157, ""BR"": 0.117, ""GB"": 0.0752, ""DE"": 0.0954}"
2026-04-06,19,58,0.0682,3.4684,"{""US"": 0.4967, ""IN"": 0.2157, ""BR"": 0.117, ""GB"": 0.0752, ""DE"": 0.0954}"
2026-04-06,20,57,0.0617,3.3884,"{""US"": 0.4967, ""IN"": 0.2157, ""BR"": 0.117, ""GB"": 0.0752, ""DE"": 0.0954}"
2026-04-06,21,75,0.0922,3.4144,"{""US"": 0.4967, ""IN"": 0.2157, ""BR"": 0.117, ""GB"": 0.0752, ""DE"": 0.0954}"
2026-04-06,22,51,0.0577,3.6226,"{""US"": 0.4967, ""IN"": 0.2157, ""BR"": 0.117, ""GB"": 0.0752, ""DE"": 0.0954}"
2026-04-06,23,87,0.0948,3.2044,"{""US"": 0.4967, ""IN"": 0.2157, ""BR"": 0.117, ""GB"": 0.0752, ""DE"": 0.0954}"
2026-04-06,24,209,0.2205,3.5754,"{""US"": 0.4967, ""IN"": 0.2157, ""BR"": 0.117, ""GB"": 0.0752, ""DE"": 0.0954}"
2026-04-06,25,59,0.0635,3.4474,"{""US"": 0.4967, ""IN"": 0.2157, ""BR"": 0.117, ""GB"": 0.0752, ""DE"": 0.0954}"
2026-04-06,27,56,0.0605,3.6179,"{""US"": 0.4967, ""IN"": 0.2157, ""BR"": 0.117, ""GB"": 0.0752, ""DE"": 0.0954}"
2026-04-06,28,51,0.057,3.2464,"{""US"": 0.4967, ""IN"": 0.2157, ""BR"": 0.117, ""GB"": 0.0752, ""DE"": 0.0954}"
2026-04-06,29,49,0.059,3.2257,"{""US"": 0.4967, ""IN"": 0.2157, ""BR"": 0.117, ""GB"": 0.0752, ""DE"": 0.0954}"
2026-04-06,30,778,0.9197,3.5688,"{""US"": 0.4967, ""IN"": 0.2157, ""BR"": 0.117, ""GB"": 0.0752, ""DE"": 0.0954}"
2026-04-06,31,37,0.0437,3.2938,"{""US"": 0.4967, ""IN"": 0.2157, ""BR"": 0.117, ""GB"": 0.0752, ""DE"": 0.0954}"
2026-04-06,32,90,0.0993,3.473,"{""US"": 0.4967, ""IN"": 0.2157, ""BR"": 0.117, ""GB"": 0.0752, ""DE"": 0.0954}"
2026-04-06,34,259,0.0891,0.5824,"{""US"": 0.4967, ""IN"": 0.2157, ""BR"": 0.117, ""GB"": 0.0752, ""DE"": 0.0954}"
2026-04-06,35,214,0.0744,0.6113,"{""US"": 0.4967, ""IN"": 0.2157, ""BR"": 0.117, ""GB"": 0.0752, ""DE"": 0.0954}"
2026-04-06,36,311,0.1115,0.5591,"{""US"": 0.4967, ""IN"": 0.2157, ""BR"": 0.117, ""GB"": 0.0752, ""DE"": 0.0954}"
2026-04-06,37,335,0.1063,0.5393,"{""US"": 0.4967, ""IN"": 0.2157, ""BR"": 0.117, ""GB"": 0.0752, ""DE"": 0.0954}"
2026-04-06,38,4511,1.5303,0.5289,"{""US"": 0.4967, ""IN"": 0.2157, ""BR"": 0.117, ""GB"": 0.0752, ""DE"": 0.0954}"
2026-04-06,39,1192,0.4236,0.5934,"{""US"": 0.4967, ""IN"": 0.2157, ""BR"": 0.117, ""GB"": 0.0752, ""DE"": 0.0954}"
2026-04-06,42,291,0.0964,0.5664,"{""US"": 0.4967, ""IN"": 0.2157, ""BR"": 0.117, ""GB"": 0.0752, ""DE"": 0.0954}"
2026-04-06,43,223,0.0803,0.5832,"{""US"": 0.4967, ""IN"": 0.2157, ""BR"": 0.117, ""GB"": 0.0752, ""DE"": 0.0954}"
2026-04-06,44,90,0.3064,6.7376,"{""US"": 0.4967, ""IN"": 0.2157, ""BR"": 0.117, ""GB"": 0.0752, ""DE"": 0.0954}"
2026-04-06,45,41,0.1348,6.4359,"{""US"": 0.4967, ""IN"": 0.2157, ""BR"": 0.117, ""GB"": 0.0752, ""DE"": 0.0954}"
2026-04-06,46,103,0.3648,6.9294,"{""US"": 0.4967, ""IN"": 0.2157, ""BR"": 0.117, ""GB"": 0.0752, ""DE"": 0.0954}"
2026-04-06,47,20,0.0725,6.3521,"{""US"": 0.4967, ""IN"": 0.2157, ""BR"": 0.117, ""GB"": 0.0752, ""DE"": 0.0954}"
2026-04-06,48,43,0.1393,6.7769,"{""US"": 0.4967, ""IN"": 0.2157, ""BR"": 0.117, ""GB"": 0.0752, ""DE"": 0.0954}"
2026-04-06,49,17,0.0275,3.383,"{""US"": 0.4967, ""IN"": 0.2157, ""BR"": 0.117, ""GB"": 0.0752, ""DE"": 0.0954}"
2026-04-06,50,13,0.0227,3.2846,"{""US"": 0.4967, ""IN"": 0.2157, ""BR"": 0.117, ""GB"": 0.0752, ""DE"": 0.0954}"
2026-04-07,1,42,0.2108,9.5084,"{""US"": 0.4805, ""IN"": 0.2279, ""BR"": 0.0649, ""GB"": 0.1116, ""DE"": 0.1151}"
2026-04-07,2,204,0.9882,9.531,"{""US"": 0.4805, ""IN"": 0.2279, ""BR"": 0.0649, ""GB"": 0.1116, ""DE"": 0.1151}"
2026-04-07,4,54,0.2547,9.1419,"{""US"": 0.4805, ""IN"": 0.2279, ""BR"": 0.0649, ""GB"": 0.1116, ""DE"": 0.1151}"
2026-04-07,6,43,0.2105,8.7206,"{""US"": 0.4805, ""IN"": 0.2279, ""BR"": 0.0649, ""GB"": 0.1116, ""DE"": 0.1151}"
2026-04-07,7,53,0.2431,8.7912,"{""US"": 0.4805, ""IN"": 0.2279, ""BR"": 0.0649, ""GB"": 0.1116, ""DE"": 0.1151}"
2026-04-07,8,49,0.2416,8.9396,"{""US"": 0.4805, ""IN"": 0.2279, ""BR"": 0.0649, ""GB"": 0.1116, ""DE"": 0.1151}"
2026-04-07,9,28,0.1231,8.7211,"{""US"": 0.4805, ""IN"": 0.2279, ""BR"": 0.0649, ""GB"": 0.1116, ""DE"": 0.1151}"
2026-04-07,10,37,0.1781,9.4604,"{""US"": 0.4805, ""IN"": 0.2279, ""BR"": 0.0649, ""GB"": 0.1116, ""DE"": 0.1151}"
2026-04-07,11,41,0.1911,9.2347,"{""US"": 0.4805, ""IN"": 0.2279, ""BR"": 0.0649, ""GB"": 0.1116, ""DE"": 0.1151}"
2026-04-07,12,45,0.2004,9.4342,"{""US"": 0.4805, ""IN"": 0.2279, ""BR"": 0.0649, ""GB"": 0.1116, ""DE"": 0.1151}"
2026-04-07,13,51,0.2374,9.8243,"{""US"": 0.4805, ""IN"": 0.2279, ""BR"": 0.0649, ""GB"": 0.1116, ""DE"": 0.1151}"
2026-04-07,15,45,0.204,8.9819,"{""US"": 0.4805, ""IN"": 0.2279, ""BR"": 0.0649, ""GB"": 0.1116, ""DE"": 0.1151}"
2026-04-07,16,251,0.3132,3.6998,"{""US"": 0.4805, ""IN"": 0.2279, ""BR"": 0.0649, ""GB"": 0.1116, ""DE"": 0.1151}"
2026-04-07,17,44,0.0517,3.356,"{""US"": 0.4805, ""IN"": 0.2279, ""BR"": 0.0649, ""GB"": 0.1116, ""DE"": 0.1151}"
2026-04-07,18,64,0.0701,3.5529,"{""US"": 0.4805, ""IN"": 0.2279, ""BR"": 0.0649, ""GB"": 0.1116, ""DE"": 0.1151}"
2026-04-07,19,45,0.0462,3.3514,"{""US"": 0.4805, ""IN"": 0.2279, ""BR"": 0.0649, ""GB"": 0.1116, ""DE"": 0.1151}"
2026-04-07,20,63,0.0711,3.646,"{""US"": 0.4805, ""IN"": 0.2279, ""BR"": 0.0649, ""GB"": 0.1116, ""DE"": 0.1151}"
2026-04-07,21,77,0.0833,3.3548,"{""US"": 0.4805, ""IN"": 0.2279, ""BR"": 0.0649, ""GB"": 0.1116, ""DE"": 0.1151}"
2026-04-07,22,67,0.0754,3.4798,"{""US"": 0.4805, ""IN"": 0.2279, ""BR"": 0.0649, ""GB"": 0.1116, ""DE"": 0.1151}"
2026-04-07,23,76,0.0843,3.6099,"{""US"": 0.4805, ""IN"": 0.2279, ""BR"": 0.0649, ""GB"": 0.1116, ""DE"": 0.1151}"
2026-04-07,24,182,0.229,3.4483,"{""US"": 0.4805, ""IN"": 0.2279, ""BR"": 0.0649, ""GB"": 0.1116, ""DE"": 0.1151}"
2026-04-07,25,55,0.064,3.7389,"{""US"": 0.4805, ""IN"": 0.2279, ""BR"": 0.0649, ""GB"": 0.1116, ""DE"": 0.1151}"
2026-04-07,27,65,0.0754,3.5462,"{""US"": 0.4805, ""IN"": 0.2279, ""BR"": 0.0649, ""GB"": 0.1116, ""DE"": 0.1151}"
2026-04-07,28,48,0.0582,3.5425,"{""US"": 0.4805, ""IN"": 0.2279, ""BR"": 0.0649, ""GB"": 0.1116, ""DE"": 0.1151}"
2026-04-07,29,56,0.0671,3.6462,"{""US"": 0.4805, ""IN"": 0.2279, ""BR"": 0.0649, ""GB"": 0.1116, ""DE"": 0.1151}"
2026-04-07,30,468,0.562,3.6231,"{""US"": 0.4805, ""IN"": 0.2279, ""BR"": 0.0649, ""GB"": 0.1116, ""DE"": 0.1151}"
2026-04-07,31,40,0.0453,3.7093,"{""US"": 0.4805, ""IN"": 0.2279, ""BR"": 0.0649, ""GB"": 0.1116, ""DE"": 0.1151}"
2026-04-07,32,72,0.0906,3.3145,"{""US"": 0.4805, ""IN"": 0.2279, ""BR"": 0.0649, ""GB"": 0.1116, ""DE"": 0.1151}"
2026-04-07,34,293,0.0982,0.5876,"{""US"": 0.4805, ""IN"": 0.2279, ""BR"": 0.0649, ""GB"": 0.1116, ""DE"": 0.1151}"
2026-04-07,35,227,0.0802,0.5727,"{""US"": 0.4805, ""IN"": 0.2279, ""BR"": 0.0649, ""GB"": 0.1116, ""DE"": 0.1151}"
2026-04-07,36,285,0.1047,0.6161,"{""US"": 0.4805, ""IN"": 0.2279, ""BR"": 0.0649, ""GB"": 0.1116, ""DE"": 0.1151}"
2026-04-07,37,257,0.0904,0.5818,"{""US"": 0.4805, ""IN"": 0.2279, ""BR"": 0.0649, ""GB"": 0.1116, ""DE"": 0.1151}"
2026-04-07,38,3644,1.2813,0.5395,"{""US"": 0.4805, ""IN"": 0.2279, ""BR"": 0.0649, ""GB"": 0.1116, ""DE"": 0.1151}"
2026-04-07,39,1265,0.479,0.5866,"{""US"": 0.4805, ""IN"": 0.2279, ""BR"": 0.0649, ""GB"": 0.1116, ""DE"": 0.1151}"
2026-04-07,42,268,0.0907,0.6027,"{""US"": 0.4805, ""IN"": 0.2279, ""BR"": 0.0649, ""GB"": 0.1116, ""DE"": 0.1151}"
2026-04-07,43,334,0.1092,0.621,"{""US"": 0.4805, ""IN"": 0.2279, ""BR"": 0.0649, ""GB"": 0.1116, ""DE"": 0.1151}"
2026-04-07,44,69,0.2307,7.2973,"{""US"": 0.4805, ""IN"": 0.2279, ""BR"": 0.0649, ""GB"": 0.1116, ""DE"": 0.1151}"
2026-04-07,45,48,0.1572,6.8533,"{""US"": 0.4805, ""IN"": 0.2279, ""BR"": 0.0649, ""GB"": 0.1116, ""DE"": 0.1151}"
2026-04-07,46,66,0.2279,7.2458,"{""US"": 0.4805, ""IN"": 0.2279, ""BR"": 0.0649, ""GB"": 0.1116, ""DE"": 0.1151}"
2026-04-07,47,49,0.179,6.4204,"{""US"": 0.4805, ""IN"": 0.2279, ""BR"": 0.0649, ""GB"": 0.1116, ""DE"": 0.1151}"
2026-04-07,48,42,0.1607,6.9607,"{""US"": 0.4805, ""IN"": 0.2279, ""BR"": 0.0649, ""GB"": 0.1116, ""DE"": 0.1151}"
2026-04-07,49,17,0.0296,3.4665,"{""US"": 0.4805, ""IN"": 0.2279, ""BR"": 0.0649, ""GB"": 0.1116, ""DE"": 0.1151}"
2026-04-07,50,19,0.0308,3.1705,"{""US"": 0.4805, ""IN"": 0.2279, ""BR"": 0.0649, ""GB"": 0.1116, ""DE"": 0.1151}"
2026-04-08,1,35,0.1774,9.7782,"{""US"": 0.4645, ""IN"": 0.2082, ""BR"": 0.084, ""GB"": 0.1159, ""DE"": 0.1274}"
2026-04-08,2,245,1.026,9.6452,"{""US"": 0.4645, ""IN"": 0.2082, ""BR"": 0.084, ""GB"": 0.1159, ""DE"": 0.1274}"
2026-04-08,4,28,0.1199,8.2482,"{""US"": 0.4645, ""IN"": 0.2082, ""BR"": 0.084, ""GB"": 0.1159, ""DE"": 0.1274}"
2026-04-08,6,45,0.2015,10.4579,"{""US"": 0.4645, ""IN"": 0.2082, ""BR"": 0.084, ""GB"": 0.1159, ""DE"": 0.1274}"
2026-04-08,7,45,0.2064,10.2286,"{""US"": 0.4645, ""IN"": 0.2082, ""BR"": 0.084, ""GB"": 0.1159, ""DE"": 0.1274}"
2026-04-08,8,25,0.1148,9.5256,"{""US"": 0.4645, ""IN"": 0.2082, ""BR"": 0.084, ""GB"": 0.1159, ""DE"": 0.1274}"
2026-04-08,9,34,0.1601,9.32,"{""US"": 0.4645, ""IN"": 0.2082, ""BR"": 0.084, ""GB"": 0.1159, ""DE"": 0.1274}"
2026-04-08,10,44,0.2003,9.2719,"{""US"": 0.4645, ""IN"": 0.2082, ""BR"": 0.084, ""GB"": 0.1159, ""DE"": 0.1274}"
2026-04-08,11,69,0.3056,9.0841,"{""US"": 0.4645, ""IN"": 0.2082, ""BR"": 0.084, ""GB"": 0.1159, ""DE"": 0.1274}"
2026-04-08,12,35,0.1574,9.3224,"{""US"": 0.4645, ""IN"": 0.2082, ""BR"": 0.084, ""GB"": 0.1159, ""DE"": 0.1274}"
2026-04-08,13,36,0.1721,9.3036,"{""US"": 0.4645, ""IN"": 0.2082, ""BR"": 0.084, ""GB"": 0.1159, ""DE"": 0.1274}"
2026-04-08,15,42,0.2055,9.0094,"{""US"": 0.4645, ""IN"": 0.2082, ""BR"": 0.084, ""GB"": 0.1159, ""DE"": 0.1274}"
2026-04-08,16,181,0.2153,3.3944,"{""US"": 0.4645, ""IN"": 0.2082, ""BR"": 0.084, ""GB"": 0.1159, ""DE"": 0.1274}"
2026-04-08,17,71,0.0807,3.3764,"{""US"": 0.4645, ""IN"": 0.2082, ""BR"": 0.084, ""GB"": 0.1159, ""DE"": 0.1274}"
2026-04-08,18,72,0.083,3.2475,"{""US"": 0.4645, ""IN"": 0.2082, ""BR"": 0.084, ""GB"": 0.1159, ""DE"": 0.1274}"
2026-04-08,19,83,0.0965,3.4969,"{""US"": 0.4645, ""IN"": 0.2082, ""BR"": 0.084, ""GB"": 0.1159, ""DE"": 0.1274}"
2026-04-08,20,58,0.0662,3.2068,"{""US"": 0.4645, ""IN"": 0.2082, ""BR"": 0.084, ""GB"": 0.1159, ""DE"": 0.1274}"
2026-04-08,21,60,0.0716,3.2975,"{""US"": 0.4645, ""IN"": 0.2082, ""BR"": 0.084, ""GB"": 0.1159, ""DE"": 0.1274}"
2026-04-08,22,75,0.0826,3.4033,"{""US"": 0.4645, ""IN"": 0.2082, ""BR"": 0.084, ""GB"": 0.1159, ""DE"": 0.1274}"
2026-04-08,23,59,0.0705,3.4888,"{""US"": 0.4645, ""IN"": 0.2082, ""BR"": 0.084, ""GB"": 0.1159, ""DE"": 0.1274}"
2026-04-08,24,150,0.171,3.7929,"{""US"": 0.4645, ""IN"": 0.2082, ""BR"": 0.084, ""GB"": 0.1159, ""DE"": 0.1274}"
2026-04-08,25,78,0.0912,3.5475,"{""US"": 0.4645, ""IN"": 0.2082, ""BR"": 0.084, ""GB"": 0.1159, ""DE"": 0.1274}"
2026-04-08,27,45,0.0561,3.4362,"{""US"": 0.4645, ""IN"": 0.2082, ""BR"": 0.084, ""GB"": 0.1159, ""DE"": 0.1274}"
2026-04-08,28,60,0.0667,3.1979,"{""US"": 0.4645, ""IN"": 0.2082, ""BR"": 0.084, ""GB"": 0.1159, ""DE"": 0.1274}"
2026-04-08,29,50,0.0563,3.1917,"{""US"": 0.4645, ""IN"": 0.2082, ""BR"": 0.084, ""GB"": 0.1159, ""DE"": 0.1274}"
2026-04-08,30,530,0.6088,3.2556,"{""US"": 0.4645, ""IN"": 0.2082, ""BR"": 0.084, ""GB"": 0.1159, ""DE"": 0.1274}"
2026-04-08,31,58,0.0742,3.4237,"{""US"": 0.4645, ""IN"": 0.2082, ""BR"": 0.084, ""GB"": 0.1159, ""DE"": 0.1274}"
2026-04-08,32,53,0.0597,3.5928,"{""US"": 0.4645, ""IN"": 0.2082, ""BR"": 0.084, ""GB"": 0.1159, ""DE"": 0.1274}"
2026-04-08,34,254,0.0851,0.608,"{""US"": 0.4645, ""IN"": 0.2082, ""BR"": 0.084, ""GB"": 0.1159, ""DE"": 0.1274}"
2026-04-08,35,185,0.0643,0.586,"{""US"": 0.4645, ""IN"": 0.2082, ""BR"": 0.084, ""GB"": 0.1159, ""DE"": 0.1274}"
2026-04-08,36,248,0.0893,0.5422,"{""US"": 0.4645, ""IN"": 0.2082, ""BR"": 0.084, ""GB"": 0.1159, ""DE"": 0.1274}"
2026-04-08,37,293,0.097,0.5855,"{""US"": 0.4645, ""IN"": 0.2082, ""BR"": 0.084, ""GB"": 0.1159, ""DE"": 0.1274}"
2026-04-08,38,2860,0.9501,0.5497,"{""US"": 0.4645, ""IN"": 0.2082, ""BR"": 0.084, ""GB"": 0.1159, ""DE"": 0.1274}"
2026-04-08,39,778,0.2861,0.5511,"{""US"": 0.4645, ""IN"": 0.2082, ""BR"": 0.084, ""GB"": 0.1159, ""DE"": 0.1274}"
2026-04-08,42,180,0.0595,0.569,"{""US"": 0.4645, ""IN"": 0.2082, ""BR"": 0.084, ""GB"": 0.1159, ""DE"": 0.1274}"
2026-04-08,43,232,0.081,0.5549,"{""US"": 0.4645, ""IN"": 0.2082, ""BR"": 0.084, ""GB"": 0.1159, ""DE"": 0.1274}"
2026-04-08,44,35,0.1273,6.943,"{""US"": 0.4645, ""IN"": 0.2082, ""BR"": 0.084, ""GB"": 0.1159, ""DE"": 0.1274}"
2026-04-08,45,32,0.1155,6.6657,"{""US"": 0.4645, ""IN"": 0.2082, ""BR"": 0.084, ""GB"": 0.1159, ""DE"": 0.1274}"
2026-04-08,46,62,0.2229,7.6234,"{""US"": 0.4645, ""IN"": 0.2082, ""BR"": 0.084, ""GB"": 0.1159, ""DE"": 0.1274}"
2026-04-08,47,24,0.0823,7.2636,"{""US"": 0.4645, ""IN"": 0.2082, ""BR"": 0.084, ""GB"": 0.1159, ""DE"": 0.1274}"
2026-04-08,48,37,0.1214,7.2011,"{""US"": 0.4645, ""IN"": 0.2082, ""BR"": 0.084, ""GB"": 0.1159, ""DE"": 0.1274}"
2026-04-08,49,19,0.0332,3.5617,"{""US"": 0.4645, ""IN"": 0.2082, ""BR"": 0.084, ""GB"": 0.1159, ""DE"": 0.1274}"
2026-04-08,50,25,0.0423,3.5908,"{""US"": 0.4645, ""IN"": 0.2082, ""BR"": 0.084, ""GB"": 0.1159, ""DE"": 0.1274}"
2026-04-09,1,48,0.2049,9.1829,"{""US"": 0.479, ""IN"": 0.2151, ""BR"": 0.1111, ""GB"": 0.0884, ""DE"": 0.1064}"
2026-04-09,2,154,0.7034,8.8732,"{""US"": 0.479, ""IN"": 0.2151, ""BR"": 0.1111, ""GB"": 0.0884, ""DE"": 0.1064}"
2026-04-09,4,34,0.1629,9.0919,"{""US"": 0.479, ""IN"": 0.2151, ""BR"": 0.1111, ""GB"": 0.0884, ""DE"": 0.1064}"
2026-04-09,6,45,0.1942,9.2763,"{""US"": 0.479, ""IN"": 0.2151, ""BR"": 0.1111, ""GB"": 0.0884, ""DE"": 0.1064}"
2026-04-09,7,39,0.1796,9.3677,"{""US"": 0.479, ""IN"": 0.2151, ""BR"": 0.1111, ""GB"": 0.0884, ""DE"": 0.1064}"
2026-04-09,8,29,0.1368,8.9426,"{""US"": 0.479, ""IN"": 0.2151, ""BR"": 0.1111, ""GB"": 0.0884, ""DE"": 0.1064}"
2026-04-09,9,35,0.149,8.853,"{""US"": 0.479, ""IN"": 0.2151, ""BR"": 0.1111, ""GB"": 0.0884, ""DE"": 0.1064}"
2026-04-09,10,43,0.2126,9.4202,"{""US"": 0.479, ""IN"": 0.2151, ""BR"": 0.1111, ""GB"": 0.0884, ""DE"": 0.1064}"
2026-04-09,11,87,0.4013,9.5805,"{""US"": 0.479, ""IN"": 0.2151, ""BR"": 0.1111, ""GB"": 0.0884, ""DE"": 0.1064}"
2026-04-09,12,35,0.1521,8.8264,"{""US"": 0.479, ""IN"": 0.2151, ""BR"": 0.1111, ""GB"": 0.0884, ""DE"": 0.1064}"
2026-04-09,13,49,0.2288,8.6603,"{""US"": 0.479, ""IN"": 0.2151, ""BR"": 0.1111, ""GB"": 0.0884, ""DE"": 0.1064}"
2026-04-09,15,21,0.0953,9.5824,"{""US"": 0.479, ""IN"": 0.2151, ""BR"": 0.1111, ""GB"": 0.0884, ""DE"": 0.1064}"
2026-04-09,16,197,0.236,3.3111,"{""US"": 0.479, ""IN"": 0.2151, ""BR"": 0.1111, ""GB"": 0.0884, ""DE"": 0.1064}"
2026-04-09,17,70,0.0833,3.1785,"{""US"": 0.479, ""IN"": 0.2151, ""BR"": 0.1111, ""GB"": 0.0884, ""DE"": 0.1064}"
2026-04-09,18,60,0.0656,3.1765,"{""US"": 0.479, ""IN"": 0.2151, ""BR"": 0.1111, ""GB"": 0.0884, ""DE"": 0.1064}"
2026-04-09,19,49,0.0541,3.15,"{""US"": 0.479, ""IN"": 0.2151, ""BR"": 0.1111, ""GB"": 0.0884, ""DE"": 0.1064}"
2026-04-09,20,60,0.0694,2.9583,"{""US"": 0.479, ""IN"": 0.2151, ""BR"": 0.1111, ""GB"": 0.0884, ""DE"": 0.1064}"
2026-04-09,21,60,0.071,3.4593,"{""US"": 0.479, ""IN"": 0.2151, ""BR"": 0.1111, ""GB"": 0.0884, ""DE"": 0.1064}"
2026-04-09,22,64,0.0714,3.3016,"{""US"": 0.479, ""IN"": 0.2151, ""BR"": 0.1111, ""GB"": 0.0884, ""DE"": 0.1064}"
2026-04-09,23,55,0.0654,3.4451,"{""US"": 0.479, ""IN"": 0.2151, ""BR"": 0.1111, ""GB"": 0.0884, ""DE"": 0.1064}"
2026-04-09,24,174,0.1997,3.175,"{""US"": 0.479, ""IN"": 0.2151, ""BR"": 0.1111, ""GB"": 0.0884, ""DE"": 0.1064}"
2026-04-09,25,74,0.0893,3.5177,"{""US"": 0.479, ""IN"": 0.2151, ""BR"": 0.1111, ""GB"": 0.0884, ""DE"": 0.1064}"
2026-04-09,27,64,0.0713,3.3619,"{""US"": 0.479, ""IN"": 0.2151, ""BR"": 0.1111, ""GB"": 0.0884, ""DE"": 0.1064}"
2026-04-09,28,53,0.0603,3.2059,"{""US"": 0.479, ""IN"": 0.2151, ""BR"": 0.1111, ""GB"": 0.0884, ""DE"": 0.1064}"
2026-04-09,29,51,0.061,3.3853,"{""US"": 0.479, ""IN"": 0.2151, ""BR"": 0.1111, ""GB"": 0.0884, ""DE"": 0.1064}"
2026-04-09,30,569,0.5997,3.1053,"{""US"": 0.479, ""IN"": 0.2151, ""BR"": 0.1111, ""GB"": 0.0884, ""DE"": 0.1064}"
2026-04-09,31,59,0.064,3.7095,"{""US"": 0.479, ""IN"": 0.2151, ""BR"": 0.1111, ""GB"": 0.0884, ""DE"": 0.1064}"
2026-04-09,32,48,0.0535,3.2363,"{""US"": 0.479, ""IN"": 0.2151, ""BR"": 0.1111, ""GB"": 0.0884, ""DE"": 0.1064}"
2026-04-09,34,290,0.0982,0.5273,"{""US"": 0.479, ""IN"": 0.2151, ""BR"": 0.1111, ""GB"": 0.0884, ""DE"": 0.1064}"
2026-04-09,35,249,0.0815,0.5466,"{""US"": 0.479, ""IN"": 0.2151, ""BR"": 0.1111, ""GB"": 0.0884, ""DE"": 0.1064}"
2026-04-09,36,296,0.1014,0.6032,"{""US"": 0.479, ""IN"": 0.2151, ""BR"": 0.1111, ""GB"": 0.0884, ""DE"": 0.1064}"
2026-04-09,37,154,0.0532,0.5408,"{""US"": 0.479, ""IN"": 0.2151, ""BR"": 0.1111, ""GB"": 0.0884, ""DE"": 0.1064}"
2026-04-09,38,2929,0.9801,0.5628,"{""US"": 0.479, ""IN"": 0.2151, ""BR"": 0.1111, ""GB"": 0.0884, ""DE"": 0.1064}"
2026-04-09,39,998,0.341,0.5174,"{""US"": 0.479, ""IN"": 0.2151, ""BR"": 0.1111, ""GB"": 0.0884, ""DE"": 0.1064}"
2026-04-09,42,267,0.0937,0.5517,"{""US"": 0.479, ""IN"": 0.2151, ""BR"": 0.1111, ""GB"": 0.0884, ""DE"": 0.1064}"
2026-04-09,43,237,0.0749,0.5657,"{""US"": 0.479, ""IN"": 0.2151, ""BR"": 0.1111, ""GB"": 0.0884, ""DE"": 0.1064}"
2026-04-09,44,91,0.3192,7.0093,"{""US"": 0.479, ""IN"": 0.2151, ""BR"": 0.1111, ""GB"": 0.0884, ""DE"": 0.1064}"
2026-04-09,45,42,0.1315,7.1098,"{""US"": 0.479, ""IN"": 0.2151, ""BR"": 0.1111, ""GB"": 0.0884, ""DE"": 0.1064}"
2026-04-09,46,69,0.2496,6.7319,"{""US"": 0.479, ""IN"": 0.2151, ""BR"": 0.1111, ""GB"": 0.0884, ""DE"": 0.1064}"
2026-04-09,47,51,0.1744,6.6222,"{""US"": 0.479, ""IN"": 0.2151, ""BR"": 0.1111, ""GB"": 0.0884, ""DE"": 0.1064}"
2026-04-09,48,25,0.0848,7.0315,"{""US"": 0.479, ""IN"": 0.2151, ""BR"": 0.1111, ""GB"": 0.0884, ""DE"": 0.1064}"
2026-04-09,49,22,0.0399,3.4331,"{""US"": 0.479, ""IN"": 0.2151, ""BR"": 0.1111, ""GB"": 0.0884, ""DE"": 0.1064}"
2026-04-09,50,12,0.0181,3.2582,"{""US"": 0.479, ""IN"": 0.2151, ""BR"": 0.1111, ""GB"": 0.0884, ""DE"": 0.1064}"
2026-04-10,1,51,0.22,8.8246,"{""US"": 0.4857, ""IN"": 0.205, ""BR"": 0.1236, ""GB"": 0.0984, ""DE"": 0.0873}"
2026-04-10,2,197,0.9112,8.9029,"{""US"": 0.4857, ""IN"": 0.205, ""BR"": 0.1236, ""GB"": 0.0984, ""DE"": 0.0873}"
2026-04-10,4,31,0.1342,9.0849,"{""US"": 0.4857, ""IN"": 0.205, ""BR"": 0.1236, ""GB"": 0.0984, ""DE"": 0.0873}"
2026-04-10,6,31,0.1397,8.3897,"{""US"": 0.4857, ""IN"": 0.205, ""BR"": 0.1236, ""GB"": 0.0984, ""DE"": 0.0873}"
2026-04-10,7,48,0.2349,9.229,"{""US"": 0.4857, ""IN"": 0.205, ""BR"": 0.1236, ""GB"": 0.0984, ""DE"": 0.0873}"
2026-04-10,8,34,0.1448,9.1134,"{""US"": 0.4857, ""IN"": 0.205, ""BR"": 0.1236, ""GB"": 0.0984, ""DE"": 0.0873}"
2026-04-10,9,40,0.1794,9.3946,"{""US"": 0.4857, ""IN"": 0.205, ""BR"": 0.1236, ""GB"": 0.0984, ""DE"": 0.0873}"
2026-04-10,10,39,0.1763,8.5018,"{""US"": 0.4857, ""IN"": 0.205, ""BR"": 0.1236, ""GB"": 0.0984, ""DE"": 0.0873}"
2026-04-10,11,59,0.265,9.2177,"{""US"": 0.4857, ""IN"": 0.205, ""BR"": 0.1236, ""GB"": 0.0984, ""DE"": 0.0873}"
2026-04-10,12,37,0.1574,9.0811,"{""US"": 0.4857, ""IN"": 0.205, ""BR"": 0.1236, ""GB"": 0.0984, ""DE"": 0.0873}"
2026-04-10,13,34,0.158,9.1384,"{""US"": 0.4857, ""IN"": 0.205, ""BR"": 0.1236, ""GB"": 0.0984, ""DE"": 0.0873}"
2026-04-10,15,31,0.1464,9.4449,"{""US"": 0.4857, ""IN"": 0.205, ""BR"": 0.1236, ""GB"": 0.0984, ""DE"": 0.0873}"
2026-04-10,16,288,0.3244,3.6065,"{""US"": 0.4857, ""IN"": 0.205, ""BR"": 0.1236, ""GB"": 0.0984, ""DE"": 0.0873}"
2026-04-10,17,70,0.0822,3.1291,"{""US"": 0.4857, ""IN"": 0.205, ""BR"": 0.1236, ""GB"": 0.0984, ""DE"": 0.0873}"
2026-04-10,18,48,0.0521,3.3631,"{""US"": 0.4857, ""IN"": 0.205, ""BR"": 0.1236, ""GB"": 0.0984, ""DE"": 0.0873}"
2026-04-10,19,39,0.0477,3.4568,"{""US"": 0.4857, ""IN"": 0.205, ""BR"": 0.1236, ""GB"": 0.0984, ""DE"": 0.0873}"
2026-04-10,20,77,0.0882,3.4664,"{""US"": 0.4857, ""IN"": 0.205, ""BR"": 0.1236, ""GB"": 0.0984, ""DE"": 0.0873}"
2026-04-10,21,48,0.0544,3.3104,"{""US"": 0.4857, ""IN"": 0.205, ""BR"": 0.1236, ""GB"": 0.0984, ""DE"": 0.0873}"
2026-04-10,22,88,0.1052,3.7093,"{""US"": 0.4857, ""IN"": 0.205, ""BR"": 0.1236, ""GB"": 0.0984, ""DE"": 0.0873}"
2026-04-10,23,75,0.0779,3.5123,"{""US"": 0.4857, ""IN"": 0.205, ""BR"": 0.1236, ""GB"": 0.0984, ""DE"": 0.0873}"
2026-04-10,24,152,0.1554,3.5374,"{""US"": 0.4857, ""IN"": 0.205, ""BR"": 0.1236, ""GB"": 0.0984, ""DE"": 0.0873}"
2026-04-10,25,51,0.0631,3.3116,"{""US"": 0.4857, ""IN"": 0.205, ""BR"": 0.1236, ""GB"": 0.0984, ""DE"": 0.0873}"
2026-04-10,27,48,0.0538,3.3422,"{""US"": 0.4857, ""IN"": 0.205, ""BR"": 0.1236, ""GB"": 0.0984, ""DE"": 0.0873}"
2026-04-10,28,69,0.081,3.6453,"{""US"": 0.4857, ""IN"": 0.205, ""BR"": 0.1236, ""GB"": 0.0984, ""DE"": 0.0873}"
2026-04-10,29,89,0.085,3.0772,"{""US"": 0.4857, ""IN"": 0.205, ""BR"": 0.1236, ""GB"": 0.0984, ""DE"": 0.0873}"
2026-04-10,30,449,0.5297,3.378,"{""US"": 0.4857, ""IN"": 0.205, ""BR"": 0.1236, ""GB"": 0.0984, ""DE"": 0.0873}"
2026-04-10,31,58,0.066,3.409,"{""US"": 0.4857, ""IN"": 0.205, ""BR"": 0.1236, ""GB"": 0.0984, ""DE"": 0.0873}"
2026-04-10,32,79,0.0909,3.1152,"{""US"": 0.4857, ""IN"": 0.205, ""BR"": 0.1236, ""GB"": 0.0984, ""DE"": 0.0873}"
2026-04-10,34,168,0.062,0.5235,"{""US"": 0.4857, ""IN"": 0.205, ""BR"": 0.1236, ""GB"": 0.0984, ""DE"": 0.0873}"
2026-04-10,35,279,0.0897,0.6557,"{""US"": 0.4857, ""IN"": 0.205, ""BR"": 0.1236, ""GB"": 0.0984, ""DE"": 0.0873}"
2026-04-10,36,212,0.079,0.5971,"{""US"": 0.4857, ""IN"": 0.205, ""BR"": 0.1236, ""GB"": 0.0984, ""DE"": 0.0873}"
2026-04-10,37,280,0.0975,0.5747,"{""US"": 0.4857, ""IN"": 0.205, ""BR"": 0.1236, ""GB"": 0.0984, ""DE"": 0.0873}"
2026-04-10,38,2447,0.764,0.5632,"{""US"": 0.4857, ""IN"": 0.205, ""BR"": 0.1236, ""GB"": 0.0984, ""DE"": 0.0873}"
2026-04-10,39,734,0.2479,0.5846,"{""US"": 0.4857, ""IN"": 0.205, ""BR"": 0.1236, ""GB"": 0.0984, ""DE"": 0.0873}"
2026-04-10,42,269,0.0811,0.5688,"{""US"": 0.4857, ""IN"": 0.205, ""BR"": 0.1236, ""GB"": 0.0984, ""DE"": 0.0873}"
2026-04-10,43,224,0.082,0.5932,"{""US"": 0.4857, ""IN"": 0.205, ""BR"": 0.1236, ""GB"": 0.0984, ""DE"": 0.0873}"
2026-04-10,44,56,0.1883,6.5022,"{""US"": 0.4857, ""IN"": 0.205, ""BR"": 0.1236, ""GB"": 0.0984, ""DE"": 0.0873}"
2026-04-10,45,31,0.107,6.9497,"{""US"": 0.4857, ""IN"": 0.205, ""BR"": 0.1236, ""GB"": 0.0984, ""DE"": 0.0873}"
2026-04-10,46,75,0.265,7.3276,"{""US"": 0.4857, ""IN"": 0.205, ""BR"": 0.1236, ""GB"": 0.0984, ""DE"": 0.0873}"
2026-04-10,47,42,0.1389,6.4902,"{""US"": 0.4857, ""IN"": 0.205, ""BR"": 0.1236, ""GB"": 0.0984, ""DE"": 0.0873}"
2026-04-10,48,38,0.1212,6.5146,"{""US"": 0.4857, ""IN"": 0.205, ""BR"": 0.1236, ""GB"": 0.0984, ""DE"": 0.0873}"
2026-04-10,49,15,0.0223,3.129,"{""US"": 0.4857, ""IN"": 0.205, ""BR"": 0.1236, ""GB"": 0.0984, ""DE"": 0.0873}"
2026-04-10,50,18,0.0308,3.2644,"{""US"": 0.4857, ""IN"": 0.205, ""BR"": 0.1236, ""GB"": 0.0984, ""DE"": 0.0873}"
2026-04-11,1,41,0.1869,8.8673,"{""US"": 0.4682, ""IN"": 0.2313, ""BR"": 0.1077, ""GB"": 0.1033, ""DE"": 0.0895}"
2026-04-11,2,91,0.3817,8.9157,"{""US"": 0.4682, ""IN"": 0.2313, ""BR"": 0.1077, ""GB"": 0.1033, ""DE"": 0.0895}"
2026-04-11,3,714,3.116,8.4977,"{""US"": 0.4682, ""IN"": 0.2313, ""BR"": 0.1077, ""GB"": 0.1033, ""DE"": 0.0895}"
2026-04-11,4,39,0.1684,8.9423,"{""US"": 0.4682, ""IN"": 0.2313, ""BR"": 0.1077, ""GB"": 0.1033, ""DE"": 0.0895}"
2026-04-11,6,44,0.2015,9.1394,"{""US"": 0.4682, ""IN"": 0.2313, ""BR"": 0.1077, ""GB"": 0.1033, ""DE"": 0.0895}"
2026-04-11,7,25,0.1154,9.2137,"{""US"": 0.4682, ""IN"": 0.2313, ""BR"": 0.1077, ""GB"": 0.1033, ""DE"": 0.0895}"
2026-04-11,8,40,0.1612,9.3205,"{""US"": 0.4682, ""IN"": 0.2313, ""BR"": 0.1077, ""GB"": 0.1033, ""DE"": 0.0895}"
2026-04-11,9,36,0.1605,9.1976,"{""US"": 0.4682, ""IN"": 0.2313, ""BR"": 0.1077, ""GB"": 0.1033, ""DE"": 0.0895}"
2026-04-11,10,30,0.1271,8.6247,"{""US"": 0.4682, ""IN"": 0.2313, ""BR"": 0.1077, ""GB"": 0.1033, ""DE"": 0.0895}"
2026-04-11,11,42,0.181,8.9812,"{""US"": 0.4682, ""IN"": 0.2313, ""BR"": 0.1077, ""GB"": 0.1033, ""DE"": 0.0895}"
2026-04-11,12,35,0.1579,8.572,"{""US"": 0.4682, ""IN"": 0.2313, ""BR"": 0.1077, ""GB"": 0.1033, ""DE"": 0.0895}"
2026-04-11,13,37,0.1663,8.568,"{""US"": 0.4682, ""IN"": 0.2313, ""BR"": 0.1077, ""GB"": 0.1033, ""DE"": 0.0895}"
2026-04-11,15,25,0.1165,9.2348,"{""US"": 0.4682, ""IN"": 0.2313, ""BR"": 0.1077, ""GB"": 0.1033, ""DE"": 0.0895}"
2026-04-11,16,132,0.1588,3.0346,"{""US"": 0.4682, ""IN"": 0.2313, ""BR"": 0.1077, ""GB"": 0.1033, ""DE"": 0.0895}"
2026-04-11,17,67,0.0735,3.2664,"{""US"": 0.4682, ""IN"": 0.2313, ""BR"": 0.1077, ""GB"": 0.1033, ""DE"": 0.0895}"
2026-04-11,18,54,0.0636,3.3665,"{""US"": 0.4682, ""IN"": 0.2313, ""BR"": 0.1077, ""GB"": 0.1033, ""DE"": 0.0895}"
2026-04-11,19,47,0.056,3.158,"{""US"": 0.4682, ""IN"": 0.2313, ""BR"": 0.1077, ""GB"": 0.1033, ""DE"": 0.0895}"
2026-04-11,20,41,0.0422,3.0737,"{""US"": 0.4682, ""IN"": 0.2313, ""BR"": 0.1077, ""GB"": 0.1033, ""DE"": 0.0895}"
2026-04-11,21,56,0.0639,3.5127,"{""US"": 0.4682, ""IN"": 0.2313, ""BR"": 0.1077, ""GB"": 0.1033, ""DE"": 0.0895}"
2026-04-11,22,55,0.0613,3.4337,"{""US"": 0.4682, ""IN"": 0.2313, ""BR"": 0.1077, ""GB"": 0.1033, ""DE"": 0.0895}"
2026-04-11,23,51,0.0517,3.0451,"{""US"": 0.4682, ""IN"": 0.2313, ""BR"": 0.1077, ""GB"": 0.1033, ""DE"": 0.0895}"
2026-04-11,24,83,0.0994,3.4202,"{""US"": 0.4682, ""IN"": 0.2313, ""BR"": 0.1077, ""GB"": 0.1033, ""DE"": 0.0895}"
2026-04-11,25,46,0.0521,3.354,"{""US"": 0.4682, ""IN"": 0.2313, ""BR"": 0.1077, ""GB"": 0.1033, ""DE"": 0.0895}"
2026-04-11,27,55,0.0618,3.0357,"{""US"": 0.4682, ""IN"": 0.2313, ""BR"": 0.1077, ""GB"": 0.1033, ""DE"": 0.0895}"
2026-04-11,28,35,0.0383,3.182,"{""US"": 0.4682, ""IN"": 0.2313, ""BR"": 0.1077, ""GB"": 0.1033, ""DE"": 0.0895}"
2026-04-11,29,57,0.0561,3.6087,"{""US"": 0.4682, ""IN"": 0.2313, ""BR"": 0.1077, ""GB"": 0.1033, ""DE"": 0.0895}"
2026-04-11,30,290,0.3501,3.4162,"{""US"": 0.4682, ""IN"": 0.2313, ""BR"": 0.1077, ""GB"": 0.1033, ""DE"": 0.0895}"
2026-04-11,31,40,0.0448,3.171,"{""US"": 0.4682, ""IN"": 0.2313, ""BR"": 0.1077, ""GB"": 0.1033, ""DE"": 0.0895}"
2026-04-11,32,49,0.0547,3.4817,"{""US"": 0.4682, ""IN"": 0.2313, ""BR"": 0.1077, ""GB"": 0.1033, ""DE"": 0.0895}"
2026-04-11,34,217,0.066,0.5457,"{""US"": 0.4682, ""IN"": 0.2313, ""BR"": 0.1077, ""GB"": 0.1033, ""DE"": 0.0895}"
2026-04-11,35,191,0.062,0.5495,"{""US"": 0.4682, ""IN"": 0.2313, ""BR"": 0.1077, ""GB"": 0.1033, ""DE"": 0.0895}"
2026-04-11,36,154,0.0505,0.5327,"{""US"": 0.4682, ""IN"": 0.2313, ""BR"": 0.1077, ""GB"": 0.1033, ""DE"": 0.0895}"
2026-04-11,37,211,0.0706,0.5802,"{""US"": 0.4682, ""IN"": 0.2313, ""BR"": 0.1077, ""GB"": 0.1033, ""DE"": 0.0895}"
2026-04-11,38,2498,0.8772,0.5375,"{""US"": 0.4682, ""IN"": 0.2313, ""BR"": 0.1077, ""GB"": 0.1033, ""DE"": 0.0895}"
2026-04-11,39,682,0.2415,0.5204,"{""US"": 0.4682, ""IN"": 0.2313, ""BR"": 0.1077, ""GB"": 0.1033, ""DE"": 0.0895}"
2026-04-11,41,3992,1.3508,0.5527,"{""US"": 0.4682, ""IN"": 0.2313, ""BR"": 0.1077, ""GB"": 0.1033, ""DE"": 0.0895}"
2026-04-11,42,248,0.0759,0.573,"{""US"": 0.4682, ""IN"": 0.2313, ""BR"": 0.1077, ""GB"": 0.1033, ""DE"": 0.0895}"
2026-04-11,43,252,0.0799,0.5456,"{""US"": 0.4682, ""IN"": 0.2313, ""BR"": 0.1077, ""GB"": 0.1033, ""DE"": 0.0895}"
2026-04-11,44,67,0.2189,7.308,"{""US"": 0.4682, ""IN"": 0.2313, ""BR"": 0.1077, ""GB"": 0.1033, ""DE"": 0.0895}"
2026-04-11,45,26,0.0847,6.7754,"{""US"": 0.4682, ""IN"": 0.2313, ""BR"": 0.1077, ""GB"": 0.1033, ""DE"": 0.0895}"
2026-04-11,46,37,0.1164,6.6635,"{""US"": 0.4682, ""IN"": 0.2313, ""BR"": 0.1077, ""GB"": 0.1033, ""DE"": 0.0895}"
2026-04-11,47,33,0.1041,6.6987,"{""US"": 0.4682, ""IN"": 0.2313, ""BR"": 0.1077, ""GB"": 0.1033, ""DE"": 0.0895}"
2026-04-11,48,32,0.1028,6.8362,"{""US"": 0.4682, ""IN"": 0.2313, ""BR"": 0.1077, ""GB"": 0.1033, ""DE"": 0.0895}"
2026-04-11,49,17,0.0286,3.2573,"{""US"": 0.4682, ""IN"": 0.2313, ""BR"": 0.1077, ""GB"": 0.1033, ""DE"": 0.0895}"
2026-04-11,50,12,0.0184,3.1779,"{""US"": 0.4682, ""IN"": 0.2313, ""BR"": 0.1077, ""GB"": 0.1033, ""DE"": 0.0895}"
2026-04-12,1,39,0.172,8.8719,"{""US"": 0.4876, ""IN"": 0.1965, ""BR"": 0.1154, ""GB"": 0.0856, ""DE"": 0.1148}"
2026-04-12,2,126,0.6321,9.7976,"{""US"": 0.4876, ""IN"": 0.1965, ""BR"": 0.1154, ""GB"": 0.0856, ""DE"": 0.1148}"
2026-04-12,3,527,2.2626,9.4477,"{""US"": 0.4876, ""IN"": 0.1965, ""BR"": 0.1154, ""GB"": 0.0856, ""DE"": 0.1148}"
2026-04-12,4,52,0.2449,8.4275,"{""US"": 0.4876, ""IN"": 0.1965, ""BR"": 0.1154, ""GB"": 0.0856, ""DE"": 0.1148}"
2026-04-12,6,32,0.1536,8.9245,"{""US"": 0.4876, ""IN"": 0.1965, ""BR"": 0.1154, ""GB"": 0.0856, ""DE"": 0.1148}"
2026-04-12,7,33,0.1485,8.4313,"{""US"": 0.4876, ""IN"": 0.1965, ""BR"": 0.1154, ""GB"": 0.0856, ""DE"": 0.1148}"
2026-04-12,8,22,0.0946,9.8503,"{""US"": 0.4876, ""IN"": 0.1965, ""BR"": 0.1154, ""GB"": 0.0856, ""DE"": 0.1148}"
2026-04-12,9,29,0.1312,9.1181,"{""US"": 0.4876, ""IN"": 0.1965, ""BR"": 0.1154, ""GB"": 0.0856, ""DE"": 0.1148}"
2026-04-12,10,45,0.2203,9.043,"{""US"": 0.4876, ""IN"": 0.1965, ""BR"": 0.1154, ""GB"": 0.0856, ""DE"": 0.1148}"
2026-04-12,11,55,0.2581,9.6035,"{""US"": 0.4876, ""IN"": 0.1965, ""BR"": 0.1154, ""GB"": 0.0856, ""DE"": 0.1148}"
2026-04-12,12,30,0.1361,9.147,"{""US"": 0.4876, ""IN"": 0.1965, ""BR"": 0.1154, ""GB"": 0.0856, ""DE"": 0.1148}"
2026-04-12,13,42,0.1735,10.0129,"{""US"": 0.4876, ""IN"": 0.1965, ""BR"": 0.1154, ""GB"": 0.0856, ""DE"": 0.1148}"
2026-04-12,15,41,0.1868,9.0304,"{""US"": 0.4876, ""IN"": 0.1965, ""BR"": 0.1154, ""GB"": 0.0856, ""DE"": 0.1148}"
2026-04-12,16,130,0.1463,3.6717,"{""US"": 0.4876, ""IN"": 0.1965, ""BR"": 0.1154, ""GB"": 0.0856, ""DE"": 0.1148}"
2026-04-12,17,56,0.0662,3.3986,"{""US"": 0.4876, ""IN"": 0.1965, ""BR"": 0.1154, ""GB"": 0.0856, ""DE"": 0.1148}"
2026-04-12,18,54,0.0665,3.6677,"{""US"": 0.4876, ""IN"": 0.1965, ""BR"": 0.1154, ""GB"": 0.0856, ""DE"": 0.1148}"
2026-04-12,19,33,0.0405,3.1109,"{""US"": 0.4876, ""IN"": 0.1965, ""BR"": 0.1154, ""GB"": 0.0856, ""DE"": 0.1148}"
2026-04-12,20,50,0.0544,3.3415,"{""US"": 0.4876, ""IN"": 0.1965, ""BR"": 0.1154, ""GB"": 0.0856, ""DE"": 0.1148}"
2026-04-12,21,49,0.0541,3.3918,"{""US"": 0.4876, ""IN"": 0.1965, ""BR"": 0.1154, ""GB"": 0.0856, ""DE"": 0.1148}"
2026-04-12,22,38,0.0428,3.5716,"{""US"": 0.4876, ""IN"": 0.1965, ""BR"": 0.1154, ""GB"": 0.0856, ""DE"": 0.1148}"
2026-04-12,23,61,0.0695,3.3657,"{""US"": 0.4876, ""IN"": 0.1965, ""BR"": 0.1154, ""GB"": 0.0856, ""DE"": 0.1148}"
2026-04-12,24,81,0.0944,3.6363,"{""US"": 0.4876, ""IN"": 0.1965, ""BR"": 0.1154, ""GB"": 0.0856, ""DE"": 0.1148}"
2026-04-12,25,48,0.0551,3.3509,"{""US"": 0.4876, ""IN"": 0.1965, ""BR"": 0.1154, ""GB"": 0.0856, ""DE"": 0.1148}"
2026-04-12,27,50,0.0573,3.4234,"{""US"": 0.4876, ""IN"": 0.1965, ""BR"": 0.1154, ""GB"": 0.0856, ""DE"": 0.1148}"
2026-04-12,28,68,0.08,3.3854,"{""US"": 0.4876, ""IN"": 0.1965, ""BR"": 0.1154, ""GB"": 0.0856, ""DE"": 0.1148}"
2026-04-12,29,38,0.0438,3.4006,"{""US"": 0.4876, ""IN"": 0.1965, ""BR"": 0.1154, ""GB"": 0.0856, ""DE"": 0.1148}"
2026-04-12,30,273,0.3233,3.6807,"{""US"": 0.4876, ""IN"": 0.1965, ""BR"": 0.1154, ""GB"": 0.0856, ""DE"": 0.1148}"
2026-04-12,31,38,0.0418,3.4497,"{""US"": 0.4876, ""IN"": 0.1965, ""BR"": 0.1154, ""GB"": 0.0856, ""DE"": 0.1148}"
2026-04-12,32,56,0.0625,3.4152,"{""US"": 0.4876, ""IN"": 0.1965, ""BR"": 0.1154, ""GB"": 0.0856, ""DE"": 0.1148}"
2026-04-12,34,200,0.07,0.5854,"{""US"": 0.4876, ""IN"": 0.1965, ""BR"": 0.1154, ""GB"": 0.0856, ""DE"": 0.1148}"
2026-04-12,35,187,0.0624,0.5653,"{""US"": 0.4876, ""IN"": 0.1965, ""BR"": 0.1154, ""GB"": 0.0856, ""DE"": 0.1148}"
2026-04-12,36,165,0.062,0.5991,"{""US"": 0.4876, ""IN"": 0.1965, ""BR"": 0.1154, ""GB"": 0.0856, ""DE"": 0.1148}"
2026-04-12,37,215,0.0742,0.5911,"{""US"": 0.4876, ""IN"": 0.1965, ""BR"": 0.1154, ""GB"": 0.0856, ""DE"": 0.1148}"
2026-04-12,38,2202,0.7282,0.5806,"{""US"": 0.4876, ""IN"": 0.1965, ""BR"": 0.1154, ""GB"": 0.0856, ""DE"": 0.1148}"
2026-04-12,39,859,0.2931,0.5663,"{""US"": 0.4876, ""IN"": 0.1965, ""BR"": 0.1154, ""GB"": 0.0856, ""DE"": 0.1148}"
2026-04-12,41,2851,0.8968,0.6331,"{""US"": 0.4876, ""IN"": 0.1965, ""BR"": 0.1154, ""GB"": 0.0856, ""DE"": 0.1148}"
2026-04-12,42,175,0.0647,0.5513,"{""US"": 0.4876, ""IN"": 0.1965, ""BR"": 0.1154, ""GB"": 0.0856, ""DE"": 0.1148}"
2026-04-12,43,171,0.0609,0.5623,"{""US"": 0.4876, ""IN"": 0.1965, ""BR"": 0.1154, ""GB"": 0.0856, ""DE"": 0.1148}"
2026-04-12,44,37,0.1342,7.031,"{""US"": 0.4876, ""IN"": 0.1965, ""BR"": 0.1154, ""GB"": 0.0856, ""DE"": 0.1148}"
2026-04-12,45,39,0.1571,7.1695,"{""US"": 0.4876, ""IN"": 0.1965, ""BR"": 0.1154, ""GB"": 0.0856, ""DE"": 0.1148}"
2026-04-12,46,56,0.1894,6.5947,"{""US"": 0.4876, ""IN"": 0.1965, ""BR"": 0.1154, ""GB"": 0.0856, ""DE"": 0.1148}"
2026-04-12,47,38,0.1167,6.576,"{""US"": 0.4876, ""IN"": 0.1965, ""BR"": 0.1154, ""GB"": 0.0856, ""DE"": 0.1148}"
2026-04-12,48,25,0.0951,6.7276,"{""US"": 0.4876, ""IN"": 0.1965, ""BR"": 0.1154, ""GB"": 0.0856, ""DE"": 0.1148}"
2026-04-12,49,21,0.035,3.3108,"{""US"": 0.4876, ""IN"": 0.1965, ""BR"": 0.1154, ""GB"": 0.0856, ""DE"": 0.1148}"
2026-04-12,50,7,0.0126,3.5238,"{""US"": 0.4876, ""IN"": 0.1965, ""BR"": 0.1154, ""GB"": 0.0856, ""DE"": 0.1148}"
2026-04-13,1,20,0.1007,9.1873,"{""US"": 0.5101, ""IN"": 0.2045, ""BR"": 0.0702, ""GB"": 0.1163, ""DE"": 0.0989}"
2026-04-13,2,118,0.5745,9.7466,"{""US"": 0.5101, ""IN"": 0.2045, ""BR"": 0.0702, ""GB"": 0.1163, ""DE"": 0.0989}"
2026-04-13,3,791,3.735,10.0984,"{""US"": 0.5101, ""IN"": 0.2045, ""BR"": 0.0702, ""GB"": 0.1163, ""DE"": 0.0989}"
2026-04-13,4,36,0.1706,9.273,"{""US"": 0.5101, ""IN"": 0.2045, ""BR"": 0.0702, ""GB"": 0.1163, ""DE"": 0.0989}"
2026-04-13,6,55,0.265,9.6678,"{""US"": 0.5101, ""IN"": 0.2045, ""BR"": 0.0702, ""GB"": 0.1163, ""DE"": 0.0989}"
2026-04-13,7,32,0.152,9.5369,"{""US"": 0.5101, ""IN"": 0.2045, ""BR"": 0.0702, ""GB"": 0.1163, ""DE"": 0.0989}"
2026-04-13,8,26,0.1251,9.5241,"{""US"": 0.5101, ""IN"": 0.2045, ""BR"": 0.0702, ""GB"": 0.1163, ""DE"": 0.0989}"
2026-04-13,9,47,0.2318,9.0305,"{""US"": 0.5101, ""IN"": 0.2045, ""BR"": 0.0702, ""GB"": 0.1163, ""DE"": 0.0989}"
2026-04-13,10,42,0.2039,9.339,"{""US"": 0.5101, ""IN"": 0.2045, ""BR"": 0.0702, ""GB"": 0.1163, ""DE"": 0.0989}"
2026-04-13,11,39,0.1781,9.5402,"{""US"": 0.5101, ""IN"": 0.2045, ""BR"": 0.0702, ""GB"": 0.1163, ""DE"": 0.0989}"
2026-04-13,12,49,0.2224,9.3383,"{""US"": 0.5101, ""IN"": 0.2045, ""BR"": 0.0702, ""GB"": 0.1163, ""DE"": 0.0989}"
2026-04-13,13,39,0.1831,9.3426,"{""US"": 0.5101, ""IN"": 0.2045, ""BR"": 0.0702, ""GB"": 0.1163, ""DE"": 0.0989}"
2026-04-13,15,27,0.1301,9.577,"{""US"": 0.5101, ""IN"": 0.2045, ""BR"": 0.0702, ""GB"": 0.1163, ""DE"": 0.0989}"
2026-04-13,16,148,0.165,3.6722,"{""US"": 0.5101, ""IN"": 0.2045, ""BR"": 0.0702, ""GB"": 0.1163, ""DE"": 0.0989}"
2026-04-13,17,69,0.0756,3.755,"{""US"": 0.5101, ""IN"": 0.2045, ""BR"": 0.0702, ""GB"": 0.1163, ""DE"": 0.0989}"
2026-04-13,18,65,0.0809,3.7521,"{""US"": 0.5101, ""IN"": 0.2045, ""BR"": 0.0702, ""GB"": 0.1163, ""DE"": 0.0989}"
2026-04-13,19,69,0.0902,3.4247,"{""US"": 0.5101, ""IN"": 0.2045, ""BR"": 0.0702, ""GB"": 0.1163, ""DE"": 0.0989}"
2026-04-13,20,59,0.0802,3.4944,"{""US"": 0.5101, ""IN"": 0.2045, ""BR"": 0.0702, ""GB"": 0.1163, ""DE"": 0.0989}"
2026-04-13,21,57,0.0666,3.4943,"{""US"": 0.5101, ""IN"": 0.2045, ""BR"": 0.0702, ""GB"": 0.1163, ""DE"": 0.0989}"
2026-04-13,22,59,0.067,3.5488,"{""US"": 0.5101, ""IN"": 0.2045, ""BR"": 0.0702, ""GB"": 0.1163, ""DE"": 0.0989}"
2026-04-13,23,52,0.0598,3.5934,"{""US"": 0.5101, ""IN"": 0.2045, ""BR"": 0.0702, ""GB"": 0.1163, ""DE"": 0.0989}"
2026-04-13,24,123,0.1552,3.7061,"{""US"": 0.5101, ""IN"": 0.2045, ""BR"": 0.0702, ""GB"": 0.1163, ""DE"": 0.0989}"
2026-04-13,25,78,0.0946,3.7339,"{""US"": 0.5101, ""IN"": 0.2045, ""BR"": 0.0702, ""GB"": 0.1163, ""DE"": 0.0989}"
2026-04-13,27,57,0.0665,3.7572,"{""US"": 0.5101, ""IN"": 0.2045, ""BR"": 0.0702, ""GB"": 0.1163, ""DE"": 0.0989}"
2026-04-13,28,40,0.0484,3.4757,"{""US"": 0.5101, ""IN"": 0.2045, ""BR"": 0.0702, ""GB"": 0.1163, ""DE"": 0.0989}"
2026-04-13,29,66,0.0775,3.3224,"{""US"": 0.5101, ""IN"": 0.2045, ""BR"": 0.0702, ""GB"": 0.1163, ""DE"": 0.0989}"
2026-04-13,30,378,0.4915,3.5035,"{""US"": 0.5101, ""IN"": 0.2045, ""BR"": 0.0702, ""GB"": 0.1163, ""DE"": 0.0989}"
2026-04-13,31,56,0.0686,3.6007,"{""US"": 0.5101, ""IN"": 0.2045, ""BR"": 0.0702, ""GB"": 0.1163, ""DE"": 0.0989}"
2026-04-13,32,57,0.0677,3.7918,"{""US"": 0.5101, ""IN"": 0.2045, ""BR"": 0.0702, ""GB"": 0.1163, ""DE"": 0.0989}"
2026-04-13,34,210,0.0781,0.5762,"{""US"": 0.5101, ""IN"": 0.2045, ""BR"": 0.0702, ""GB"": 0.1163, ""DE"": 0.0989}"
2026-04-13,35,167,0.0656,0.5669,"{""US"": 0.5101, ""IN"": 0.2045, ""BR"": 0.0702, ""GB"": 0.1163, ""DE"": 0.0989}"
2026-04-13,36,267,0.0915,0.6203,"{""US"": 0.5101, ""IN"": 0.2045, ""BR"": 0.0702, ""GB"": 0.1163, ""DE"": 0.0989}"
2026-04-13,37,240,0.0811,0.6355,"{""US"": 0.5101, ""IN"": 0.2045, ""BR"": 0.0702, ""GB"": 0.1163, ""DE"": 0.0989}"
2026-04-13,38,2425,0.9154,0.5655,"{""US"": 0.5101, ""IN"": 0.2045, ""BR"": 0.0702, ""GB"": 0.1163, ""DE"": 0.0989}"
2026-04-13,39,678,0.2436,0.5941,"{""US"": 0.5101, ""IN"": 0.2045, ""BR"": 0.0702, ""GB"": 0.1163, ""DE"": 0.0989}"
2026-04-13,41,3386,1.0414,0.6117,"{""US"": 0.5101, ""IN"": 0.2045, ""BR"": 0.0702, ""GB"": 0.1163, ""DE"": 0.0989}"
2026-04-13,42,225,0.0781,0.6156,"{""US"": 0.5101, ""IN"": 0.2045, ""BR"": 0.0702, ""GB"": 0.1163, ""DE"": 0.0989}"
2026-04-13,43,200,0.0718,0.5621,"{""US"": 0.5101, ""IN"": 0.2045, ""BR"": 0.0702, ""GB"": 0.1163, ""DE"": 0.0989}"
2026-04-13,44,55,0.2024,6.8532,"{""US"": 0.5101, ""IN"": 0.2045, ""BR"": 0.0702, ""GB"": 0.1163, ""DE"": 0.0989}"
2026-04-13,45,44,0.161,7.297,"{""US"": 0.5101, ""IN"": 0.2045, ""BR"": 0.0702, ""GB"": 0.1163, ""DE"": 0.0989}"
2026-04-13,46,48,0.177,6.7485,"{""US"": 0.5101, ""IN"": 0.2045, ""BR"": 0.0702, ""GB"": 0.1163, ""DE"": 0.0989}"
2026-04-13,47,28,0.1029,6.9772,"{""US"": 0.5101, ""IN"": 0.2045, ""BR"": 0.0702, ""GB"": 0.1163, ""DE"": 0.0989}"
2026-04-13,48,51,0.1789,7.0056,"{""US"": 0.5101, ""IN"": 0.2045, ""BR"": 0.0702, ""GB"": 0.1163, ""DE"": 0.0989}"
2026-04-13,49,19,0.0322,3.3522,"{""US"": 0.5101, ""IN"": 0.2045, ""BR"": 0.0702, ""GB"": 0.1163, ""DE"": 0.0989}"
2026-04-13,50,19,0.0335,3.3501,"{""US"": 0.5101, ""IN"": 0.2045, ""BR"": 0.0702, ""GB"": 0.1163, ""DE"": 0.0989}"
2026-04-14,1,32,0.1436,9.0214,"{""US"": 0.5197, ""IN"": 0.2284, ""BR"": 0.0856, ""GB"": 0.0549, ""DE"": 0.1114}"
2026-04-14,2,155,0.7097,8.5889,"{""US"": 0.5197, ""IN"": 0.2284, ""BR"": 0.0856, ""GB"": 0.0549, ""DE"": 0.1114}"
2026-04-14,3,552,2.5361,9.2812,"{""US"": 0.5197, ""IN"": 0.2284, ""BR"": 0.0856, ""GB"": 0.0549, ""DE"": 0.1114}"
2026-04-14,4,25,0.1138,9.2036,"{""US"": 0.5197, ""IN"": 0.2284, ""BR"": 0.0856, ""GB"": 0.0549, ""DE"": 0.1114}"
2026-04-14,6,48,0.2078,9.2203,"{""US"": 0.5197, ""IN"": 0.2284, ""BR"": 0.0856, ""GB"": 0.0549, ""DE"": 0.1114}"
2026-04-14,7,39,0.1849,9.589,"{""US"": 0.5197, ""IN"": 0.2284, ""BR"": 0.0856, ""GB"": 0.0549, ""DE"": 0.1114}"
2026-04-14,8,29,0.1381,9.4282,"{""US"": 0.5197, ""IN"": 0.2284, ""BR"": 0.0856, ""GB"": 0.0549, ""DE"": 0.1114}"
2026-04-14,9,46,0.2129,10.3933,"{""US"": 0.5197, ""IN"": 0.2284, ""BR"": 0.0856, ""GB"": 0.0549, ""DE"": 0.1114}"
2026-04-14,10,32,0.1483,9.3436,"{""US"": 0.5197, ""IN"": 0.2284, ""BR"": 0.0856, ""GB"": 0.0549, ""DE"": 0.1114}"
2026-04-14,11,58,0.2653,9.5101,"{""US"": 0.5197, ""IN"": 0.2284, ""BR"": 0.0856, ""GB"": 0.0549, ""DE"": 0.1114}"
2026-04-14,12,19,0.0881,9.5188,"{""US"": 0.5197, ""IN"": 0.2284, ""BR"": 0.0856, ""GB"": 0.0549, ""DE"": 0.1114}"
2026-04-14,13,42,0.2027,8.7753,"{""US"": 0.5197, ""IN"": 0.2284, ""BR"": 0.0856, ""GB"": 0.0549, ""DE"": 0.1114}"
2026-04-14,15,49,0.2242,10.0364,"{""US"": 0.5197, ""IN"": 0.2284, ""BR"": 0.0856, ""GB"": 0.0549, ""DE"": 0.1114}"
2026-04-14,16,163,0.194,3.4726,"{""US"": 0.5197, ""IN"": 0.2284, ""BR"": 0.0856, ""GB"": 0.0549, ""DE"": 0.1114}"
2026-04-14,17,46,0.0577,3.3847,"{""US"": 0.5197, ""IN"": 0.2284, ""BR"": 0.0856, ""GB"": 0.0549, ""DE"": 0.1114}"
2026-04-14,18,65,0.0725,3.5339,"{""US"": 0.5197, ""IN"": 0.2284, ""BR"": 0.0856, ""GB"": 0.0549, ""DE"": 0.1114}"
2026-04-14,19,80,0.0918,3.4724,"{""US"": 0.5197, ""IN"": 0.2284, ""BR"": 0.0856, ""GB"": 0.0549, ""DE"": 0.1114}"
2026-04-14,20,55,0.0571,3.3085,"{""US"": 0.5197, ""IN"": 0.2284, ""BR"": 0.0856, ""GB"": 0.0549, ""DE"": 0.1114}"
2026-04-14,21,68,0.0749,3.6388,"{""US"": 0.5197, ""IN"": 0.2284, ""BR"": 0.0856, ""GB"": 0.0549, ""DE"": 0.1114}"
2026-04-14,22,67,0.0804,3.154,"{""US"": 0.5197, ""IN"": 0.2284, ""BR"": 0.0856, ""GB"": 0.0549, ""DE"": 0.1114}"
2026-04-14,23,74,0.0953,3.6442,"{""US"": 0.5197, ""IN"": 0.2284, ""BR"": 0.0856, ""GB"": 0.0549, ""DE"": 0.1114}"
2026-04-14,24,135,0.1451,3.3883,"{""US"": 0.5197, ""IN"": 0.2284, ""BR"": 0.0856, ""GB"": 0.0549, ""DE"": 0.1114}"
2026-04-14,25,49,0.0532,3.3279,"{""US"": 0.5197, ""IN"": 0.2284, ""BR"": 0.0856, ""GB"": 0.0549, ""DE"": 0.1114}"
2026-04-14,27,70,0.0776,3.2789,"{""US"": 0.5197, ""IN"": 0.2284, ""BR"": 0.0856, ""GB"": 0.0549, ""DE"": 0.1114}"
2026-04-14,28,71,0.0865,3.232,"{""US"": 0.5197, ""IN"": 0.2284, ""BR"": 0.0856, ""GB"": 0.0549, ""DE"": 0.1114}"
2026-04-14,29,72,0.0843,3.3969,"{""US"": 0.5197, ""IN"": 0.2284, ""BR"": 0.0856, ""GB"": 0.0549, ""DE"": 0.1114}"
2026-04-14,30,340,0.353,3.3094,"{""US"": 0.5197, ""IN"": 0.2284, ""BR"": 0.0856, ""GB"": 0.0549, ""DE"": 0.1114}"
2026-04-14,31,65,0.0722,3.4106,"{""US"": 0.5197, ""IN"": 0.2284, ""BR"": 0.0856, ""GB"": 0.0549, ""DE"": 0.1114}"
2026-04-14,32,63,0.0687,3.1947,"{""US"": 0.5197, ""IN"": 0.2284, ""BR"": 0.0856, ""GB"": 0.0549, ""DE"": 0.1114}"
2026-04-14,34,265,0.092,0.5465,"{""US"": 0.5197, ""IN"": 0.2284, ""BR"": 0.0856, ""GB"": 0.0549, ""DE"": 0.1114}"
2026-04-14,35,149,0.0488,0.6055,"{""US"": 0.5197, ""IN"": 0.2284, ""BR"": 0.0856, ""GB"": 0.0549, ""DE"": 0.1114}"
2026-04-14,36,315,0.1049,0.6116,"{""US"": 0.5197, ""IN"": 0.2284, ""BR"": 0.0856, ""GB"": 0.0549, ""DE"": 0.1114}"
2026-04-14,37,219,0.0701,0.5786,"{""US"": 0.5197, ""IN"": 0.2284, ""BR"": 0.0856, ""GB"": 0.0549, ""DE"": 0.1114}"
2026-04-14,38,1861,0.6217,0.5361,"{""US"": 0.5197, ""IN"": 0.2284, ""BR"": 0.0856, ""GB"": 0.0549, ""DE"": 0.1114}"
2026-04-14,39,664,0.2307,0.5822,"{""US"": 0.5197, ""IN"": 0.2284, ""BR"": 0.0856, ""GB"": 0.0549, ""DE"": 0.1114}"
2026-04-14,41,3450,1.1632,0.6045,"{""US"": 0.5197, ""IN"": 0.2284, ""BR"": 0.0856, ""GB"": 0.0549, ""DE"": 0.1114}"
2026-04-14,42,230,0.0788,0.5461,"{""US"": 0.5197, ""IN"": 0.2284, ""BR"": 0.0856, ""GB"": 0.0549, ""DE"": 0.1114}"
2026-04-14,43,211,0.0729,0.5693,"{""US"": 0.5197, ""IN"": 0.2284, ""BR"": 0.0856, ""GB"": 0.0549, ""DE"": 0.1114}"
2026-04-14,44,46,0.1647,6.985,"{""US"": 0.5197, ""IN"": 0.2284, ""BR"": 0.0856, ""GB"": 0.0549, ""DE"": 0.1114}"
2026-04-14,45,24,0.0881,6.3831,"{""US"": 0.5197, ""IN"": 0.2284, ""BR"": 0.0856, ""GB"": 0.0549, ""DE"": 0.1114}"
2026-04-14,46,50,0.1724,7.0649,"{""US"": 0.5197, ""IN"": 0.2284, ""BR"": 0.0856, ""GB"": 0.0549, ""DE"": 0.1114}"
2026-04-14,47,14,0.0482,6.4076,"{""US"": 0.5197, ""IN"": 0.2284, ""BR"": 0.0856, ""GB"": 0.0549, ""DE"": 0.1114}"
2026-04-14,48,39,0.1325,6.9052,"{""US"": 0.5197, ""IN"": 0.2284, ""BR"": 0.0856, ""GB"": 0.0549, ""DE"": 0.1114}"
2026-04-14,49,22,0.0381,3.7034,"{""US"": 0.5197, ""IN"": 0.2284, ""BR"": 0.0856, ""GB"": 0.0549, ""DE"": 0.1114}"
2026-04-14,50,27,0.0454,3.5981,"{""US"": 0.5197, ""IN"": 0.2284, ""BR"": 0.0856, ""GB"": 0.0549, ""DE"": 0.1114}"
2026-04-15,1,42,0.1975,8.9083,"{""US"": 0.5006, ""IN"": 0.2219, ""BR"": 0.1313, ""GB"": 0.0771, ""DE"": 0.0693}"
2026-04-15,2,97,0.4297,9.2689,"{""US"": 0.5006, ""IN"": 0.2219, ""BR"": 0.1313, ""GB"": 0.0771, ""DE"": 0.0693}"
2026-04-15,3,548,2.3851,9.0461,"{""US"": 0.5006, ""IN"": 0.2219, ""BR"": 0.1313, ""GB"": 0.0771, ""DE"": 0.0693}"
2026-04-15,4,30,0.1326,9.1857,"{""US"": 0.5006, ""IN"": 0.2219, ""BR"": 0.1313, ""GB"": 0.0771, ""DE"": 0.0693}"
2026-04-15,6,56,0.2662,8.6248,"{""US"": 0.5006, ""IN"": 0.2219, ""BR"": 0.1313, ""GB"": 0.0771, ""DE"": 0.0693}"
2026-04-15,7,59,0.2656,8.3396,"{""US"": 0.5006, ""IN"": 0.2219, ""BR"": 0.1313, ""GB"": 0.0771, ""DE"": 0.0693}"
2026-04-15,8,39,0.1727,8.663,"{""US"": 0.5006, ""IN"": 0.2219, ""BR"": 0.1313, ""GB"": 0.0771, ""DE"": 0.0693}"
2026-04-15,9,43,0.1902,9.1508,"{""US"": 0.5006, ""IN"": 0.2219, ""BR"": 0.1313, ""GB"": 0.0771, ""DE"": 0.0693}"
2026-04-15,10,47,0.1952,8.677,"{""US"": 0.5006, ""IN"": 0.2219, ""BR"": 0.1313, ""GB"": 0.0771, ""DE"": 0.0693}"
2026-04-15,11,72,0.334,8.9908,"{""US"": 0.5006, ""IN"": 0.2219, ""BR"": 0.1313, ""GB"": 0.0771, ""DE"": 0.0693}"
2026-04-15,12,51,0.2106,8.911,"{""US"": 0.5006, ""IN"": 0.2219, ""BR"": 0.1313, ""GB"": 0.0771, ""DE"": 0.0693}"
2026-04-15,13,26,0.1154,9.3804,"{""US"": 0.5006, ""IN"": 0.2219, ""BR"": 0.1313, ""GB"": 0.0771, ""DE"": 0.0693}"
2026-04-15,15,42,0.1852,8.6911,"{""US"": 0.5006, ""IN"": 0.2219, ""BR"": 0.1313, ""GB"": 0.0771, ""DE"": 0.0693}"
2026-04-15,16,139,0.1688,3.152,"{""US"": 0.5006, ""IN"": 0.2219, ""BR"": 0.1313, ""GB"": 0.0771, ""DE"": 0.0693}"
2026-04-15,17,68,0.075,3.3775,"{""US"": 0.5006, ""IN"": 0.2219, ""BR"": 0.1313, ""GB"": 0.0771, ""DE"": 0.0693}"
2026-04-15,18,73,0.0804,3.3041,"{""US"": 0.5006, ""IN"": 0.2219, ""BR"": 0.1313, ""GB"": 0.0771, ""DE"": 0.0693}"
2026-04-15,19,43,0.0489,3.2792,"{""US"": 0.5006, ""IN"": 0.2219, ""BR"": 0.1313, ""GB"": 0.0771, ""DE"": 0.0693}"
2026-04-15,20,44,0.0459,3.261,"{""US"": 0.5006, ""IN"": 0.2219, ""BR"": 0.1313, ""GB"": 0.0771, ""DE"": 0.0693}"
2026-04-15,21,48,0.0489,3.2933,"{""US"": 0.5006, ""IN"": 0.2219, ""BR"": 0.1313, ""GB"": 0.0771, ""DE"": 0.0693}"
2026-04-15,22,66,0.0737,3.253,"{""US"": 0.5006, ""IN"": 0.2219, ""BR"": 0.1313, ""GB"": 0.0771, ""DE"": 0.0693}"
2026-04-15,23,46,0.0482,3.6347,"{""US"": 0.5006, ""IN"": 0.2219, ""BR"": 0.1313, ""GB"": 0.0771, ""DE"": 0.0693}"
2026-04-15,24,102,0.1118,3.4859,"{""US"": 0.5006, ""IN"": 0.2219, ""BR"": 0.1313, ""GB"": 0.0771, ""DE"": 0.0693}"
2026-04-15,25,57,0.0633,3.4162,"{""US"": 0.5006, ""IN"": 0.2219, ""BR"": 0.1313, ""GB"": 0.0771, ""DE"": 0.0693}"
2026-04-15,27,49,0.0538,3.2325,"{""US"": 0.5006, ""IN"": 0.2219, ""BR"": 0.1313, ""GB"": 0.0771, ""DE"": 0.0693}"
2026-04-15,28,44,0.0515,3.4399,"{""US"": 0.5006, ""IN"": 0.2219, ""BR"": 0.1313, ""GB"": 0.0771, ""DE"": 0.0693}"
2026-04-15,29,63,0.0752,3.2152,"{""US"": 0.5006, ""IN"": 0.2219, ""BR"": 0.1313, ""GB"": 0.0771, ""DE"": 0.0693}"
2026-04-15,30,400,0.4359,3.2765,"{""US"": 0.5006, ""IN"": 0.2219, ""BR"": 0.1313, ""GB"": 0.0771, ""DE"": 0.0693}"
2026-04-15,31,75,0.0833,3.3423,"{""US"": 0.5006, ""IN"": 0.2219, ""BR"": 0.1313, ""GB"": 0.0771, ""DE"": 0.0693}"
2026-04-15,32,75,0.081,3.3582,"{""US"": 0.5006, ""IN"": 0.2219, ""BR"": 0.1313, ""GB"": 0.0771, ""DE"": 0.0693}"
2026-04-15,34,336,0.1142,0.5601,"{""US"": 0.5006, ""IN"": 0.2219, ""BR"": 0.1313, ""GB"": 0.0771, ""DE"": 0.0693}"
2026-04-15,35,233,0.0851,0.5093,"{""US"": 0.5006, ""IN"": 0.2219, ""BR"": 0.1313, ""GB"": 0.0771, ""DE"": 0.0693}"
2026-04-15,36,236,0.0852,0.5895,"{""US"": 0.5006, ""IN"": 0.2219, ""BR"": 0.1313, ""GB"": 0.0771, ""DE"": 0.0693}"
2026-04-15,37,276,0.0975,0.5718,"{""US"": 0.5006, ""IN"": 0.2219, ""BR"": 0.1313, ""GB"": 0.0771, ""DE"": 0.0693}"
2026-04-15,38,2034,0.685,0.5249,"{""US"": 0.5006, ""IN"": 0.2219, ""BR"": 0.1313, ""GB"": 0.0771, ""DE"": 0.0693}"
2026-04-15,39,676,0.2154,0.5374,"{""US"": 0.5006, ""IN"": 0.2219, ""BR"": 0.1313, ""GB"": 0.0771, ""DE"": 0.0693}"
2026-04-15,41,3262,1.0961,0.5392,"{""US"": 0.5006, ""IN"": 0.2219, ""BR"": 0.1313, ""GB"": 0.0771, ""DE"": 0.0693}"
2026-04-15,42,258,0.0806,0.5358,"{""US"": 0.5006, ""IN"": 0.2219, ""BR"": 0.1313, ""GB"": 0.0771, ""DE"": 0.0693}"
2026-04-15,43,278,0.094,0.5261,"{""US"": 0.5006, ""IN"": 0.2219, ""BR"": 0.1313, ""GB"": 0.0771, ""DE"": 0.0693}"
2026-04-15,44,54,0.1686,6.833,"{""US"": 0.5006, ""IN"": 0.2219, ""BR"": 0.1313, ""GB"": 0.0771, ""DE"": 0.0693}"
2026-04-15,45,28,0.0879,6.2659,"{""US"": 0.5006, ""IN"": 0.2219, ""BR"": 0.1313, ""GB"": 0.0771, ""DE"": 0.0693}"
2026-04-15,46,57,0.192,6.5135,"{""US"": 0.5006, ""IN"": 0.2219, ""BR"": 0.1313, ""GB"": 0.0771, ""DE"": 0.0693}"
2026-04-15,47,46,0.1438,6.9778,"{""US"": 0.5006, ""IN"": 0.2219, ""BR"": 0.1313, ""GB"": 0.0771, ""DE"": 0.0693}"
2026-04-15,48,36,0.1257,7.0113,"{""US"": 0.5006, ""IN"": 0.2219, ""BR"": 0.1313, ""GB"": 0.0771, ""DE"": 0.0693}"
2026-04-15,49,13,0.0215,3.4827,"{""US"": 0.5006, ""IN"": 0.2219, ""BR"": 0.1313, ""GB"": 0.0771, ""DE"": 0.0693}"
2026-04-15,50,19,0.0286,3.5305,"{""US"": 0.5006, ""IN"": 0.2219, ""BR"": 0.1313, ""GB"": 0.0771, ""DE"": 0.0693}"
2026-04-16,1,45,0.2075,8.7751,"{""US"": 0.5181, ""IN"": 0.2244, ""BR"": 0.0625, ""GB"": 0.0885, ""DE"": 0.1065}"
2026-04-16,2,81,0.416,8.6356,"{""US"": 0.5181, ""IN"": 0.2244, ""BR"": 0.0625, ""GB"": 0.0885, ""DE"": 0.1065}"
2026-04-16,3,487,2.1558,9.7252,"{""US"": 0.5181, ""IN"": 0.2244, ""BR"": 0.0625, ""GB"": 0.0885, ""DE"": 0.1065}"
2026-04-16,4,46,0.2217,9.3489,"{""US"": 0.5181, ""IN"": 0.2244, ""BR"": 0.0625, ""GB"": 0.0885, ""DE"": 0.1065}"
2026-04-16,6,39,0.1596,9.0814,"{""US"": 0.5181, ""IN"": 0.2244, ""BR"": 0.0625, ""GB"": 0.0885, ""DE"": 0.1065}"
2026-04-16,7,35,0.1639,9.9235,"{""US"": 0.5181, ""IN"": 0.2244, ""BR"": 0.0625, ""GB"": 0.0885, ""DE"": 0.1065}"
2026-04-16,8,57,0.265,10.0867,"{""US"": 0.5181, ""IN"": 0.2244, ""BR"": 0.0625, ""GB"": 0.0885, ""DE"": 0.1065}"
2026-04-16,9,34,0.1725,8.4623,"{""US"": 0.5181, ""IN"": 0.2244, ""BR"": 0.0625, ""GB"": 0.0885, ""DE"": 0.1065}"
2026-04-16,10,33,0.1577,10.1613,"{""US"": 0.5181, ""IN"": 0.2244, ""BR"": 0.0625, ""GB"": 0.0885, ""DE"": 0.1065}"
2026-04-16,11,34,0.157,9.2116,"{""US"": 0.5181, ""IN"": 0.2244, ""BR"": 0.0625, ""GB"": 0.0885, ""DE"": 0.1065}"
2026-04-16,12,45,0.203,9.4943,"{""US"": 0.5181, ""IN"": 0.2244, ""BR"": 0.0625, ""GB"": 0.0885, ""DE"": 0.1065}"
2026-04-16,13,35,0.1626,9.4852,"{""US"": 0.5181, ""IN"": 0.2244, ""BR"": 0.0625, ""GB"": 0.0885, ""DE"": 0.1065}"
2026-04-16,15,35,0.164,10.3417,"{""US"": 0.5181, ""IN"": 0.2244, ""BR"": 0.0625, ""GB"": 0.0885, ""DE"": 0.1065}"
2026-04-16,16,154,0.1716,3.5097,"{""US"": 0.5181, ""IN"": 0.2244, ""BR"": 0.0625, ""GB"": 0.0885, ""DE"": 0.1065}"
2026-04-16,17,41,0.0474,3.6323,"{""US"": 0.5181, ""IN"": 0.2244, ""BR"": 0.0625, ""GB"": 0.0885, ""DE"": 0.1065}"
2026-04-16,18,64,0.0756,3.7734,"{""US"": 0.5181, ""IN"": 0.2244, ""BR"": 0.0625, ""GB"": 0.0885, ""DE"": 0.1065}"
2026-04-16,19,49,0.0555,3.3863,"{""US"": 0.5181, ""IN"": 0.2244, ""BR"": 0.0625, ""GB"": 0.0885, ""DE"": 0.1065}"
2026-04-16,20,86,0.0986,3.4521,"{""US"": 0.5181, ""IN"": 0.2244, ""BR"": 0.0625, ""GB"": 0.0885, ""DE"": 0.1065}"
2026-04-16,21,54,0.0635,3.7528,"{""US"": 0.5181, ""IN"": 0.2244, ""BR"": 0.0625, ""GB"": 0.0885, ""DE"": 0.1065}"
2026-04-16,22,52,0.0569,3.6456,"{""US"": 0.5181, ""IN"": 0.2244, ""BR"": 0.0625, ""GB"": 0.0885, ""DE"": 0.1065}"
2026-04-16,23,67,0.0741,3.5319,"{""US"": 0.5181, ""IN"": 0.2244, ""BR"": 0.0625, ""GB"": 0.0885, ""DE"": 0.1065}"
2026-04-16,24,82,0.1031,3.3944,"{""US"": 0.5181, ""IN"": 0.2244, ""BR"": 0.0625, ""GB"": 0.0885, ""DE"": 0.1065}"
2026-04-16,25,72,0.0836,3.5661,"{""US"": 0.5181, ""IN"": 0.2244, ""BR"": 0.0625, ""GB"": 0.0885, ""DE"": 0.1065}"
2026-04-16,27,71,0.084,3.3581,"{""US"": 0.5181, ""IN"": 0.2244, ""BR"": 0.0625, ""GB"": 0.0885, ""DE"": 0.1065}"
2026-04-16,28,69,0.08,3.3165,"{""US"": 0.5181, ""IN"": 0.2244, ""BR"": 0.0625, ""GB"": 0.0885, ""DE"": 0.1065}"
2026-04-16,29,78,0.0878,3.8436,"{""US"": 0.5181, ""IN"": 0.2244, ""BR"": 0.0625, ""GB"": 0.0885, ""DE"": 0.1065}"
2026-04-16,30,307,0.3439,3.7172,"{""US"": 0.5181, ""IN"": 0.2244, ""BR"": 0.0625, ""GB"": 0.0885, ""DE"": 0.1065}"
2026-04-16,31,65,0.0761,3.513,"{""US"": 0.5181, ""IN"": 0.2244, ""BR"": 0.0625, ""GB"": 0.0885, ""DE"": 0.1065}"
2026-04-16,32,54,0.0641,3.7769,"{""US"": 0.5181, ""IN"": 0.2244, ""BR"": 0.0625, ""GB"": 0.0885, ""DE"": 0.1065}"
2026-04-16,34,267,0.1023,0.5851,"{""US"": 0.5181, ""IN"": 0.2244, ""BR"": 0.0625, ""GB"": 0.0885, ""DE"": 0.1065}"
2026-04-16,35,228,0.0813,0.6106,"{""US"": 0.5181, ""IN"": 0.2244, ""BR"": 0.0625, ""GB"": 0.0885, ""DE"": 0.1065}"
2026-04-16,36,207,0.0741,0.5701,"{""US"": 0.5181, ""IN"": 0.2244, ""BR"": 0.0625, ""GB"": 0.0885, ""DE"": 0.1065}"
2026-04-16,37,295,0.0972,0.5826,"{""US"": 0.5181, ""IN"": 0.2244, ""BR"": 0.0625, ""GB"": 0.0885, ""DE"": 0.1065}"
2026-04-16,38,2363,0.9123,0.6021,"{""US"": 0.5181, ""IN"": 0.2244, ""BR"": 0.0625, ""GB"": 0.0885, ""DE"": 0.1065}"
2026-04-16,39,496,0.1682,0.6382,"{""US"": 0.5181, ""IN"": 0.2244, ""BR"": 0.0625, ""GB"": 0.0885, ""DE"": 0.1065}"
2026-04-16,41,3847,1.2511,0.5797,"{""US"": 0.5181, ""IN"": 0.2244, ""BR"": 0.0625, ""GB"": 0.0885, ""DE"": 0.1065}"
2026-04-16,42,282,0.1072,0.5731,"{""US"": 0.5181, ""IN"": 0.2244, ""BR"": 0.0625, ""GB"": 0.0885, ""DE"": 0.1065}"
2026-04-16,43,365,0.121,0.6251,"{""US"": 0.5181, ""IN"": 0.2244, ""BR"": 0.0625, ""GB"": 0.0885, ""DE"": 0.1065}"
2026-04-16,44,43,0.1599,6.8429,"{""US"": 0.5181, ""IN"": 0.2244, ""BR"": 0.0625, ""GB"": 0.0885, ""DE"": 0.1065}"
2026-04-16,45,36,0.1339,7.3843,"{""US"": 0.5181, ""IN"": 0.2244, ""BR"": 0.0625, ""GB"": 0.0885, ""DE"": 0.1065}"
2026-04-16,46,44,0.1445,7.3721,"{""US"": 0.5181, ""IN"": 0.2244, ""BR"": 0.0625, ""GB"": 0.0885, ""DE"": 0.1065}"
2026-04-16,47,17,0.0616,6.9255,"{""US"": 0.5181, ""IN"": 0.2244, ""BR"": 0.0625, ""GB"": 0.0885, ""DE"": 0.1065}"
2026-04-16,48,35,0.114,7.4544,"{""US"": 0.5181, ""IN"": 0.2244, ""BR"": 0.0625, ""GB"": 0.0885, ""DE"": 0.1065}"
2026-04-16,49,18,0.0309,3.4859,"{""US"": 0.5181, ""IN"": 0.2244, ""BR"": 0.0625, ""GB"": 0.0885, ""DE"": 0.1065}"
2026-04-16,50,18,0.0322,3.6653,"{""US"": 0.5181, ""IN"": 0.2244, ""BR"": 0.0625, ""GB"": 0.0885, ""DE"": 0.1065}"
2026-04-17,1,24,0.1021,8.4177,"{""US"": 0.518, ""IN"": 0.2176, ""BR"": 0.089, ""GB"": 0.0742, ""DE"": 0.1012}"
2026-04-17,2,90,0.4111,9.3303,"{""US"": 0.518, ""IN"": 0.2176, ""BR"": 0.089, ""GB"": 0.0742, ""DE"": 0.1012}"
2026-04-17,3,422,1.9512,9.1504,"{""US"": 0.518, ""IN"": 0.2176, ""BR"": 0.089, ""GB"": 0.0742, ""DE"": 0.1012}"
2026-04-17,4,46,0.2319,8.5208,"{""US"": 0.518, ""IN"": 0.2176, ""BR"": 0.089, ""GB"": 0.0742, ""DE"": 0.1012}"
2026-04-17,6,47,0.2407,9.7578,"{""US"": 0.518, ""IN"": 0.2176, ""BR"": 0.089, ""GB"": 0.0742, ""DE"": 0.1012}"
2026-04-17,7,41,0.1901,9.5606,"{""US"": 0.518, ""IN"": 0.2176, ""BR"": 0.089, ""GB"": 0.0742, ""DE"": 0.1012}"
2026-04-17,8,51,0.2259,8.3763,"{""US"": 0.518, ""IN"": 0.2176, ""BR"": 0.089, ""GB"": 0.0742, ""DE"": 0.1012}"
2026-04-17,9,28,0.1283,9.0096,"{""US"": 0.518, ""IN"": 0.2176, ""BR"": 0.089, ""GB"": 0.0742, ""DE"": 0.1012}"
2026-04-17,10,34,0.1546,9.3275,"{""US"": 0.518, ""IN"": 0.2176, ""BR"": 0.089, ""GB"": 0.0742, ""DE"": 0.1012}"
2026-04-17,11,42,0.1773,9.1214,"{""US"": 0.518, ""IN"": 0.2176, ""BR"": 0.089, ""GB"": 0.0742, ""DE"": 0.1012}"
2026-04-17,12,33,0.1556,9.3891,"{""US"": 0.518, ""IN"": 0.2176, ""BR"": 0.089, ""GB"": 0.0742, ""DE"": 0.1012}"
2026-04-17,13,34,0.1577,9.0378,"{""US"": 0.518, ""IN"": 0.2176, ""BR"": 0.089, ""GB"": 0.0742, ""DE"": 0.1012}"
2026-04-17,15,30,0.1352,9.8514,"{""US"": 0.518, ""IN"": 0.2176, ""BR"": 0.089, ""GB"": 0.0742, ""DE"": 0.1012}"
2026-04-17,16,125,0.1346,3.5686,"{""US"": 0.518, ""IN"": 0.2176, ""BR"": 0.089, ""GB"": 0.0742, ""DE"": 0.1012}"
2026-04-17,17,47,0.052,3.4421,"{""US"": 0.518, ""IN"": 0.2176, ""BR"": 0.089, ""GB"": 0.0742, ""DE"": 0.1012}"
2026-04-17,18,41,0.042,3.3043,"{""US"": 0.518, ""IN"": 0.2176, ""BR"": 0.089, ""GB"": 0.0742, ""DE"": 0.1012}"
2026-04-17,19,47,0.057,3.247,"{""US"": 0.518, ""IN"": 0.2176, ""BR"": 0.089, ""GB"": 0.0742, ""DE"": 0.1012}"
2026-04-17,20,68,0.0766,3.3801,"{""US"": 0.518, ""IN"": 0.2176, ""BR"": 0.089, ""GB"": 0.0742, ""DE"": 0.1012}"
2026-04-17,21,61,0.0676,3.4387,"{""US"": 0.518, ""IN"": 0.2176, ""BR"": 0.089, ""GB"": 0.0742, ""DE"": 0.1012}"
2026-04-17,22,53,0.0571,2.9617,"{""US"": 0.518, ""IN"": 0.2176, ""BR"": 0.089, ""GB"": 0.0742, ""DE"": 0.1012}"
2026-04-17,23,79,0.0935,3.6398,"{""US"": 0.518, ""IN"": 0.2176, ""BR"": 0.089, ""GB"": 0.0742, ""DE"": 0.1012}"
2026-04-17,24,67,0.0834,3.5349,"{""US"": 0.518, ""IN"": 0.2176, ""BR"": 0.089, ""GB"": 0.0742, ""DE"": 0.1012}"
2026-04-17,25,53,0.0592,3.3535,"{""US"": 0.518, ""IN"": 0.2176, ""BR"": 0.089, ""GB"": 0.0742, ""DE"": 0.1012}"
2026-04-17,27,50,0.057,3.3048,"{""US"": 0.518, ""IN"": 0.2176, ""BR"": 0.089, ""GB"": 0.0742, ""DE"": 0.1012}"
2026-04-17,28,41,0.048,3.2182,"{""US"": 0.518, ""IN"": 0.2176, ""BR"": 0.089, ""GB"": 0.0742, ""DE"": 0.1012}"
2026-04-17,29,54,0.0664,3.1337,"{""US"": 0.518, ""IN"": 0.2176, ""BR"": 0.089, ""GB"": 0.0742, ""DE"": 0.1012}"
2026-04-17,30,296,0.3545,3.5579,"{""US"": 0.518, ""IN"": 0.2176, ""BR"": 0.089, ""GB"": 0.0742, ""DE"": 0.1012}"
2026-04-17,31,70,0.0789,3.4181,"{""US"": 0.518, ""IN"": 0.2176, ""BR"": 0.089, ""GB"": 0.0742, ""DE"": 0.1012}"
2026-04-17,32,59,0.067,3.4541,"{""US"": 0.518, ""IN"": 0.2176, ""BR"": 0.089, ""GB"": 0.0742, ""DE"": 0.1012}"
2026-04-17,34,347,0.1289,0.5759,"{""US"": 0.518, ""IN"": 0.2176, ""BR"": 0.089, ""GB"": 0.0742, ""DE"": 0.1012}"
2026-04-17,35,307,0.1141,0.5476,"{""US"": 0.518, ""IN"": 0.2176, ""BR"": 0.089, ""GB"": 0.0742, ""DE"": 0.1012}"
2026-04-17,36,327,0.1096,0.6133,"{""US"": 0.518, ""IN"": 0.2176, ""BR"": 0.089, ""GB"": 0.0742, ""DE"": 0.1012}"
2026-04-17,37,263,0.0801,0.5624,"{""US"": 0.518, ""IN"": 0.2176, ""BR"": 0.089, ""GB"": 0.0742, ""DE"": 0.1012}"
2026-04-17,38,1901,0.6952,0.5845,"{""US"": 0.518, ""IN"": 0.2176, ""BR"": 0.089, ""GB"": 0.0742, ""DE"": 0.1012}"
2026-04-17,39,559,0.1886,0.6007,"{""US"": 0.518, ""IN"": 0.2176, ""BR"": 0.089, ""GB"": 0.0742, ""DE"": 0.1012}"
2026-04-17,41,3018,0.984,0.6124,"{""US"": 0.518, ""IN"": 0.2176, ""BR"": 0.089, ""GB"": 0.0742, ""DE"": 0.1012}"
2026-04-17,42,263,0.0913,0.5694,"{""US"": 0.518, ""IN"": 0.2176, ""BR"": 0.089, ""GB"": 0.0742, ""DE"": 0.1012}"
2026-04-17,43,245,0.0742,0.5597,"{""US"": 0.518, ""IN"": 0.2176, ""BR"": 0.089, ""GB"": 0.0742, ""DE"": 0.1012}"
2026-04-17,44,36,0.1249,6.4499,"{""US"": 0.518, ""IN"": 0.2176, ""BR"": 0.089, ""GB"": 0.0742, ""DE"": 0.1012}"
2026-04-17,45,34,0.1195,6.7269,"{""US"": 0.518, ""IN"": 0.2176, ""BR"": 0.089, ""GB"": 0.0742, ""DE"": 0.1012}"
2026-04-17,46,65,0.2139,6.6653,"{""US"": 0.518, ""IN"": 0.2176, ""BR"": 0.089, ""GB"": 0.0742, ""DE"": 0.1012}"
2026-04-17,47,39,0.1439,6.9359,"{""US"": 0.518, ""IN"": 0.2176, ""BR"": 0.089, ""GB"": 0.0742, ""DE"": 0.1012}"
2026-04-17,48,29,0.1,7.0985,"{""US"": 0.518, ""IN"": 0.2176, ""BR"": 0.089, ""GB"": 0.0742, ""DE"": 0.1012}"
2026-04-17,49,32,0.0525,3.4074,"{""US"": 0.518, ""IN"": 0.2176, ""BR"": 0.089, ""GB"": 0.0742, ""DE"": 0.1012}"
2026-04-17,50,16,0.0273,3.5405,"{""US"": 0.518, ""IN"": 0.2176, ""BR"": 0.089, ""GB"": 0.0742, ""DE"": 0.1012}"
2026-04-18,1,41,0.1896,8.8691,"{""US"": 0.4958, ""IN"": 0.2673, ""BR"": 0.0781, ""GB"": 0.0616, ""DE"": 0.0973}"
2026-04-18,2,65,0.2915,9.1316,"{""US"": 0.4958, ""IN"": 0.2673, ""BR"": 0.0781, ""GB"": 0.0616, ""DE"": 0.0973}"
2026-04-18,3,374,1.5522,9.5531,"{""US"": 0.4958, ""IN"": 0.2673, ""BR"": 0.0781, ""GB"": 0.0616, ""DE"": 0.0973}"
2026-04-18,4,25,0.1109,8.8665,"{""US"": 0.4958, ""IN"": 0.2673, ""BR"": 0.0781, ""GB"": 0.0616, ""DE"": 0.0973}"
2026-04-18,6,31,0.1442,9.4619,"{""US"": 0.4958, ""IN"": 0.2673, ""BR"": 0.0781, ""GB"": 0.0616, ""DE"": 0.0973}"
2026-04-18,7,41,0.191,9.3304,"{""US"": 0.4958, ""IN"": 0.2673, ""BR"": 0.0781, ""GB"": 0.0616, ""DE"": 0.0973}"
2026-04-18,8,34,0.1447,8.8557,"{""US"": 0.4958, ""IN"": 0.2673, ""BR"": 0.0781, ""GB"": 0.0616, ""DE"": 0.0973}"
2026-04-18,9,34,0.1327,8.2385,"{""US"": 0.4958, ""IN"": 0.2673, ""BR"": 0.0781, ""GB"": 0.0616, ""DE"": 0.0973}"
2026-04-18,10,32,0.1438,8.5729,"{""US"": 0.4958, ""IN"": 0.2673, ""BR"": 0.0781, ""GB"": 0.0616, ""DE"": 0.0973}"
2026-04-18,11,33,0.1474,9.2597,"{""US"": 0.4958, ""IN"": 0.2673, ""BR"": 0.0781, ""GB"": 0.0616, ""DE"": 0.0973}"
2026-04-18,12,30,0.1365,8.9935,"{""US"": 0.4958, ""IN"": 0.2673, ""BR"": 0.0781, ""GB"": 0.0616, ""DE"": 0.0973}"
2026-04-18,13,38,0.1665,9.3473,"{""US"": 0.4958, ""IN"": 0.2673, ""BR"": 0.0781, ""GB"": 0.0616, ""DE"": 0.0973}"
2026-04-18,15,41,0.1867,8.7005,"{""US"": 0.4958, ""IN"": 0.2673, ""BR"": 0.0781, ""GB"": 0.0616, ""DE"": 0.0973}"
2026-04-18,16,99,0.1034,3.2742,"{""US"": 0.4958, ""IN"": 0.2673, ""BR"": 0.0781, ""GB"": 0.0616, ""DE"": 0.0973}"
2026-04-18,17,53,0.0604,3.1769,"{""US"": 0.4958, ""IN"": 0.2673, ""BR"": 0.0781, ""GB"": 0.0616, ""DE"": 0.0973}"
2026-04-18,18,44,0.0493,3.1752,"{""US"": 0.4958, ""IN"": 0.2673, ""BR"": 0.0781, ""GB"": 0.0616, ""DE"": 0.0973}"
2026-04-18,19,58,0.0624,3.2908,"{""US"": 0.4958, ""IN"": 0.2673, ""BR"": 0.0781, ""GB"": 0.0616, ""DE"": 0.0973}"
2026-04-18,20,51,0.0576,3.3136,"{""US"": 0.4958, ""IN"": 0.2673, ""BR"": 0.0781, ""GB"": 0.0616, ""DE"": 0.0973}"
2026-04-18,21,48,0.0526,3.1113,"{""US"": 0.4958, ""IN"": 0.2673, ""BR"": 0.0781, ""GB"": 0.0616, ""DE"": 0.0973}"
2026-04-18,22,43,0.0527,3.0739,"{""US"": 0.4958, ""IN"": 0.2673, ""BR"": 0.0781, ""GB"": 0.0616, ""DE"": 0.0973}"
2026-04-18,23,65,0.07,3.1982,"{""US"": 0.4958, ""IN"": 0.2673, ""BR"": 0.0781, ""GB"": 0.0616, ""DE"": 0.0973}"
2026-04-18,24,63,0.0698,3.215,"{""US"": 0.4958, ""IN"": 0.2673, ""BR"": 0.0781, ""GB"": 0.0616, ""DE"": 0.0973}"
2026-04-18,25,41,0.0442,3.2027,"{""US"": 0.4958, ""IN"": 0.2673, ""BR"": 0.0781, ""GB"": 0.0616, ""DE"": 0.0973}"
2026-04-18,27,51,0.0588,3.1951,"{""US"": 0.4958, ""IN"": 0.2673, ""BR"": 0.0781, ""GB"": 0.0616, ""DE"": 0.0973}"
2026-04-18,28,32,0.0361,3.2079,"{""US"": 0.4958, ""IN"": 0.2673, ""BR"": 0.0781, ""GB"": 0.0616, ""DE"": 0.0973}"
2026-04-18,29,60,0.0645,3.3072,"{""US"": 0.4958, ""IN"": 0.2673, ""BR"": 0.0781, ""GB"": 0.0616, ""DE"": 0.0973}"
2026-04-18,30,257,0.2727,3.3143,"{""US"": 0.4958, ""IN"": 0.2673, ""BR"": 0.0781, ""GB"": 0.0616, ""DE"": 0.0973}"
2026-04-18,31,51,0.0574,3.3251,"{""US"": 0.4958, ""IN"": 0.2673, ""BR"": 0.0781, ""GB"": 0.0616, ""DE"": 0.0973}"
2026-04-18,32,67,0.0744,3.0107,"{""US"": 0.4958, ""IN"": 0.2673, ""BR"": 0.0781, ""GB"": 0.0616, ""DE"": 0.0973}"
2026-04-18,34,179,0.0583,0.5583,"{""US"": 0.4958, ""IN"": 0.2673, ""BR"": 0.0781, ""GB"": 0.0616, ""DE"": 0.0973}"
2026-04-18,35,159,0.0551,0.5362,"{""US"": 0.4958, ""IN"": 0.2673, ""BR"": 0.0781, ""GB"": 0.0616, ""DE"": 0.0973}"
2026-04-18,36,181,0.061,0.616,"{""US"": 0.4958, ""IN"": 0.2673, ""BR"": 0.0781, ""GB"": 0.0616, ""DE"": 0.0973}"
2026-04-18,37,214,0.0701,0.5879,"{""US"": 0.4958, ""IN"": 0.2673, ""BR"": 0.0781, ""GB"": 0.0616, ""DE"": 0.0973}"
2026-04-18,38,1416,0.4475,0.5286,"{""US"": 0.4958, ""IN"": 0.2673, ""BR"": 0.0781, ""GB"": 0.0616, ""DE"": 0.0973}"
2026-04-18,39,384,0.1239,0.5524,"{""US"": 0.4958, ""IN"": 0.2673, ""BR"": 0.0781, ""GB"": 0.0616, ""DE"": 0.0973}"
2026-04-18,41,2205,0.6723,0.5643,"{""US"": 0.4958, ""IN"": 0.2673, ""BR"": 0.0781, ""GB"": 0.0616, ""DE"": 0.0973}"
2026-04-18,42,202,0.0669,0.5379,"{""US"": 0.4958, ""IN"": 0.2673, ""BR"": 0.0781, ""GB"": 0.0616, ""DE"": 0.0973}"
2026-04-18,43,191,0.069,0.5438,"{""US"": 0.4958, ""IN"": 0.2673, ""BR"": 0.0781, ""GB"": 0.0616, ""DE"": 0.0973}"
2026-04-18,44,39,0.1332,6.6183,"{""US"": 0.4958, ""IN"": 0.2673, ""BR"": 0.0781, ""GB"": 0.0616, ""DE"": 0.0973}"
2026-04-18,45,32,0.1045,7.0002,"{""US"": 0.4958, ""IN"": 0.2673, ""BR"": 0.0781, ""GB"": 0.0616, ""DE"": 0.0973}"
2026-04-18,46,32,0.0963,6.6894,"{""US"": 0.4958, ""IN"": 0.2673, ""BR"": 0.0781, ""GB"": 0.0616, ""DE"": 0.0973}"
2026-04-18,47,26,0.0838,6.219,"{""US"": 0.4958, ""IN"": 0.2673, ""BR"": 0.0781, ""GB"": 0.0616, ""DE"": 0.0973}"
2026-04-18,48,37,0.1203,6.9128,"{""US"": 0.4958, ""IN"": 0.2673, ""BR"": 0.0781, ""GB"": 0.0616, ""DE"": 0.0973}"
2026-04-18,49,11,0.0174,3.3237,"{""US"": 0.4958, ""IN"": 0.2673, ""BR"": 0.0781, ""GB"": 0.0616, ""DE"": 0.0973}"
2026-04-18,50,15,0.0253,3.3949,"{""US"": 0.4958, ""IN"": 0.2673, ""BR"": 0.0781, ""GB"": 0.0616, ""DE"": 0.0973}"
2026-04-19,1,34,0.1592,9.5732,"{""US"": 0.4769, ""IN"": 0.1845, ""BR"": 0.1187, ""GB"": 0.111, ""DE"": 0.1089}"
2026-04-19,2,47,0.2244,9.5165,"{""US"": 0.4769, ""IN"": 0.1845, ""BR"": 0.1187, ""GB"": 0.111, ""DE"": 0.1089}"
2026-04-19,3,404,1.8428,9.8261,"{""US"": 0.4769, ""IN"": 0.1845, ""BR"": 0.1187, ""GB"": 0.111, ""DE"": 0.1089}"
2026-04-19,4,33,0.1552,8.7733,"{""US"": 0.4769, ""IN"": 0.1845, ""BR"": 0.1187, ""GB"": 0.111, ""DE"": 0.1089}"
2026-04-19,6,30,0.1451,9.3784,"{""US"": 0.4769, ""IN"": 0.1845, ""BR"": 0.1187, ""GB"": 0.111, ""DE"": 0.1089}"
2026-04-19,7,21,0.0924,8.7858,"{""US"": 0.4769, ""IN"": 0.1845, ""BR"": 0.1187, ""GB"": 0.111, ""DE"": 0.1089}"
2026-04-19,8,25,0.1098,9.3467,"{""US"": 0.4769, ""IN"": 0.1845, ""BR"": 0.1187, ""GB"": 0.111, ""DE"": 0.1089}"
2026-04-19,9,44,0.1979,8.8298,"{""US"": 0.4769, ""IN"": 0.1845, ""BR"": 0.1187, ""GB"": 0.111, ""DE"": 0.1089}"
2026-04-19,10,15,0.0689,9.0345,"{""US"": 0.4769, ""IN"": 0.1845, ""BR"": 0.1187, ""GB"": 0.111, ""DE"": 0.1089}"
2026-04-19,11,33,0.1397,9.0204,"{""US"": 0.4769, ""IN"": 0.1845, ""BR"": 0.1187, ""GB"": 0.111, ""DE"": 0.1089}"
2026-04-19,12,28,0.1144,8.8073,"{""US"": 0.4769, ""IN"": 0.1845, ""BR"": 0.1187, ""GB"": 0.111, ""DE"": 0.1089}"
2026-04-19,13,35,0.1579,9.5244,"{""US"": 0.4769, ""IN"": 0.1845, ""BR"": 0.1187, ""GB"": 0.111, ""DE"": 0.1089}"
2026-04-19,15,34,0.1518,9.7872,"{""US"": 0.4769, ""IN"": 0.1845, ""BR"": 0.1187, ""GB"": 0.111, ""DE"": 0.1089}"
2026-04-19,16,71,0.08,3.3578,"{""US"": 0.4769, ""IN"": 0.1845, ""BR"": 0.1187, ""GB"": 0.111, ""DE"": 0.1089}"
2026-04-19,17,50,0.0554,3.4403,"{""US"": 0.4769, ""IN"": 0.1845, ""BR"": 0.1187, ""GB"": 0.111, ""DE"": 0.1089}"
2026-04-19,18,49,0.058,3.1968,"{""US"": 0.4769, ""IN"": 0.1845, ""BR"": 0.1187, ""GB"": 0.111, ""DE"": 0.1089}"
2026-04-19,19,47,0.0516,3.7464,"{""US"": 0.4769, ""IN"": 0.1845, ""BR"": 0.1187, ""GB"": 0.111, ""DE"": 0.1089}"
2026-04-19,20,46,0.056,3.3994,"{""US"": 0.4769, ""IN"": 0.1845, ""BR"": 0.1187, ""GB"": 0.111, ""DE"": 0.1089}"
2026-04-19,21,56,0.0566,3.4805,"{""US"": 0.4769, ""IN"": 0.1845, ""BR"": 0.1187, ""GB"": 0.111, ""DE"": 0.1089}"
2026-04-19,22,58,0.0692,3.4905,"{""US"": 0.4769, ""IN"": 0.1845, ""BR"": 0.1187, ""GB"": 0.111, ""DE"": 0.1089}"
2026-04-19,23,54,0.0639,3.2286,"{""US"": 0.4769, ""IN"": 0.1845, ""BR"": 0.1187, ""GB"": 0.111, ""DE"": 0.1089}"
2026-04-19,24,71,0.0855,3.558,"{""US"": 0.4769, ""IN"": 0.1845, ""BR"": 0.1187, ""GB"": 0.111, ""DE"": 0.1089}"
2026-04-19,25,52,0.0614,3.6527,"{""US"": 0.4769, ""IN"": 0.1845, ""BR"": 0.1187, ""GB"": 0.111, ""DE"": 0.1089}"
2026-04-19,27,54,0.062,3.1182,"{""US"": 0.4769, ""IN"": 0.1845, ""BR"": 0.1187, ""GB"": 0.111, ""DE"": 0.1089}"
2026-04-19,28,50,0.0579,3.5267,"{""US"": 0.4769, ""IN"": 0.1845, ""BR"": 0.1187, ""GB"": 0.111, ""DE"": 0.1089}"
2026-04-19,29,67,0.0792,3.7648,"{""US"": 0.4769, ""IN"": 0.1845, ""BR"": 0.1187, ""GB"": 0.111, ""DE"": 0.1089}"
2026-04-19,30,167,0.1943,3.2618,"{""US"": 0.4769, ""IN"": 0.1845, ""BR"": 0.1187, ""GB"": 0.111, ""DE"": 0.1089}"
2026-04-19,31,53,0.0597,3.7966,"{""US"": 0.4769, ""IN"": 0.1845, ""BR"": 0.1187, ""GB"": 0.111, ""DE"": 0.1089}"
2026-04-19,32,35,0.0415,3.2178,"{""US"": 0.4769, ""IN"": 0.1845, ""BR"": 0.1187, ""GB"": 0.111, ""DE"": 0.1089}"
2026-04-19,34,277,0.1017,0.5689,"{""US"": 0.4769, ""IN"": 0.1845, ""BR"": 0.1187, ""GB"": 0.111, ""DE"": 0.1089}"
2026-04-19,35,250,0.0886,0.5823,"{""US"": 0.4769, ""IN"": 0.1845, ""BR"": 0.1187, ""GB"": 0.111, ""DE"": 0.1089}"
2026-04-19,36,220,0.074,0.606,"{""US"": 0.4769, ""IN"": 0.1845, ""BR"": 0.1187, ""GB"": 0.111, ""DE"": 0.1089}"
2026-04-19,37,207,0.0628,0.5622,"{""US"": 0.4769, ""IN"": 0.1845, ""BR"": 0.1187, ""GB"": 0.111, ""DE"": 0.1089}"
2026-04-19,38,1207,0.4314,0.6012,"{""US"": 0.4769, ""IN"": 0.1845, ""BR"": 0.1187, ""GB"": 0.111, ""DE"": 0.1089}"
2026-04-19,39,391,0.1402,0.6198,"{""US"": 0.4769, ""IN"": 0.1845, ""BR"": 0.1187, ""GB"": 0.111, ""DE"": 0.1089}"
2026-04-19,41,1953,0.6768,0.6118,"{""US"": 0.4769, ""IN"": 0.1845, ""BR"": 0.1187, ""GB"": 0.111, ""DE"": 0.1089}"
2026-04-19,42,175,0.0589,0.5636,"{""US"": 0.4769, ""IN"": 0.1845, ""BR"": 0.1187, ""GB"": 0.111, ""DE"": 0.1089}"
2026-04-19,43,181,0.06,0.5613,"{""US"": 0.4769, ""IN"": 0.1845, ""BR"": 0.1187, ""GB"": 0.111, ""DE"": 0.1089}"
2026-04-19,44,42,0.1518,6.9275,"{""US"": 0.4769, ""IN"": 0.1845, ""BR"": 0.1187, ""GB"": 0.111, ""DE"": 0.1089}"
2026-04-19,45,39,0.1276,7.0439,"{""US"": 0.4769, ""IN"": 0.1845, ""BR"": 0.1187, ""GB"": 0.111, ""DE"": 0.1089}"
2026-04-19,46,36,0.1127,6.7758,"{""US"": 0.4769, ""IN"": 0.1845, ""BR"": 0.1187, ""GB"": 0.111, ""DE"": 0.1089}"
2026-04-19,47,29,0.096,6.7244,"{""US"": 0.4769, ""IN"": 0.1845, ""BR"": 0.1187, ""GB"": 0.111, ""DE"": 0.1089}"
2026-04-19,48,39,0.1381,7.1227,"{""US"": 0.4769, ""IN"": 0.1845, ""BR"": 0.1187, ""GB"": 0.111, ""DE"": 0.1089}"
2026-04-19,49,28,0.0493,3.7228,"{""US"": 0.4769, ""IN"": 0.1845, ""BR"": 0.1187, ""GB"": 0.111, ""DE"": 0.1089}"
2026-04-19,50,24,0.0403,3.6472,"{""US"": 0.4769, ""IN"": 0.1845, ""BR"": 0.1187, ""GB"": 0.111, ""DE"": 0.1089}"
2026-04-20,1,38,0.1853,9.2718,"{""US"": 0.4931, ""IN"": 0.1999, ""BR"": 0.1184, ""GB"": 0.083, ""DE"": 0.1056}"
2026-04-20,2,71,0.3215,9.6347,"{""US"": 0.4931, ""IN"": 0.1999, ""BR"": 0.1184, ""GB"": 0.083, ""DE"": 0.1056}"
2026-04-20,3,347,1.4477,8.9765,"{""US"": 0.4931, ""IN"": 0.1999, ""BR"": 0.1184, ""GB"": 0.083, ""DE"": 0.1056}"
2026-04-20,4,32,0.1391,8.558,"{""US"": 0.4931, ""IN"": 0.1999, ""BR"": 0.1184, ""GB"": 0.083, ""DE"": 0.1056}"
2026-04-20,6,51,0.2302,9.2745,"{""US"": 0.4931, ""IN"": 0.1999, ""BR"": 0.1184, ""GB"": 0.083, ""DE"": 0.1056}"
2026-04-20,7,39,0.1842,9.4873,"{""US"": 0.4931, ""IN"": 0.1999, ""BR"": 0.1184, ""GB"": 0.083, ""DE"": 0.1056}"
2026-04-20,8,50,0.2461,10.0734,"{""US"": 0.4931, ""IN"": 0.1999, ""BR"": 0.1184, ""GB"": 0.083, ""DE"": 0.1056}"
2026-04-20,9,27,0.1198,9.0183,"{""US"": 0.4931, ""IN"": 0.1999, ""BR"": 0.1184, ""GB"": 0.083, ""DE"": 0.1056}"
2026-04-20,10,32,0.1522,8.3249,"{""US"": 0.4931, ""IN"": 0.1999, ""BR"": 0.1184, ""GB"": 0.083, ""DE"": 0.1056}"
2026-04-20,11,27,0.125,9.4133,"{""US"": 0.4931, ""IN"": 0.1999, ""BR"": 0.1184, ""GB"": 0.083, ""DE"": 0.1056}"
2026-04-20,12,26,0.1251,8.2372,"{""US"": 0.4931, ""IN"": 0.1999, ""BR"": 0.1184, ""GB"": 0.083, ""DE"": 0.1056}"
2026-04-20,13,32,0.1562,9.4975,"{""US"": 0.4931, ""IN"": 0.1999, ""BR"": 0.1184, ""GB"": 0.083, ""DE"": 0.1056}"
2026-04-20,15,51,0.2198,8.9439,"{""US"": 0.4931, ""IN"": 0.1999, ""BR"": 0.1184, ""GB"": 0.083, ""DE"": 0.1056}"
2026-04-20,16,82,0.094,3.4918,"{""US"": 0.4931, ""IN"": 0.1999, ""BR"": 0.1184, ""GB"": 0.083, ""DE"": 0.1056}"
2026-04-20,17,55,0.0677,3.2846,"{""US"": 0.4931, ""IN"": 0.1999, ""BR"": 0.1184, ""GB"": 0.083, ""DE"": 0.1056}"
2026-04-20,18,50,0.0583,3.1151,"{""US"": 0.4931, ""IN"": 0.1999, ""BR"": 0.1184, ""GB"": 0.083, ""DE"": 0.1056}"
2026-04-20,19,62,0.0711,3.7117,"{""US"": 0.4931, ""IN"": 0.1999, ""BR"": 0.1184, ""GB"": 0.083, ""DE"": 0.1056}"
2026-04-20,20,58,0.0638,3.2797,"{""US"": 0.4931, ""IN"": 0.1999, ""BR"": 0.1184, ""GB"": 0.083, ""DE"": 0.1056}"
2026-04-20,21,61,0.0707,3.2942,"{""US"": 0.4931, ""IN"": 0.1999, ""BR"": 0.1184, ""GB"": 0.083, ""DE"": 0.1056}"
2026-04-20,22,46,0.0529,3.2298,"{""US"": 0.4931, ""IN"": 0.1999, ""BR"": 0.1184, ""GB"": 0.083, ""DE"": 0.1056}"
2026-04-20,23,36,0.0431,3.4174,"{""US"": 0.4931, ""IN"": 0.1999, ""BR"": 0.1184, ""GB"": 0.083, ""DE"": 0.1056}"
2026-04-20,24,69,0.078,3.5086,"{""US"": 0.4931, ""IN"": 0.1999, ""BR"": 0.1184, ""GB"": 0.083, ""DE"": 0.1056}"
2026-04-20,25,51,0.0596,3.7768,"{""US"": 0.4931, ""IN"": 0.1999, ""BR"": 0.1184, ""GB"": 0.083, ""DE"": 0.1056}"
2026-04-20,27,40,0.049,3.5843,"{""US"": 0.4931, ""IN"": 0.1999, ""BR"": 0.1184, ""GB"": 0.083, ""DE"": 0.1056}"
2026-04-20,28,87,0.102,3.3126,"{""US"": 0.4931, ""IN"": 0.1999, ""BR"": 0.1184, ""GB"": 0.083, ""DE"": 0.1056}"
2026-04-20,29,88,0.098,3.5212,"{""US"": 0.4931, ""IN"": 0.1999, ""BR"": 0.1184, ""GB"": 0.083, ""DE"": 0.1056}"
2026-04-20,30,283,0.3223,3.1181,"{""US"": 0.4931, ""IN"": 0.1999, ""BR"": 0.1184, ""GB"": 0.083, ""DE"": 0.1056}"
2026-04-20,31,56,0.0636,3.4944,"{""US"": 0.4931, ""IN"": 0.1999, ""BR"": 0.1184, ""GB"": 0.083, ""DE"": 0.1056}"
2026-04-20,32,61,0.0715,3.3408,"{""US"": 0.4931, ""IN"": 0.1999, ""BR"": 0.1184, ""GB"": 0.083, ""DE"": 0.1056}"
2026-04-20,34,162,0.0475,0.5614,"{""US"": 0.4931, ""IN"": 0.1999, ""BR"": 0.1184, ""GB"": 0.083, ""DE"": 0.1056}"
2026-04-20,35,231,0.0739,0.5511,"{""US"": 0.4931, ""IN"": 0.1999, ""BR"": 0.1184, ""GB"": 0.083, ""DE"": 0.1056}"
2026-04-20,36,276,0.0965,0.5162,"{""US"": 0.4931, ""IN"": 0.1999, ""BR"": 0.1184, ""GB"": 0.083, ""DE"": 0.1056}"
2026-04-20,37,289,0.1026,0.5156,"{""US"": 0.4931, ""IN"": 0.1999, ""BR"": 0.1184, ""GB"": 0.083, ""DE"": 0.1056}"
2026-04-20,38,1572,0.5639,0.5889,"{""US"": 0.4931, ""IN"": 0.1999, ""BR"": 0.1184, ""GB"": 0.083, ""DE"": 0.1056}"
2026-04-20,39,392,0.1321,0.5623,"{""US"": 0.4931, ""IN"": 0.1999, ""BR"": 0.1184, ""GB"": 0.083, ""DE"": 0.1056}"
2026-04-20,40,5700,1.8602,0.5293,"{""US"": 0.4931, ""IN"": 0.1999, ""BR"": 0.1184, ""GB"": 0.083, ""DE"": 0.1056}"
2026-04-20,41,2904,0.995,0.5682,"{""US"": 0.4931, ""IN"": 0.1999, ""BR"": 0.1184, ""GB"": 0.083, ""DE"": 0.1056}"
2026-04-20,42,285,0.0967,0.6046,"{""US"": 0.4931, ""IN"": 0.1999, ""BR"": 0.1184, ""GB"": 0.083, ""DE"": 0.1056}"
2026-04-20,43,281,0.0996,0.5313,"{""US"": 0.4931, ""IN"": 0.1999, ""BR"": 0.1184, ""GB"": 0.083, ""DE"": 0.1056}"
2026-04-20,44,43,0.1502,6.9386,"{""US"": 0.4931, ""IN"": 0.1999, ""BR"": 0.1184, ""GB"": 0.083, ""DE"": 0.1056}"
2026-04-20,45,37,0.1378,6.4402,"{""US"": 0.4931, ""IN"": 0.1999, ""BR"": 0.1184, ""GB"": 0.083, ""DE"": 0.1056}"
2026-04-20,46,44,0.1633,6.9521,"{""US"": 0.4931, ""IN"": 0.1999, ""BR"": 0.1184, ""GB"": 0.083, ""DE"": 0.1056}"
2026-04-20,47,36,0.1297,6.3705,"{""US"": 0.4931, ""IN"": 0.1999, ""BR"": 0.1184, ""GB"": 0.083, ""DE"": 0.1056}"
2026-04-20,48,44,0.1518,6.9439,"{""US"": 0.4931, ""IN"": 0.1999, ""BR"": 0.1184, ""GB"": 0.083, ""DE"": 0.1056}"
2026-04-20,49,18,0.0309,3.6214,"{""US"": 0.4931, ""IN"": 0.1999, ""BR"": 0.1184, ""GB"": 0.083, ""DE"": 0.1056}"
2026-04-20,50,19,0.0334,3.3938,"{""US"": 0.4931, ""IN"": 0.1999, ""BR"": 0.1184, ""GB"": 0.083, ""DE"": 0.1056}"
2026-04-21,1,45,0.2019,9.3539,"{""US"": 0.4989, ""IN"": 0.1842, ""BR"": 0.1169, ""GB"": 0.0913, ""DE"": 0.1087}"
2026-04-21,2,46,0.2151,9.5845,"{""US"": 0.4989, ""IN"": 0.1842, ""BR"": 0.1169, ""GB"": 0.0913, ""DE"": 0.1087}"
2026-04-21,3,421,1.8932,9.1891,"{""US"": 0.4989, ""IN"": 0.1842, ""BR"": 0.1169, ""GB"": 0.0913, ""DE"": 0.1087}"
2026-04-21,4,38,0.1639,9.2191,"{""US"": 0.4989, ""IN"": 0.1842, ""BR"": 0.1169, ""GB"": 0.0913, ""DE"": 0.1087}"
2026-04-21,6,24,0.1173,10.035,"{""US"": 0.4989, ""IN"": 0.1842, ""BR"": 0.1169, ""GB"": 0.0913, ""DE"": 0.1087}"
2026-04-21,7,34,0.1568,9.2565,"{""US"": 0.4989, ""IN"": 0.1842, ""BR"": 0.1169, ""GB"": 0.0913, ""DE"": 0.1087}"
2026-04-21,8,31,0.1409,8.8734,"{""US"": 0.4989, ""IN"": 0.1842, ""BR"": 0.1169, ""GB"": 0.0913, ""DE"": 0.1087}"
2026-04-21,9,30,0.1549,8.6343,"{""US"": 0.4989, ""IN"": 0.1842, ""BR"": 0.1169, ""GB"": 0.0913, ""DE"": 0.1087}"
2026-04-21,10,21,0.0937,8.8721,"{""US"": 0.4989, ""IN"": 0.1842, ""BR"": 0.1169, ""GB"": 0.0913, ""DE"": 0.1087}"
2026-04-21,11,37,0.1659,7.8818,"{""US"": 0.4989, ""IN"": 0.1842, ""BR"": 0.1169, ""GB"": 0.0913, ""DE"": 0.1087}"
2026-04-21,12,46,0.208,9.1895,"{""US"": 0.4989, ""IN"": 0.1842, ""BR"": 0.1169, ""GB"": 0.0913, ""DE"": 0.1087}"
2026-04-21,13,23,0.1024,8.9549,"{""US"": 0.4989, ""IN"": 0.1842, ""BR"": 0.1169, ""GB"": 0.0913, ""DE"": 0.1087}"
2026-04-21,15,39,0.1764,8.3299,"{""US"": 0.4989, ""IN"": 0.1842, ""BR"": 0.1169, ""GB"": 0.0913, ""DE"": 0.1087}"
2026-04-21,16,90,0.0994,3.5261,"{""US"": 0.4989, ""IN"": 0.1842, ""BR"": 0.1169, ""GB"": 0.0913, ""DE"": 0.1087}"
2026-04-21,17,64,0.0702,3.3518,"{""US"": 0.4989, ""IN"": 0.1842, ""BR"": 0.1169, ""GB"": 0.0913, ""DE"": 0.1087}"
2026-04-21,18,63,0.0762,3.4505,"{""US"": 0.4989, ""IN"": 0.1842, ""BR"": 0.1169, ""GB"": 0.0913, ""DE"": 0.1087}"
2026-04-21,19,32,0.0369,3.4451,"{""US"": 0.4989, ""IN"": 0.1842, ""BR"": 0.1169, ""GB"": 0.0913, ""DE"": 0.1087}"
2026-04-21,20,62,0.0765,3.6615,"{""US"": 0.4989, ""IN"": 0.1842, ""BR"": 0.1169, ""GB"": 0.0913, ""DE"": 0.1087}"
2026-04-21,21,60,0.0735,3.4332,"{""US"": 0.4989, ""IN"": 0.1842, ""BR"": 0.1169, ""GB"": 0.0913, ""DE"": 0.1087}"
2026-04-21,22,36,0.0426,3.4446,"{""US"": 0.4989, ""IN"": 0.1842, ""BR"": 0.1169, ""GB"": 0.0913, ""DE"": 0.1087}"
2026-04-21,23,62,0.077,3.4278,"{""US"": 0.4989, ""IN"": 0.1842, ""BR"": 0.1169, ""GB"": 0.0913, ""DE"": 0.1087}"
2026-04-21,24,46,0.0548,3.507,"{""US"": 0.4989, ""IN"": 0.1842, ""BR"": 0.1169, ""GB"": 0.0913, ""DE"": 0.1087}"
2026-04-21,25,63,0.0762,3.3093,"{""US"": 0.4989, ""IN"": 0.1842, ""BR"": 0.1169, ""GB"": 0.0913, ""DE"": 0.1087}"
2026-04-21,27,75,0.0892,3.6385,"{""US"": 0.4989, ""IN"": 0.1842, ""BR"": 0.1169, ""GB"": 0.0913, ""DE"": 0.1087}"
2026-04-21,28,54,0.0575,3.526,"{""US"": 0.4989, ""IN"": 0.1842, ""BR"": 0.1169, ""GB"": 0.0913, ""DE"": 0.1087}"
2026-04-21,29,65,0.0796,3.7334,"{""US"": 0.4989, ""IN"": 0.1842, ""BR"": 0.1169, ""GB"": 0.0913, ""DE"": 0.1087}"
2026-04-21,30,179,0.2086,3.5335,"{""US"": 0.4989, ""IN"": 0.1842, ""BR"": 0.1169, ""GB"": 0.0913, ""DE"": 0.1087}"
2026-04-21,31,65,0.0772,3.4805,"{""US"": 0.4989, ""IN"": 0.1842, ""BR"": 0.1169, ""GB"": 0.0913, ""DE"": 0.1087}"
2026-04-21,32,48,0.0507,3.5605,"{""US"": 0.4989, ""IN"": 0.1842, ""BR"": 0.1169, ""GB"": 0.0913, ""DE"": 0.1087}"
2026-04-21,34,235,0.0767,0.5587,"{""US"": 0.4989, ""IN"": 0.1842, ""BR"": 0.1169, ""GB"": 0.0913, ""DE"": 0.1087}"
2026-04-21,35,251,0.087,0.6038,"{""US"": 0.4989, ""IN"": 0.1842, ""BR"": 0.1169, ""GB"": 0.0913, ""DE"": 0.1087}"
2026-04-21,36,222,0.0742,0.5341,"{""US"": 0.4989, ""IN"": 0.1842, ""BR"": 0.1169, ""GB"": 0.0913, ""DE"": 0.1087}"
2026-04-21,37,208,0.0633,0.5708,"{""US"": 0.4989, ""IN"": 0.1842, ""BR"": 0.1169, ""GB"": 0.0913, ""DE"": 0.1087}"
2026-04-21,38,1336,0.425,0.5539,"{""US"": 0.4989, ""IN"": 0.1842, ""BR"": 0.1169, ""GB"": 0.0913, ""DE"": 0.1087}"
2026-04-21,39,503,0.1606,0.6196,"{""US"": 0.4989, ""IN"": 0.1842, ""BR"": 0.1169, ""GB"": 0.0913, ""DE"": 0.1087}"
2026-04-21,40,4947,1.6556,0.5643,"{""US"": 0.4989, ""IN"": 0.1842, ""BR"": 0.1169, ""GB"": 0.0913, ""DE"": 0.1087}"
2026-04-21,41,2883,0.9746,0.5792,"{""US"": 0.4989, ""IN"": 0.1842, ""BR"": 0.1169, ""GB"": 0.0913, ""DE"": 0.1087}"
2026-04-21,42,251,0.0954,0.5622,"{""US"": 0.4989, ""IN"": 0.1842, ""BR"": 0.1169, ""GB"": 0.0913, ""DE"": 0.1087}"
2026-04-21,43,335,0.1057,0.6051,"{""US"": 0.4989, ""IN"": 0.1842, ""BR"": 0.1169, ""GB"": 0.0913, ""DE"": 0.1087}"
2026-04-21,44,41,0.1342,6.6675,"{""US"": 0.4989, ""IN"": 0.1842, ""BR"": 0.1169, ""GB"": 0.0913, ""DE"": 0.1087}"
2026-04-21,45,38,0.1307,6.859,"{""US"": 0.4989, ""IN"": 0.1842, ""BR"": 0.1169, ""GB"": 0.0913, ""DE"": 0.1087}"
2026-04-21,46,20,0.0771,7.0844,"{""US"": 0.4989, ""IN"": 0.1842, ""BR"": 0.1169, ""GB"": 0.0913, ""DE"": 0.1087}"
2026-04-21,47,40,0.1393,6.7233,"{""US"": 0.4989, ""IN"": 0.1842, ""BR"": 0.1169, ""GB"": 0.0913, ""DE"": 0.1087}"
2026-04-21,48,24,0.0853,6.6546,"{""US"": 0.4989, ""IN"": 0.1842, ""BR"": 0.1169, ""GB"": 0.0913, ""DE"": 0.1087}"
2026-04-21,49,16,0.0294,3.4662,"{""US"": 0.4989, ""IN"": 0.1842, ""BR"": 0.1169, ""GB"": 0.0913, ""DE"": 0.1087}"
2026-04-21,50,23,0.0409,3.7321,"{""US"": 0.4989, ""IN"": 0.1842, ""BR"": 0.1169, ""GB"": 0.0913, ""DE"": 0.1087}"
2026-04-22,1,25,0.1258,9.3578,"{""US"": 0.4887, ""IN"": 0.2033, ""BR"": 0.095, ""GB"": 0.1155, ""DE"": 0.0974}"
2026-04-22,2,68,0.3326,8.5887,"{""US"": 0.4887, ""IN"": 0.2033, ""BR"": 0.095, ""GB"": 0.1155, ""DE"": 0.0974}"
2026-04-22,3,339,1.5705,8.635,"{""US"": 0.4887, ""IN"": 0.2033, ""BR"": 0.095, ""GB"": 0.1155, ""DE"": 0.0974}"
2026-04-22,4,42,0.1857,9.3713,"{""US"": 0.4887, ""IN"": 0.2033, ""BR"": 0.095, ""GB"": 0.1155, ""DE"": 0.0974}"
2026-04-22,6,41,0.1854,9.7115,"{""US"": 0.4887, ""IN"": 0.2033, ""BR"": 0.095, ""GB"": 0.1155, ""DE"": 0.0974}"
2026-04-22,7,30,0.1322,9.1254,"{""US"": 0.4887, ""IN"": 0.2033, ""BR"": 0.095, ""GB"": 0.1155, ""DE"": 0.0974}"
2026-04-22,8,40,0.2103,9.2601,"{""US"": 0.4887, ""IN"": 0.2033, ""BR"": 0.095, ""GB"": 0.1155, ""DE"": 0.0974}"
2026-04-22,9,40,0.1844,9.0573,"{""US"": 0.4887, ""IN"": 0.2033, ""BR"": 0.095, ""GB"": 0.1155, ""DE"": 0.0974}"
2026-04-22,10,31,0.1496,9.3141,"{""US"": 0.4887, ""IN"": 0.2033, ""BR"": 0.095, ""GB"": 0.1155, ""DE"": 0.0974}"
2026-04-22,11,68,0.3033,9.0061,"{""US"": 0.4887, ""IN"": 0.2033, ""BR"": 0.095, ""GB"": 0.1155, ""DE"": 0.0974}"
2026-04-22,12,22,0.1058,9.4581,"{""US"": 0.4887, ""IN"": 0.2033, ""BR"": 0.095, ""GB"": 0.1155, ""DE"": 0.0974}"
2026-04-22,13,49,0.2381,9.5414,"{""US"": 0.4887, ""IN"": 0.2033, ""BR"": 0.095, ""GB"": 0.1155, ""DE"": 0.0974}"
2026-04-22,15,65,0.3157,8.8241,"{""US"": 0.4887, ""IN"": 0.2033, ""BR"": 0.095, ""GB"": 0.1155, ""DE"": 0.0974}"
2026-04-22,16,81,0.0905,3.3406,"{""US"": 0.4887, ""IN"": 0.2033, ""BR"": 0.095, ""GB"": 0.1155, ""DE"": 0.0974}"
2026-04-22,17,61,0.0685,3.5156,"{""US"": 0.4887, ""IN"": 0.2033, ""BR"": 0.095, ""GB"": 0.1155, ""DE"": 0.0974}"
2026-04-22,18,53,0.064,3.5909,"{""US"": 0.4887, ""IN"": 0.2033, ""BR"": 0.095, ""GB"": 0.1155, ""DE"": 0.0974}"
2026-04-22,19,40,0.0495,3.5753,"{""US"": 0.4887, ""IN"": 0.2033, ""BR"": 0.095, ""GB"": 0.1155, ""DE"": 0.0974}"
2026-04-22,20,53,0.0617,3.3345,"{""US"": 0.4887, ""IN"": 0.2033, ""BR"": 0.095, ""GB"": 0.1155, ""DE"": 0.0974}"
2026-04-22,21,64,0.0731,3.4125,"{""US"": 0.4887, ""IN"": 0.2033, ""BR"": 0.095, ""GB"": 0.1155, ""DE"": 0.0974}"
2026-04-22,22,73,0.0924,3.2826,"{""US"": 0.4887, ""IN"": 0.2033, ""BR"": 0.095, ""GB"": 0.1155, ""DE"": 0.0974}"
2026-04-22,23,61,0.0706,3.2334,"{""US"": 0.4887, ""IN"": 0.2033, ""BR"": 0.095, ""GB"": 0.1155, ""DE"": 0.0974}"
2026-04-22,24,46,0.0526,3.1818,"{""US"": 0.4887, ""IN"": 0.2033, ""BR"": 0.095, ""GB"": 0.1155, ""DE"": 0.0974}"
2026-04-22,25,73,0.0856,3.7988,"{""US"": 0.4887, ""IN"": 0.2033, ""BR"": 0.095, ""GB"": 0.1155, ""DE"": 0.0974}"
2026-04-22,27,65,0.0756,3.883,"{""US"": 0.4887, ""IN"": 0.2033, ""BR"": 0.095, ""GB"": 0.1155, ""DE"": 0.0974}"
2026-04-22,28,55,0.0607,3.5246,"{""US"": 0.4887, ""IN"": 0.2033, ""BR"": 0.095, ""GB"": 0.1155, ""DE"": 0.0974}"
2026-04-22,29,80,0.0864,3.5926,"{""US"": 0.4887, ""IN"": 0.2033, ""BR"": 0.095, ""GB"": 0.1155, ""DE"": 0.0974}"
2026-04-22,30,183,0.2211,3.7139,"{""US"": 0.4887, ""IN"": 0.2033, ""BR"": 0.095, ""GB"": 0.1155, ""DE"": 0.0974}"
2026-04-22,31,73,0.0785,3.5428,"{""US"": 0.4887, ""IN"": 0.2033, ""BR"": 0.095, ""GB"": 0.1155, ""DE"": 0.0974}"
2026-04-22,32,65,0.0763,3.4224,"{""US"": 0.4887, ""IN"": 0.2033, ""BR"": 0.095, ""GB"": 0.1155, ""DE"": 0.0974}"
2026-04-22,33,1217,1.4365,3.3293,"{""US"": 0.4887, ""IN"": 0.2033, ""BR"": 0.095, ""GB"": 0.1155, ""DE"": 0.0974}"
2026-04-22,34,271,0.0891,0.5974,"{""US"": 0.4887, ""IN"": 0.2033, ""BR"": 0.095, ""GB"": 0.1155, ""DE"": 0.0974}"
2026-04-22,35,252,0.0966,0.5974,"{""US"": 0.4887, ""IN"": 0.2033, ""BR"": 0.095, ""GB"": 0.1155, ""DE"": 0.0974}"
2026-04-22,36,210,0.069,0.5679,"{""US"": 0.4887, ""IN"": 0.2033, ""BR"": 0.095, ""GB"": 0.1155, ""DE"": 0.0974}"
2026-04-22,37,208,0.069,0.5931,"{""US"": 0.4887, ""IN"": 0.2033, ""BR"": 0.095, ""GB"": 0.1155, ""DE"": 0.0974}"
2026-04-22,38,1433,0.4694,0.5334,"{""US"": 0.4887, ""IN"": 0.2033, ""BR"": 0.095, ""GB"": 0.1155, ""DE"": 0.0974}"
2026-04-22,39,385,0.1312,0.5991,"{""US"": 0.4887, ""IN"": 0.2033, ""BR"": 0.095, ""GB"": 0.1155, ""DE"": 0.0974}"
2026-04-22,40,4505,1.5685,0.5747,"{""US"": 0.4887, ""IN"": 0.2033, ""BR"": 0.095, ""GB"": 0.1155, ""DE"": 0.0974}"
2026-04-22,41,2443,0.7941,0.6008,"{""US"": 0.4887, ""IN"": 0.2033, ""BR"": 0.095, ""GB"": 0.1155, ""DE"": 0.0974}"
2026-04-22,42,239,0.086,0.59,"{""US"": 0.4887, ""IN"": 0.2033, ""BR"": 0.095, ""GB"": 0.1155, ""DE"": 0.0974}"
2026-04-22,43,255,0.0884,0.574,"{""US"": 0.4887, ""IN"": 0.2033, ""BR"": 0.095, ""GB"": 0.1155, ""DE"": 0.0974}"
2026-04-22,44,30,0.0998,7.7718,"{""US"": 0.4887, ""IN"": 0.2033, ""BR"": 0.095, ""GB"": 0.1155, ""DE"": 0.0974}"
2026-04-22,45,45,0.1604,6.7315,"{""US"": 0.4887, ""IN"": 0.2033, ""BR"": 0.095, ""GB"": 0.1155, ""DE"": 0.0974}"
2026-04-22,46,32,0.104,7.5948,"{""US"": 0.4887, ""IN"": 0.2033, ""BR"": 0.095, ""GB"": 0.1155, ""DE"": 0.0974}"
2026-04-22,47,22,0.0674,7.0756,"{""US"": 0.4887, ""IN"": 0.2033, ""BR"": 0.095, ""GB"": 0.1155, ""DE"": 0.0974}"
2026-04-22,48,24,0.082,6.9153,"{""US"": 0.4887, ""IN"": 0.2033, ""BR"": 0.095, ""GB"": 0.1155, ""DE"": 0.0974}"
2026-04-22,49,11,0.0199,3.5035,"{""US"": 0.4887, ""IN"": 0.2033, ""BR"": 0.095, ""GB"": 0.1155, ""DE"": 0.0974}"
2026-04-22,50,23,0.0414,3.5881,"{""US"": 0.4887, ""IN"": 0.2033, ""BR"": 0.095, ""GB"": 0.1155, ""DE"": 0.0974}"
2026-04-23,1,54,0.2489,9.8379,"{""US"": 0.5083, ""IN"": 0.2059, ""BR"": 0.0977, ""GB"": 0.0943, ""DE"": 0.0938}"
2026-04-23,2,51,0.2334,9.3563,"{""US"": 0.5083, ""IN"": 0.2059, ""BR"": 0.0977, ""GB"": 0.0943, ""DE"": 0.0938}"
2026-04-23,3,300,1.3789,8.6723,"{""US"": 0.5083, ""IN"": 0.2059, ""BR"": 0.0977, ""GB"": 0.0943, ""DE"": 0.0938}"
2026-04-23,4,43,0.1968,9.2743,"{""US"": 0.5083, ""IN"": 0.2059, ""BR"": 0.0977, ""GB"": 0.0943, ""DE"": 0.0938}"
2026-04-23,6,39,0.1963,8.6472,"{""US"": 0.5083, ""IN"": 0.2059, ""BR"": 0.0977, ""GB"": 0.0943, ""DE"": 0.0938}"
2026-04-23,7,33,0.1441,9.3801,"{""US"": 0.5083, ""IN"": 0.2059, ""BR"": 0.0977, ""GB"": 0.0943, ""DE"": 0.0938}"
2026-04-23,8,36,0.1499,9.5186,"{""US"": 0.5083, ""IN"": 0.2059, ""BR"": 0.0977, ""GB"": 0.0943, ""DE"": 0.0938}"
2026-04-23,9,28,0.1409,8.7017,"{""US"": 0.5083, ""IN"": 0.2059, ""BR"": 0.0977, ""GB"": 0.0943, ""DE"": 0.0938}"
2026-04-23,10,31,0.1387,9.2375,"{""US"": 0.5083, ""IN"": 0.2059, ""BR"": 0.0977, ""GB"": 0.0943, ""DE"": 0.0938}"
2026-04-23,11,35,0.1674,9.1848,"{""US"": 0.5083, ""IN"": 0.2059, ""BR"": 0.0977, ""GB"": 0.0943, ""DE"": 0.0938}"
2026-04-23,12,54,0.2402,9.1117,"{""US"": 0.5083, ""IN"": 0.2059, ""BR"": 0.0977, ""GB"": 0.0943, ""DE"": 0.0938}"
2026-04-23,13,33,0.1521,9.855,"{""US"": 0.5083, ""IN"": 0.2059, ""BR"": 0.0977, ""GB"": 0.0943, ""DE"": 0.0938}"
2026-04-23,15,28,0.1341,9.5779,"{""US"": 0.5083, ""IN"": 0.2059, ""BR"": 0.0977, ""GB"": 0.0943, ""DE"": 0.0938}"
2026-04-23,16,74,0.0845,3.4569,"{""US"": 0.5083, ""IN"": 0.2059, ""BR"": 0.0977, ""GB"": 0.0943, ""DE"": 0.0938}"
2026-04-23,17,59,0.0617,3.5493,"{""US"": 0.5083, ""IN"": 0.2059, ""BR"": 0.0977, ""GB"": 0.0943, ""DE"": 0.0938}"
2026-04-23,18,54,0.0665,3.6616,"{""US"": 0.5083, ""IN"": 0.2059, ""BR"": 0.0977, ""GB"": 0.0943, ""DE"": 0.0938}"
2026-04-23,19,56,0.0619,3.5328,"{""US"": 0.5083, ""IN"": 0.2059, ""BR"": 0.0977, ""GB"": 0.0943, ""DE"": 0.0938}"
2026-04-23,20,59,0.0723,3.2387,"{""US"": 0.5083, ""IN"": 0.2059, ""BR"": 0.0977, ""GB"": 0.0943, ""DE"": 0.0938}"
2026-04-23,21,75,0.0867,3.3679,"{""US"": 0.5083, ""IN"": 0.2059, ""BR"": 0.0977, ""GB"": 0.0943, ""DE"": 0.0938}"
2026-04-23,22,74,0.0811,3.4758,"{""US"": 0.5083, ""IN"": 0.2059, ""BR"": 0.0977, ""GB"": 0.0943, ""DE"": 0.0938}"
2026-04-23,23,61,0.068,3.6359,"{""US"": 0.5083, ""IN"": 0.2059, ""BR"": 0.0977, ""GB"": 0.0943, ""DE"": 0.0938}"
2026-04-23,24,49,0.0557,3.243,"{""US"": 0.5083, ""IN"": 0.2059, ""BR"": 0.0977, ""GB"": 0.0943, ""DE"": 0.0938}"
2026-04-23,25,56,0.0695,3.1846,"{""US"": 0.5083, ""IN"": 0.2059, ""BR"": 0.0977, ""GB"": 0.0943, ""DE"": 0.0938}"
2026-04-23,27,74,0.0875,3.4293,"{""US"": 0.5083, ""IN"": 0.2059, ""BR"": 0.0977, ""GB"": 0.0943, ""DE"": 0.0938}"
2026-04-23,28,62,0.0751,3.2522,"{""US"": 0.5083, ""IN"": 0.2059, ""BR"": 0.0977, ""GB"": 0.0943, ""DE"": 0.0938}"
2026-04-23,29,38,0.0423,3.2244,"{""US"": 0.5083, ""IN"": 0.2059, ""BR"": 0.0977, ""GB"": 0.0943, ""DE"": 0.0938}"
2026-04-23,30,181,0.2193,3.2082,"{""US"": 0.5083, ""IN"": 0.2059, ""BR"": 0.0977, ""GB"": 0.0943, ""DE"": 0.0938}"
2026-04-23,31,65,0.0777,3.6424,"{""US"": 0.5083, ""IN"": 0.2059, ""BR"": 0.0977, ""GB"": 0.0943, ""DE"": 0.0938}"
2026-04-23,32,63,0.079,3.2721,"{""US"": 0.5083, ""IN"": 0.2059, ""BR"": 0.0977, ""GB"": 0.0943, ""DE"": 0.0938}"
2026-04-23,33,885,0.9906,3.306,"{""US"": 0.5083, ""IN"": 0.2059, ""BR"": 0.0977, ""GB"": 0.0943, ""DE"": 0.0938}"
2026-04-23,34,268,0.0935,0.615,"{""US"": 0.5083, ""IN"": 0.2059, ""BR"": 0.0977, ""GB"": 0.0943, ""DE"": 0.0938}"
2026-04-23,35,259,0.0913,0.5809,"{""US"": 0.5083, ""IN"": 0.2059, ""BR"": 0.0977, ""GB"": 0.0943, ""DE"": 0.0938}"
2026-04-23,36,287,0.1061,0.5531,"{""US"": 0.5083, ""IN"": 0.2059, ""BR"": 0.0977, ""GB"": 0.0943, ""DE"": 0.0938}"
2026-04-23,37,267,0.0973,0.5764,"{""US"": 0.5083, ""IN"": 0.2059, ""BR"": 0.0977, ""GB"": 0.0943, ""DE"": 0.0938}"
2026-04-23,38,1445,0.4775,0.5698,"{""US"": 0.5083, ""IN"": 0.2059, ""BR"": 0.0977, ""GB"": 0.0943, ""DE"": 0.0938}"
2026-04-23,39,412,0.1486,0.5352,"{""US"": 0.5083, ""IN"": 0.2059, ""BR"": 0.0977, ""GB"": 0.0943, ""DE"": 0.0938}"
2026-04-23,40,4131,1.346,0.638,"{""US"": 0.5083, ""IN"": 0.2059, ""BR"": 0.0977, ""GB"": 0.0943, ""DE"": 0.0938}"
2026-04-23,41,1648,0.5735,0.5826,"{""US"": 0.5083, ""IN"": 0.2059, ""BR"": 0.0977, ""GB"": 0.0943, ""DE"": 0.0938}"
2026-04-23,42,237,0.0839,0.5438,"{""US"": 0.5083, ""IN"": 0.2059, ""BR"": 0.0977, ""GB"": 0.0943, ""DE"": 0.0938}"
2026-04-23,43,201,0.0746,0.5999,"{""US"": 0.5083, ""IN"": 0.2059, ""BR"": 0.0977, ""GB"": 0.0943, ""DE"": 0.0938}"
2026-04-23,44,36,0.1394,6.773,"{""US"": 0.5083, ""IN"": 0.2059, ""BR"": 0.0977, ""GB"": 0.0943, ""DE"": 0.0938}"
2026-04-23,45,48,0.1661,7.5041,"{""US"": 0.5083, ""IN"": 0.2059, ""BR"": 0.0977, ""GB"": 0.0943, ""DE"": 0.0938}"
2026-04-23,46,33,0.1142,6.5887,"{""US"": 0.5083, ""IN"": 0.2059, ""BR"": 0.0977, ""GB"": 0.0943, ""DE"": 0.0938}"
2026-04-23,47,25,0.0864,7.0029,"{""US"": 0.5083, ""IN"": 0.2059, ""BR"": 0.0977, ""GB"": 0.0943, ""DE"": 0.0938}"
2026-04-23,48,34,0.1245,5.8044,"{""US"": 0.5083, ""IN"": 0.2059, ""BR"": 0.0977, ""GB"": 0.0943, ""DE"": 0.0938}"
2026-04-23,49,18,0.0324,3.5282,"{""US"": 0.5083, ""IN"": 0.2059, ""BR"": 0.0977, ""GB"": 0.0943, ""DE"": 0.0938}"
2026-04-23,50,27,0.0482,3.5933,"{""US"": 0.5083, ""IN"": 0.2059, ""BR"": 0.0977, ""GB"": 0.0943, ""DE"": 0.0938}"
2026-04-24,1,39,0.1987,9.0064,"{""US"": 0.5333, ""IN"": 0.1876, ""BR"": 0.089, ""GB"": 0.0894, ""DE"": 0.1007}"
2026-04-24,2,51,0.2508,9.1196,"{""US"": 0.5333, ""IN"": 0.1876, ""BR"": 0.089, ""GB"": 0.0894, ""DE"": 0.1007}"
2026-04-24,3,257,1.2442,8.9652,"{""US"": 0.5333, ""IN"": 0.1876, ""BR"": 0.089, ""GB"": 0.0894, ""DE"": 0.1007}"
2026-04-24,4,54,0.2532,9.623,"{""US"": 0.5333, ""IN"": 0.1876, ""BR"": 0.089, ""GB"": 0.0894, ""DE"": 0.1007}"
2026-04-24,6,52,0.2359,9.0242,"{""US"": 0.5333, ""IN"": 0.1876, ""BR"": 0.089, ""GB"": 0.0894, ""DE"": 0.1007}"
2026-04-24,7,31,0.1537,9.2277,"{""US"": 0.5333, ""IN"": 0.1876, ""BR"": 0.089, ""GB"": 0.0894, ""DE"": 0.1007}"
2026-04-24,8,37,0.1757,9.1493,"{""US"": 0.5333, ""IN"": 0.1876, ""BR"": 0.089, ""GB"": 0.0894, ""DE"": 0.1007}"
2026-04-24,9,39,0.1886,9.5342,"{""US"": 0.5333, ""IN"": 0.1876, ""BR"": 0.089, ""GB"": 0.0894, ""DE"": 0.1007}"
2026-04-24,10,47,0.2168,9.6484,"{""US"": 0.5333, ""IN"": 0.1876, ""BR"": 0.089, ""GB"": 0.0894, ""DE"": 0.1007}"
2026-04-24,11,32,0.1549,9.3601,"{""US"": 0.5333, ""IN"": 0.1876, ""BR"": 0.089, ""GB"": 0.0894, ""DE"": 0.1007}"
2026-04-24,12,35,0.1679,9.6057,"{""US"": 0.5333, ""IN"": 0.1876, ""BR"": 0.089, ""GB"": 0.0894, ""DE"": 0.1007}"
2026-04-24,13,35,0.1714,9.3463,"{""US"": 0.5333, ""IN"": 0.1876, ""BR"": 0.089, ""GB"": 0.0894, ""DE"": 0.1007}"
2026-04-24,15,28,0.124,9.2181,"{""US"": 0.5333, ""IN"": 0.1876, ""BR"": 0.089, ""GB"": 0.0894, ""DE"": 0.1007}"
2026-04-24,16,76,0.0891,3.5423,"{""US"": 0.5333, ""IN"": 0.1876, ""BR"": 0.089, ""GB"": 0.0894, ""DE"": 0.1007}"
2026-04-24,17,53,0.0642,3.7328,"{""US"": 0.5333, ""IN"": 0.1876, ""BR"": 0.089, ""GB"": 0.0894, ""DE"": 0.1007}"
2026-04-24,18,59,0.0709,3.9112,"{""US"": 0.5333, ""IN"": 0.1876, ""BR"": 0.089, ""GB"": 0.0894, ""DE"": 0.1007}"
2026-04-24,19,66,0.0803,4.0874,"{""US"": 0.5333, ""IN"": 0.1876, ""BR"": 0.089, ""GB"": 0.0894, ""DE"": 0.1007}"
2026-04-24,20,69,0.085,3.7049,"{""US"": 0.5333, ""IN"": 0.1876, ""BR"": 0.089, ""GB"": 0.0894, ""DE"": 0.1007}"
2026-04-24,21,62,0.0779,3.6455,"{""US"": 0.5333, ""IN"": 0.1876, ""BR"": 0.089, ""GB"": 0.0894, ""DE"": 0.1007}"
2026-04-24,22,43,0.0516,3.4438,"{""US"": 0.5333, ""IN"": 0.1876, ""BR"": 0.089, ""GB"": 0.0894, ""DE"": 0.1007}"
2026-04-24,23,49,0.0617,3.8704,"{""US"": 0.5333, ""IN"": 0.1876, ""BR"": 0.089, ""GB"": 0.0894, ""DE"": 0.1007}"
2026-04-24,24,47,0.0512,3.8849,"{""US"": 0.5333, ""IN"": 0.1876, ""BR"": 0.089, ""GB"": 0.0894, ""DE"": 0.1007}"
2026-04-24,25,81,0.0924,3.4422,"{""US"": 0.5333, ""IN"": 0.1876, ""BR"": 0.089, ""GB"": 0.0894, ""DE"": 0.1007}"
2026-04-24,27,49,0.056,3.4769,"{""US"": 0.5333, ""IN"": 0.1876, ""BR"": 0.089, ""GB"": 0.0894, ""DE"": 0.1007}"
2026-04-24,28,91,0.1115,3.5785,"{""US"": 0.5333, ""IN"": 0.1876, ""BR"": 0.089, ""GB"": 0.0894, ""DE"": 0.1007}"
2026-04-24,29,69,0.0796,3.4413,"{""US"": 0.5333, ""IN"": 0.1876, ""BR"": 0.089, ""GB"": 0.0894, ""DE"": 0.1007}"
2026-04-24,30,171,0.2096,3.5353,"{""US"": 0.5333, ""IN"": 0.1876, ""BR"": 0.089, ""GB"": 0.0894, ""DE"": 0.1007}"
2026-04-24,31,75,0.0997,3.5468,"{""US"": 0.5333, ""IN"": 0.1876, ""BR"": 0.089, ""GB"": 0.0894, ""DE"": 0.1007}"
2026-04-24,32,34,0.0425,3.834,"{""US"": 0.5333, ""IN"": 0.1876, ""BR"": 0.089, ""GB"": 0.0894, ""DE"": 0.1007}"
2026-04-24,33,815,0.892,3.678,"{""US"": 0.5333, ""IN"": 0.1876, ""BR"": 0.089, ""GB"": 0.0894, ""DE"": 0.1007}"
2026-04-24,34,229,0.0791,0.6065,"{""US"": 0.5333, ""IN"": 0.1876, ""BR"": 0.089, ""GB"": 0.0894, ""DE"": 0.1007}"
2026-04-24,35,252,0.096,0.5833,"{""US"": 0.5333, ""IN"": 0.1876, ""BR"": 0.089, ""GB"": 0.0894, ""DE"": 0.1007}"
2026-04-24,36,255,0.0865,0.572,"{""US"": 0.5333, ""IN"": 0.1876, ""BR"": 0.089, ""GB"": 0.0894, ""DE"": 0.1007}"
2026-04-24,37,265,0.0896,0.604,"{""US"": 0.5333, ""IN"": 0.1876, ""BR"": 0.089, ""GB"": 0.0894, ""DE"": 0.1007}"
2026-04-24,38,1162,0.3822,0.5976,"{""US"": 0.5333, ""IN"": 0.1876, ""BR"": 0.089, ""GB"": 0.0894, ""DE"": 0.1007}"
2026-04-24,39,379,0.1398,0.6045,"{""US"": 0.5333, ""IN"": 0.1876, ""BR"": 0.089, ""GB"": 0.0894, ""DE"": 0.1007}"
2026-04-24,40,3328,1.2008,0.6329,"{""US"": 0.5333, ""IN"": 0.1876, ""BR"": 0.089, ""GB"": 0.0894, ""DE"": 0.1007}"
2026-04-24,41,1407,0.5275,0.6468,"{""US"": 0.5333, ""IN"": 0.1876, ""BR"": 0.089, ""GB"": 0.0894, ""DE"": 0.1007}"
2026-04-24,42,217,0.0808,0.6171,"{""US"": 0.5333, ""IN"": 0.1876, ""BR"": 0.089, ""GB"": 0.0894, ""DE"": 0.1007}"
2026-04-24,43,206,0.0765,0.5935,"{""US"": 0.5333, ""IN"": 0.1876, ""BR"": 0.089, ""GB"": 0.0894, ""DE"": 0.1007}"
2026-04-24,44,42,0.1472,6.8705,"{""US"": 0.5333, ""IN"": 0.1876, ""BR"": 0.089, ""GB"": 0.0894, ""DE"": 0.1007}"
2026-04-24,45,31,0.1129,7.1917,"{""US"": 0.5333, ""IN"": 0.1876, ""BR"": 0.089, ""GB"": 0.0894, ""DE"": 0.1007}"
2026-04-24,46,53,0.2018,6.8626,"{""US"": 0.5333, ""IN"": 0.1876, ""BR"": 0.089, ""GB"": 0.0894, ""DE"": 0.1007}"
2026-04-24,47,38,0.1384,7.2747,"{""US"": 0.5333, ""IN"": 0.1876, ""BR"": 0.089, ""GB"": 0.0894, ""DE"": 0.1007}"
2026-04-24,48,44,0.1691,6.7913,"{""US"": 0.5333, ""IN"": 0.1876, ""BR"": 0.089, ""GB"": 0.0894, ""DE"": 0.1007}"
2026-04-24,49,17,0.0299,3.8523,"{""US"": 0.5333, ""IN"": 0.1876, ""BR"": 0.089, ""GB"": 0.0894, ""DE"": 0.1007}"
2026-04-24,50,16,0.03,3.8756,"{""US"": 0.5333, ""IN"": 0.1876, ""BR"": 0.089, ""GB"": 0.0894, ""DE"": 0.1007}"
2026-04-25,1,36,0.1713,9.2027,"{""US"": 0.5255, ""IN"": 0.1944, ""BR"": 0.1001, ""GB"": 0.1202, ""DE"": 0.06}"
2026-04-25,2,59,0.2958,8.8409,"{""US"": 0.5255, ""IN"": 0.1944, ""BR"": 0.1001, ""GB"": 0.1202, ""DE"": 0.06}"
2026-04-25,3,269,1.2183,9.5277,"{""US"": 0.5255, ""IN"": 0.1944, ""BR"": 0.1001, ""GB"": 0.1202, ""DE"": 0.06}"
2026-04-25,4,29,0.1413,9.2888,"{""US"": 0.5255, ""IN"": 0.1944, ""BR"": 0.1001, ""GB"": 0.1202, ""DE"": 0.06}"
2026-04-25,6,32,0.1558,9.0421,"{""US"": 0.5255, ""IN"": 0.1944, ""BR"": 0.1001, ""GB"": 0.1202, ""DE"": 0.06}"
2026-04-25,7,35,0.1653,9.0645,"{""US"": 0.5255, ""IN"": 0.1944, ""BR"": 0.1001, ""GB"": 0.1202, ""DE"": 0.06}"
2026-04-25,8,20,0.0899,9.1479,"{""US"": 0.5255, ""IN"": 0.1944, ""BR"": 0.1001, ""GB"": 0.1202, ""DE"": 0.06}"
2026-04-25,9,26,0.1192,8.8677,"{""US"": 0.5255, ""IN"": 0.1944, ""BR"": 0.1001, ""GB"": 0.1202, ""DE"": 0.06}"
2026-04-25,10,36,0.1795,9.2211,"{""US"": 0.5255, ""IN"": 0.1944, ""BR"": 0.1001, ""GB"": 0.1202, ""DE"": 0.06}"
2026-04-25,11,33,0.1571,9.4528,"{""US"": 0.5255, ""IN"": 0.1944, ""BR"": 0.1001, ""GB"": 0.1202, ""DE"": 0.06}"
2026-04-25,12,35,0.1553,9.0671,"{""US"": 0.5255, ""IN"": 0.1944, ""BR"": 0.1001, ""GB"": 0.1202, ""DE"": 0.06}"
2026-04-25,13,22,0.1005,8.7661,"{""US"": 0.5255, ""IN"": 0.1944, ""BR"": 0.1001, ""GB"": 0.1202, ""DE"": 0.06}"
2026-04-25,15,20,0.107,9.6431,"{""US"": 0.5255, ""IN"": 0.1944, ""BR"": 0.1001, ""GB"": 0.1202, ""DE"": 0.06}"
2026-04-25,16,61,0.0699,3.5338,"{""US"": 0.5255, ""IN"": 0.1944, ""BR"": 0.1001, ""GB"": 0.1202, ""DE"": 0.06}"
2026-04-25,17,64,0.0787,3.4279,"{""US"": 0.5255, ""IN"": 0.1944, ""BR"": 0.1001, ""GB"": 0.1202, ""DE"": 0.06}"
2026-04-25,18,46,0.0527,3.7482,"{""US"": 0.5255, ""IN"": 0.1944, ""BR"": 0.1001, ""GB"": 0.1202, ""DE"": 0.06}"
2026-04-25,19,52,0.063,3.6136,"{""US"": 0.5255, ""IN"": 0.1944, ""BR"": 0.1001, ""GB"": 0.1202, ""DE"": 0.06}"
2026-04-25,20,36,0.0439,3.165,"{""US"": 0.5255, ""IN"": 0.1944, ""BR"": 0.1001, ""GB"": 0.1202, ""DE"": 0.06}"
2026-04-25,21,63,0.0759,3.3559,"{""US"": 0.5255, ""IN"": 0.1944, ""BR"": 0.1001, ""GB"": 0.1202, ""DE"": 0.06}"
2026-04-25,22,44,0.0532,3.92,"{""US"": 0.5255, ""IN"": 0.1944, ""BR"": 0.1001, ""GB"": 0.1202, ""DE"": 0.06}"
2026-04-25,23,48,0.0577,3.6265,"{""US"": 0.5255, ""IN"": 0.1944, ""BR"": 0.1001, ""GB"": 0.1202, ""DE"": 0.06}"
2026-04-25,24,60,0.0715,3.4314,"{""US"": 0.5255, ""IN"": 0.1944, ""BR"": 0.1001, ""GB"": 0.1202, ""DE"": 0.06}"
2026-04-25,25,51,0.0647,3.4616,"{""US"": 0.5255, ""IN"": 0.1944, ""BR"": 0.1001, ""GB"": 0.1202, ""DE"": 0.06}"
2026-04-25,27,24,0.0302,3.5655,"{""US"": 0.5255, ""IN"": 0.1944, ""BR"": 0.1001, ""GB"": 0.1202, ""DE"": 0.06}"
2026-04-25,28,50,0.0555,3.8374,"{""US"": 0.5255, ""IN"": 0.1944, ""BR"": 0.1001, ""GB"": 0.1202, ""DE"": 0.06}"
2026-04-25,29,81,0.0985,3.3303,"{""US"": 0.5255, ""IN"": 0.1944, ""BR"": 0.1001, ""GB"": 0.1202, ""DE"": 0.06}"
2026-04-25,30,131,0.1555,3.3502,"{""US"": 0.5255, ""IN"": 0.1944, ""BR"": 0.1001, ""GB"": 0.1202, ""DE"": 0.06}"
2026-04-25,31,53,0.0577,3.5848,"{""US"": 0.5255, ""IN"": 0.1944, ""BR"": 0.1001, ""GB"": 0.1202, ""DE"": 0.06}"
2026-04-25,32,58,0.0632,3.526,"{""US"": 0.5255, ""IN"": 0.1944, ""BR"": 0.1001, ""GB"": 0.1202, ""DE"": 0.06}"
2026-04-25,33,863,0.969,3.8242,"{""US"": 0.5255, ""IN"": 0.1944, ""BR"": 0.1001, ""GB"": 0.1202, ""DE"": 0.06}"
2026-04-25,34,159,0.0558,0.6137,"{""US"": 0.5255, ""IN"": 0.1944, ""BR"": 0.1001, ""GB"": 0.1202, ""DE"": 0.06}"
2026-04-25,35,152,0.0525,0.5743,"{""US"": 0.5255, ""IN"": 0.1944, ""BR"": 0.1001, ""GB"": 0.1202, ""DE"": 0.06}"
2026-04-25,36,220,0.0814,0.5594,"{""US"": 0.5255, ""IN"": 0.1944, ""BR"": 0.1001, ""GB"": 0.1202, ""DE"": 0.06}"
2026-04-25,37,226,0.0808,0.5844,"{""US"": 0.5255, ""IN"": 0.1944, ""BR"": 0.1001, ""GB"": 0.1202, ""DE"": 0.06}"
2026-04-25,38,632,0.2198,0.5305,"{""US"": 0.5255, ""IN"": 0.1944, ""BR"": 0.1001, ""GB"": 0.1202, ""DE"": 0.06}"
2026-04-25,39,271,0.0937,0.5384,"{""US"": 0.5255, ""IN"": 0.1944, ""BR"": 0.1001, ""GB"": 0.1202, ""DE"": 0.06}"
2026-04-25,40,3102,1.0847,0.5976,"{""US"": 0.5255, ""IN"": 0.1944, ""BR"": 0.1001, ""GB"": 0.1202, ""DE"": 0.06}"
2026-04-25,41,1796,0.6352,0.594,"{""US"": 0.5255, ""IN"": 0.1944, ""BR"": 0.1001, ""GB"": 0.1202, ""DE"": 0.06}"
2026-04-25,42,290,0.0961,0.6171,"{""US"": 0.5255, ""IN"": 0.1944, ""BR"": 0.1001, ""GB"": 0.1202, ""DE"": 0.06}"
2026-04-25,43,223,0.0809,0.5779,"{""US"": 0.5255, ""IN"": 0.1944, ""BR"": 0.1001, ""GB"": 0.1202, ""DE"": 0.06}"
2026-04-25,44,28,0.0953,6.7684,"{""US"": 0.5255, ""IN"": 0.1944, ""BR"": 0.1001, ""GB"": 0.1202, ""DE"": 0.06}"
2026-04-25,45,36,0.1301,6.812,"{""US"": 0.5255, ""IN"": 0.1944, ""BR"": 0.1001, ""GB"": 0.1202, ""DE"": 0.06}"
2026-04-25,46,32,0.1218,7.3589,"{""US"": 0.5255, ""IN"": 0.1944, ""BR"": 0.1001, ""GB"": 0.1202, ""DE"": 0.06}"
2026-04-25,47,24,0.0804,7.106,"{""US"": 0.5255, ""IN"": 0.1944, ""BR"": 0.1001, ""GB"": 0.1202, ""DE"": 0.06}"
2026-04-25,48,36,0.1219,6.7796,"{""US"": 0.5255, ""IN"": 0.1944, ""BR"": 0.1001, ""GB"": 0.1202, ""DE"": 0.06}"
2026-04-25,49,17,0.0276,3.6857,"{""US"": 0.5255, ""IN"": 0.1944, ""BR"": 0.1001, ""GB"": 0.1202, ""DE"": 0.06}"
2026-04-25,50,15,0.0288,3.5763,"{""US"": 0.5255, ""IN"": 0.1944, ""BR"": 0.1001, ""GB"": 0.1202, ""DE"": 0.06}"
2026-04-26,1,35,0.1674,9.1475,"{""US"": 0.4923, ""IN"": 0.2031, ""BR"": 0.0694, ""GB"": 0.1145, ""DE"": 0.1207}"
2026-04-26,2,38,0.1797,9.7659,"{""US"": 0.4923, ""IN"": 0.2031, ""BR"": 0.0694, ""GB"": 0.1145, ""DE"": 0.1207}"
2026-04-26,3,240,1.0781,10.7218,"{""US"": 0.4923, ""IN"": 0.2031, ""BR"": 0.0694, ""GB"": 0.1145, ""DE"": 0.1207}"
2026-04-26,4,34,0.1548,8.9567,"{""US"": 0.4923, ""IN"": 0.2031, ""BR"": 0.0694, ""GB"": 0.1145, ""DE"": 0.1207}"
2026-04-26,6,53,0.2502,9.3769,"{""US"": 0.4923, ""IN"": 0.2031, ""BR"": 0.0694, ""GB"": 0.1145, ""DE"": 0.1207}"
2026-04-26,7,44,0.2092,8.3116,"{""US"": 0.4923, ""IN"": 0.2031, ""BR"": 0.0694, ""GB"": 0.1145, ""DE"": 0.1207}"
2026-04-26,8,25,0.1137,8.8922,"{""US"": 0.4923, ""IN"": 0.2031, ""BR"": 0.0694, ""GB"": 0.1145, ""DE"": 0.1207}"
2026-04-26,9,32,0.148,9.6465,"{""US"": 0.4923, ""IN"": 0.2031, ""BR"": 0.0694, ""GB"": 0.1145, ""DE"": 0.1207}"
2026-04-26,10,36,0.1613,8.3767,"{""US"": 0.4923, ""IN"": 0.2031, ""BR"": 0.0694, ""GB"": 0.1145, ""DE"": 0.1207}"
2026-04-26,11,40,0.1762,9.6478,"{""US"": 0.4923, ""IN"": 0.2031, ""BR"": 0.0694, ""GB"": 0.1145, ""DE"": 0.1207}"
2026-04-26,12,39,0.1849,9.6802,"{""US"": 0.4923, ""IN"": 0.2031, ""BR"": 0.0694, ""GB"": 0.1145, ""DE"": 0.1207}"
2026-04-26,13,42,0.2191,9.9174,"{""US"": 0.4923, ""IN"": 0.2031, ""BR"": 0.0694, ""GB"": 0.1145, ""DE"": 0.1207}"
2026-04-26,15,26,0.1226,9.4229,"{""US"": 0.4923, ""IN"": 0.2031, ""BR"": 0.0694, ""GB"": 0.1145, ""DE"": 0.1207}"
2026-04-26,16,40,0.0481,3.4603,"{""US"": 0.4923, ""IN"": 0.2031, ""BR"": 0.0694, ""GB"": 0.1145, ""DE"": 0.1207}"
2026-04-26,17,54,0.0655,3.4302,"{""US"": 0.4923, ""IN"": 0.2031, ""BR"": 0.0694, ""GB"": 0.1145, ""DE"": 0.1207}"
2026-04-26,18,44,0.0474,3.6948,"{""US"": 0.4923, ""IN"": 0.2031, ""BR"": 0.0694, ""GB"": 0.1145, ""DE"": 0.1207}"
2026-04-26,19,46,0.0556,3.5716,"{""US"": 0.4923, ""IN"": 0.2031, ""BR"": 0.0694, ""GB"": 0.1145, ""DE"": 0.1207}"
2026-04-26,20,51,0.0605,3.6543,"{""US"": 0.4923, ""IN"": 0.2031, ""BR"": 0.0694, ""GB"": 0.1145, ""DE"": 0.1207}"
2026-04-26,21,55,0.0643,3.6287,"{""US"": 0.4923, ""IN"": 0.2031, ""BR"": 0.0694, ""GB"": 0.1145, ""DE"": 0.1207}"
2026-04-26,22,52,0.0626,3.4246,"{""US"": 0.4923, ""IN"": 0.2031, ""BR"": 0.0694, ""GB"": 0.1145, ""DE"": 0.1207}"
2026-04-26,23,43,0.0455,3.3881,"{""US"": 0.4923, ""IN"": 0.2031, ""BR"": 0.0694, ""GB"": 0.1145, ""DE"": 0.1207}"
2026-04-26,24,45,0.0531,3.4746,"{""US"": 0.4923, ""IN"": 0.2031, ""BR"": 0.0694, ""GB"": 0.1145, ""DE"": 0.1207}"
2026-04-26,25,55,0.0616,3.5384,"{""US"": 0.4923, ""IN"": 0.2031, ""BR"": 0.0694, ""GB"": 0.1145, ""DE"": 0.1207}"
2026-04-26,27,39,0.0424,3.9172,"{""US"": 0.4923, ""IN"": 0.2031, ""BR"": 0.0694, ""GB"": 0.1145, ""DE"": 0.1207}"
2026-04-26,28,59,0.0695,3.5019,"{""US"": 0.4923, ""IN"": 0.2031, ""BR"": 0.0694, ""GB"": 0.1145, ""DE"": 0.1207}"
2026-04-26,29,52,0.0657,3.5427,"{""US"": 0.4923, ""IN"": 0.2031, ""BR"": 0.0694, ""GB"": 0.1145, ""DE"": 0.1207}"
2026-04-26,30,104,0.1408,3.1524,"{""US"": 0.4923, ""IN"": 0.2031, ""BR"": 0.0694, ""GB"": 0.1145, ""DE"": 0.1207}"
2026-04-26,31,50,0.0572,3.6086,"{""US"": 0.4923, ""IN"": 0.2031, ""BR"": 0.0694, ""GB"": 0.1145, ""DE"": 0.1207}"
2026-04-26,32,62,0.0733,3.4898,"{""US"": 0.4923, ""IN"": 0.2031, ""BR"": 0.0694, ""GB"": 0.1145, ""DE"": 0.1207}"
2026-04-26,33,851,1.0217,3.6714,"{""US"": 0.4923, ""IN"": 0.2031, ""BR"": 0.0694, ""GB"": 0.1145, ""DE"": 0.1207}"
2026-04-26,34,235,0.0861,0.5813,"{""US"": 0.4923, ""IN"": 0.2031, ""BR"": 0.0694, ""GB"": 0.1145, ""DE"": 0.1207}"
2026-04-26,35,180,0.0612,0.5812,"{""US"": 0.4923, ""IN"": 0.2031, ""BR"": 0.0694, ""GB"": 0.1145, ""DE"": 0.1207}"
2026-04-26,36,156,0.0567,0.6018,"{""US"": 0.4923, ""IN"": 0.2031, ""BR"": 0.0694, ""GB"": 0.1145, ""DE"": 0.1207}"
2026-04-26,37,206,0.0719,0.546,"{""US"": 0.4923, ""IN"": 0.2031, ""BR"": 0.0694, ""GB"": 0.1145, ""DE"": 0.1207}"
2026-04-26,38,886,0.2901,0.5337,"{""US"": 0.4923, ""IN"": 0.2031, ""BR"": 0.0694, ""GB"": 0.1145, ""DE"": 0.1207}"
2026-04-26,39,333,0.1251,0.6543,"{""US"": 0.4923, ""IN"": 0.2031, ""BR"": 0.0694, ""GB"": 0.1145, ""DE"": 0.1207}"
2026-04-26,40,2809,1.013,0.6337,"{""US"": 0.4923, ""IN"": 0.2031, ""BR"": 0.0694, ""GB"": 0.1145, ""DE"": 0.1207}"
2026-04-26,41,1291,0.4824,0.5978,"{""US"": 0.4923, ""IN"": 0.2031, ""BR"": 0.0694, ""GB"": 0.1145, ""DE"": 0.1207}"
2026-04-26,42,135,0.0485,0.5469,"{""US"": 0.4923, ""IN"": 0.2031, ""BR"": 0.0694, ""GB"": 0.1145, ""DE"": 0.1207}"
2026-04-26,43,168,0.0598,0.6195,"{""US"": 0.4923, ""IN"": 0.2031, ""BR"": 0.0694, ""GB"": 0.1145, ""DE"": 0.1207}"
2026-04-26,44,36,0.1192,6.8275,"{""US"": 0.4923, ""IN"": 0.2031, ""BR"": 0.0694, ""GB"": 0.1145, ""DE"": 0.1207}"
2026-04-26,45,28,0.1022,6.9318,"{""US"": 0.4923, ""IN"": 0.2031, ""BR"": 0.0694, ""GB"": 0.1145, ""DE"": 0.1207}"
2026-04-26,46,32,0.1165,7.7606,"{""US"": 0.4923, ""IN"": 0.2031, ""BR"": 0.0694, ""GB"": 0.1145, ""DE"": 0.1207}"
2026-04-26,47,39,0.1348,7.2047,"{""US"": 0.4923, ""IN"": 0.2031, ""BR"": 0.0694, ""GB"": 0.1145, ""DE"": 0.1207}"
2026-04-26,48,33,0.1189,6.8278,"{""US"": 0.4923, ""IN"": 0.2031, ""BR"": 0.0694, ""GB"": 0.1145, ""DE"": 0.1207}"
2026-04-26,49,18,0.0292,3.4349,"{""US"": 0.4923, ""IN"": 0.2031, ""BR"": 0.0694, ""GB"": 0.1145, ""DE"": 0.1207}"
2026-04-26,50,14,0.0241,3.3748,"{""US"": 0.4923, ""IN"": 0.2031, ""BR"": 0.0694, ""GB"": 0.1145, ""DE"": 0.1207}"
2026-04-27,1,41,0.2078,9.2716,"{""US"": 0.5438, ""IN"": 0.2108, ""BR"": 0.0724, ""GB"": 0.0946, ""DE"": 0.0784}"
2026-04-27,2,48,0.2338,8.7774,"{""US"": 0.5438, ""IN"": 0.2108, ""BR"": 0.0724, ""GB"": 0.0946, ""DE"": 0.0784}"
2026-04-27,3,222,1.0618,8.8853,"{""US"": 0.5438, ""IN"": 0.2108, ""BR"": 0.0724, ""GB"": 0.0946, ""DE"": 0.0784}"
2026-04-27,4,39,0.1906,10.7029,"{""US"": 0.5438, ""IN"": 0.2108, ""BR"": 0.0724, ""GB"": 0.0946, ""DE"": 0.0784}"
2026-04-27,6,30,0.15,9.1475,"{""US"": 0.5438, ""IN"": 0.2108, ""BR"": 0.0724, ""GB"": 0.0946, ""DE"": 0.0784}"
2026-04-27,7,24,0.1089,9.1658,"{""US"": 0.5438, ""IN"": 0.2108, ""BR"": 0.0724, ""GB"": 0.0946, ""DE"": 0.0784}"
2026-04-27,8,52,0.2578,9.8657,"{""US"": 0.5438, ""IN"": 0.2108, ""BR"": 0.0724, ""GB"": 0.0946, ""DE"": 0.0784}"
2026-04-27,9,35,0.1701,8.7021,"{""US"": 0.5438, ""IN"": 0.2108, ""BR"": 0.0724, ""GB"": 0.0946, ""DE"": 0.0784}"
2026-04-27,10,33,0.1577,8.9552,"{""US"": 0.5438, ""IN"": 0.2108, ""BR"": 0.0724, ""GB"": 0.0946, ""DE"": 0.0784}"
2026-04-27,11,29,0.1382,9.9184,"{""US"": 0.5438, ""IN"": 0.2108, ""BR"": 0.0724, ""GB"": 0.0946, ""DE"": 0.0784}"
2026-04-27,12,34,0.1596,9.4335,"{""US"": 0.5438, ""IN"": 0.2108, ""BR"": 0.0724, ""GB"": 0.0946, ""DE"": 0.0784}"
2026-04-27,13,47,0.2537,9.2027,"{""US"": 0.5438, ""IN"": 0.2108, ""BR"": 0.0724, ""GB"": 0.0946, ""DE"": 0.0784}"
2026-04-27,15,47,0.223,9.1987,"{""US"": 0.5438, ""IN"": 0.2108, ""BR"": 0.0724, ""GB"": 0.0946, ""DE"": 0.0784}"
2026-04-27,16,74,0.0834,3.4691,"{""US"": 0.5438, ""IN"": 0.2108, ""BR"": 0.0724, ""GB"": 0.0946, ""DE"": 0.0784}"
2026-04-27,17,46,0.0543,3.8231,"{""US"": 0.5438, ""IN"": 0.2108, ""BR"": 0.0724, ""GB"": 0.0946, ""DE"": 0.0784}"
2026-04-27,18,44,0.0501,3.6193,"{""US"": 0.5438, ""IN"": 0.2108, ""BR"": 0.0724, ""GB"": 0.0946, ""DE"": 0.0784}"
2026-04-27,19,48,0.0598,3.6041,"{""US"": 0.5438, ""IN"": 0.2108, ""BR"": 0.0724, ""GB"": 0.0946, ""DE"": 0.0784}"
2026-04-27,20,81,0.0952,3.3475,"{""US"": 0.5438, ""IN"": 0.2108, ""BR"": 0.0724, ""GB"": 0.0946, ""DE"": 0.0784}"
2026-04-27,21,66,0.084,3.5113,"{""US"": 0.5438, ""IN"": 0.2108, ""BR"": 0.0724, ""GB"": 0.0946, ""DE"": 0.0784}"
2026-04-27,22,66,0.0833,3.4834,"{""US"": 0.5438, ""IN"": 0.2108, ""BR"": 0.0724, ""GB"": 0.0946, ""DE"": 0.0784}"
2026-04-27,23,61,0.0737,3.4715,"{""US"": 0.5438, ""IN"": 0.2108, ""BR"": 0.0724, ""GB"": 0.0946, ""DE"": 0.0784}"
2026-04-27,24,59,0.0667,3.6804,"{""US"": 0.5438, ""IN"": 0.2108, ""BR"": 0.0724, ""GB"": 0.0946, ""DE"": 0.0784}"
2026-04-27,25,51,0.0533,3.8723,"{""US"": 0.5438, ""IN"": 0.2108, ""BR"": 0.0724, ""GB"": 0.0946, ""DE"": 0.0784}"
2026-04-27,27,65,0.0832,3.4544,"{""US"": 0.5438, ""IN"": 0.2108, ""BR"": 0.0724, ""GB"": 0.0946, ""DE"": 0.0784}"
2026-04-27,28,70,0.0876,3.48,"{""US"": 0.5438, ""IN"": 0.2108, ""BR"": 0.0724, ""GB"": 0.0946, ""DE"": 0.0784}"
2026-04-27,29,41,0.0457,3.4742,"{""US"": 0.5438, ""IN"": 0.2108, ""BR"": 0.0724, ""GB"": 0.0946, ""DE"": 0.0784}"
2026-04-27,30,172,0.2032,3.4673,"{""US"": 0.5438, ""IN"": 0.2108, ""BR"": 0.0724, ""GB"": 0.0946, ""DE"": 0.0784}"
2026-04-27,31,26,0.0316,3.4226,"{""US"": 0.5438, ""IN"": 0.2108, ""BR"": 0.0724, ""GB"": 0.0946, ""DE"": 0.0784}"
2026-04-27,32,26,0.032,3.7937,"{""US"": 0.5438, ""IN"": 0.2108, ""BR"": 0.0724, ""GB"": 0.0946, ""DE"": 0.0784}"
2026-04-27,33,883,1.1013,3.5398,"{""US"": 0.5438, ""IN"": 0.2108, ""BR"": 0.0724, ""GB"": 0.0946, ""DE"": 0.0784}"
2026-04-27,34,288,0.1007,0.5838,"{""US"": 0.5438, ""IN"": 0.2108, ""BR"": 0.0724, ""GB"": 0.0946, ""DE"": 0.0784}"
2026-04-27,35,291,0.1046,0.5228,"{""US"": 0.5438, ""IN"": 0.2108, ""BR"": 0.0724, ""GB"": 0.0946, ""DE"": 0.0784}"
2026-04-27,36,279,0.0951,0.6247,"{""US"": 0.5438, ""IN"": 0.2108, ""BR"": 0.0724, ""GB"": 0.0946, ""DE"": 0.0784}"
2026-04-27,37,276,0.1014,0.5932,"{""US"": 0.5438, ""IN"": 0.2108, ""BR"": 0.0724, ""GB"": 0.0946, ""DE"": 0.0784}"
2026-04-27,38,831,0.2849,0.5605,"{""US"": 0.5438, ""IN"": 0.2108, ""BR"": 0.0724, ""GB"": 0.0946, ""DE"": 0.0784}"
2026-04-27,39,291,0.0958,0.544,"{""US"": 0.5438, ""IN"": 0.2108, ""BR"": 0.0724, ""GB"": 0.0946, ""DE"": 0.0784}"
2026-04-27,40,3033,1.0897,0.6392,"{""US"": 0.5438, ""IN"": 0.2108, ""BR"": 0.0724, ""GB"": 0.0946, ""DE"": 0.0784}"
2026-04-27,41,1647,0.5708,0.6257,"{""US"": 0.5438, ""IN"": 0.2108, ""BR"": 0.0724, ""GB"": 0.0946, ""DE"": 0.0784}"
2026-04-27,42,270,0.0959,0.5594,"{""US"": 0.5438, ""IN"": 0.2108, ""BR"": 0.0724, ""GB"": 0.0946, ""DE"": 0.0784}"
2026-04-27,43,233,0.0786,0.5952,"{""US"": 0.5438, ""IN"": 0.2108, ""BR"": 0.0724, ""GB"": 0.0946, ""DE"": 0.0784}"
2026-04-27,44,23,0.0859,7.3666,"{""US"": 0.5438, ""IN"": 0.2108, ""BR"": 0.0724, ""GB"": 0.0946, ""DE"": 0.0784}"
2026-04-27,45,39,0.1352,7.1715,"{""US"": 0.5438, ""IN"": 0.2108, ""BR"": 0.0724, ""GB"": 0.0946, ""DE"": 0.0784}"
2026-04-27,46,38,0.1395,7.4544,"{""US"": 0.5438, ""IN"": 0.2108, ""BR"": 0.0724, ""GB"": 0.0946, ""DE"": 0.0784}"
2026-04-27,47,30,0.1002,7.31,"{""US"": 0.5438, ""IN"": 0.2108, ""BR"": 0.0724, ""GB"": 0.0946, ""DE"": 0.0784}"
2026-04-27,48,26,0.0911,7.4289,"{""US"": 0.5438, ""IN"": 0.2108, ""BR"": 0.0724, ""GB"": 0.0946, ""DE"": 0.0784}"
2026-04-27,49,17,0.0311,3.4331,"{""US"": 0.5438, ""IN"": 0.2108, ""BR"": 0.0724, ""GB"": 0.0946, ""DE"": 0.0784}"
2026-04-27,50,21,0.0351,3.1844,"{""US"": 0.5438, ""IN"": 0.2108, ""BR"": 0.0724, ""GB"": 0.0946, ""DE"": 0.0784}"
2026-04-28,1,37,0.1784,9.7516,"{""US"": 0.5026, ""IN"": 0.1964, ""BR"": 0.1181, ""GB"": 0.101, ""DE"": 0.0819}"
2026-04-28,2,36,0.1593,9.7261,"{""US"": 0.5026, ""IN"": 0.1964, ""BR"": 0.1181, ""GB"": 0.101, ""DE"": 0.0819}"
2026-04-28,3,245,1.0933,8.2459,"{""US"": 0.5026, ""IN"": 0.1964, ""BR"": 0.1181, ""GB"": 0.101, ""DE"": 0.0819}"
2026-04-28,4,22,0.1035,9.4552,"{""US"": 0.5026, ""IN"": 0.1964, ""BR"": 0.1181, ""GB"": 0.101, ""DE"": 0.0819}"
2026-04-28,6,49,0.2288,10.0109,"{""US"": 0.5026, ""IN"": 0.1964, ""BR"": 0.1181, ""GB"": 0.101, ""DE"": 0.0819}"
2026-04-28,7,54,0.2308,9.8187,"{""US"": 0.5026, ""IN"": 0.1964, ""BR"": 0.1181, ""GB"": 0.101, ""DE"": 0.0819}"
2026-04-28,8,60,0.2741,8.7211,"{""US"": 0.5026, ""IN"": 0.1964, ""BR"": 0.1181, ""GB"": 0.101, ""DE"": 0.0819}"
2026-04-28,9,39,0.1885,8.7671,"{""US"": 0.5026, ""IN"": 0.1964, ""BR"": 0.1181, ""GB"": 0.101, ""DE"": 0.0819}"
2026-04-28,10,49,0.2071,9.8342,"{""US"": 0.5026, ""IN"": 0.1964, ""BR"": 0.1181, ""GB"": 0.101, ""DE"": 0.0819}"
2026-04-28,11,38,0.1658,8.8694,"{""US"": 0.5026, ""IN"": 0.1964, ""BR"": 0.1181, ""GB"": 0.101, ""DE"": 0.0819}"
2026-04-28,12,46,0.2279,8.6462,"{""US"": 0.5026, ""IN"": 0.1964, ""BR"": 0.1181, ""GB"": 0.101, ""DE"": 0.0819}"
2026-04-28,13,41,0.1904,9.1374,"{""US"": 0.5026, ""IN"": 0.1964, ""BR"": 0.1181, ""GB"": 0.101, ""DE"": 0.0819}"
2026-04-28,15,28,0.1363,9.4629,"{""US"": 0.5026, ""IN"": 0.1964, ""BR"": 0.1181, ""GB"": 0.101, ""DE"": 0.0819}"
2026-04-28,16,62,0.0768,3.4441,"{""US"": 0.5026, ""IN"": 0.1964, ""BR"": 0.1181, ""GB"": 0.101, ""DE"": 0.0819}"
2026-04-28,17,56,0.0617,3.3191,"{""US"": 0.5026, ""IN"": 0.1964, ""BR"": 0.1181, ""GB"": 0.101, ""DE"": 0.0819}"
2026-04-28,18,51,0.0584,3.4108,"{""US"": 0.5026, ""IN"": 0.1964, ""BR"": 0.1181, ""GB"": 0.101, ""DE"": 0.0819}"
2026-04-28,19,56,0.0709,3.3327,"{""US"": 0.5026, ""IN"": 0.1964, ""BR"": 0.1181, ""GB"": 0.101, ""DE"": 0.0819}"
2026-04-28,20,45,0.053,3.1153,"{""US"": 0.5026, ""IN"": 0.1964, ""BR"": 0.1181, ""GB"": 0.101, ""DE"": 0.0819}"
2026-04-28,21,54,0.0628,3.5349,"{""US"": 0.5026, ""IN"": 0.1964, ""BR"": 0.1181, ""GB"": 0.101, ""DE"": 0.0819}"
2026-04-28,22,67,0.0813,3.6077,"{""US"": 0.5026, ""IN"": 0.1964, ""BR"": 0.1181, ""GB"": 0.101, ""DE"": 0.0819}"
2026-04-28,23,63,0.0731,3.2166,"{""US"": 0.5026, ""IN"": 0.1964, ""BR"": 0.1181, ""GB"": 0.101, ""DE"": 0.0819}"
2026-04-28,24,65,0.0675,3.4865,"{""US"": 0.5026, ""IN"": 0.1964, ""BR"": 0.1181, ""GB"": 0.101, ""DE"": 0.0819}"
2026-04-28,25,70,0.0774,3.5876,"{""US"": 0.5026, ""IN"": 0.1964, ""BR"": 0.1181, ""GB"": 0.101, ""DE"": 0.0819}"
2026-04-28,27,32,0.0371,3.4564,"{""US"": 0.5026, ""IN"": 0.1964, ""BR"": 0.1181, ""GB"": 0.101, ""DE"": 0.0819}"
2026-04-28,28,49,0.0575,3.6363,"{""US"": 0.5026, ""IN"": 0.1964, ""BR"": 0.1181, ""GB"": 0.101, ""DE"": 0.0819}"
2026-04-28,29,65,0.072,3.4149,"{""US"": 0.5026, ""IN"": 0.1964, ""BR"": 0.1181, ""GB"": 0.101, ""DE"": 0.0819}"
2026-04-28,30,155,0.1889,3.4414,"{""US"": 0.5026, ""IN"": 0.1964, ""BR"": 0.1181, ""GB"": 0.101, ""DE"": 0.0819}"
2026-04-28,31,50,0.054,3.382,"{""US"": 0.5026, ""IN"": 0.1964, ""BR"": 0.1181, ""GB"": 0.101, ""DE"": 0.0819}"
2026-04-28,32,72,0.0777,3.2581,"{""US"": 0.5026, ""IN"": 0.1964, ""BR"": 0.1181, ""GB"": 0.101, ""DE"": 0.0819}"
2026-04-28,33,758,0.8794,3.5232,"{""US"": 0.5026, ""IN"": 0.1964, ""BR"": 0.1181, ""GB"": 0.101, ""DE"": 0.0819}"
2026-04-28,34,214,0.0736,0.5635,"{""US"": 0.5026, ""IN"": 0.1964, ""BR"": 0.1181, ""GB"": 0.101, ""DE"": 0.0819}"
2026-04-28,35,155,0.0516,0.6046,"{""US"": 0.5026, ""IN"": 0.1964, ""BR"": 0.1181, ""GB"": 0.101, ""DE"": 0.0819}"
2026-04-28,36,263,0.0836,0.5978,"{""US"": 0.5026, ""IN"": 0.1964, ""BR"": 0.1181, ""GB"": 0.101, ""DE"": 0.0819}"
2026-04-28,37,247,0.0911,0.6431,"{""US"": 0.5026, ""IN"": 0.1964, ""BR"": 0.1181, ""GB"": 0.101, ""DE"": 0.0819}"
2026-04-28,38,772,0.2663,0.5274,"{""US"": 0.5026, ""IN"": 0.1964, ""BR"": 0.1181, ""GB"": 0.101, ""DE"": 0.0819}"
2026-04-28,39,243,0.0866,0.5996,"{""US"": 0.5026, ""IN"": 0.1964, ""BR"": 0.1181, ""GB"": 0.101, ""DE"": 0.0819}"
2026-04-28,40,2745,0.9824,0.5791,"{""US"": 0.5026, ""IN"": 0.1964, ""BR"": 0.1181, ""GB"": 0.101, ""DE"": 0.0819}"
2026-04-28,41,1199,0.3957,0.5654,"{""US"": 0.5026, ""IN"": 0.1964, ""BR"": 0.1181, ""GB"": 0.101, ""DE"": 0.0819}"
2026-04-28,42,201,0.0684,0.5072,"{""US"": 0.5026, ""IN"": 0.1964, ""BR"": 0.1181, ""GB"": 0.101, ""DE"": 0.0819}"
2026-04-28,43,227,0.0807,0.5331,"{""US"": 0.5026, ""IN"": 0.1964, ""BR"": 0.1181, ""GB"": 0.101, ""DE"": 0.0819}"
2026-04-28,44,50,0.1719,7.2541,"{""US"": 0.5026, ""IN"": 0.1964, ""BR"": 0.1181, ""GB"": 0.101, ""DE"": 0.0819}"
2026-04-28,45,42,0.1334,6.7454,"{""US"": 0.5026, ""IN"": 0.1964, ""BR"": 0.1181, ""GB"": 0.101, ""DE"": 0.0819}"
2026-04-28,46,40,0.133,7.0082,"{""US"": 0.5026, ""IN"": 0.1964, ""BR"": 0.1181, ""GB"": 0.101, ""DE"": 0.0819}"
2026-04-28,47,21,0.0701,6.6916,"{""US"": 0.5026, ""IN"": 0.1964, ""BR"": 0.1181, ""GB"": 0.101, ""DE"": 0.0819}"
2026-04-28,48,38,0.1332,6.504,"{""US"": 0.5026, ""IN"": 0.1964, ""BR"": 0.1181, ""GB"": 0.101, ""DE"": 0.0819}"
2026-04-28,49,29,0.0481,3.3763,"{""US"": 0.5026, ""IN"": 0.1964, ""BR"": 0.1181, ""GB"": 0.101, ""DE"": 0.0819}"
2026-04-28,50,20,0.035,3.4116,"{""US"": 0.5026, ""IN"": 0.1964, ""BR"": 0.1181, ""GB"": 0.101, ""DE"": 0.0819}"
2026-04-29,1,41,0.1276,6.2216,"{""IN"": 0.5271, ""US"": 0.2494, ""BR"": 0.0911, ""GB"": 0.018, ""DE"": 0.1145}"
2026-04-29,2,38,0.1076,5.7866,"{""IN"": 0.5271, ""US"": 0.2494, ""BR"": 0.0911, ""GB"": 0.018, ""DE"": 0.1145}"
2026-04-29,3,215,0.6583,6.6441,"{""IN"": 0.5271, ""US"": 0.2494, ""BR"": 0.0911, ""GB"": 0.018, ""DE"": 0.1145}"
2026-04-29,4,29,0.0811,5.6683,"{""IN"": 0.5271, ""US"": 0.2494, ""BR"": 0.0911, ""GB"": 0.018, ""DE"": 0.1145}"
2026-04-29,6,35,0.1019,5.744,"{""IN"": 0.5271, ""US"": 0.2494, ""BR"": 0.0911, ""GB"": 0.018, ""DE"": 0.1145}"
2026-04-29,7,38,0.1032,6.3008,"{""IN"": 0.5271, ""US"": 0.2494, ""BR"": 0.0911, ""GB"": 0.018, ""DE"": 0.1145}"
2026-04-29,8,39,0.103,6.242,"{""IN"": 0.5271, ""US"": 0.2494, ""BR"": 0.0911, ""GB"": 0.018, ""DE"": 0.1145}"
2026-04-29,9,48,0.1524,6.0963,"{""IN"": 0.5271, ""US"": 0.2494, ""BR"": 0.0911, ""GB"": 0.018, ""DE"": 0.1145}"
2026-04-29,10,40,0.1176,5.5512,"{""IN"": 0.5271, ""US"": 0.2494, ""BR"": 0.0911, ""GB"": 0.018, ""DE"": 0.1145}"
2026-04-29,11,28,0.0846,5.9427,"{""IN"": 0.5271, ""US"": 0.2494, ""BR"": 0.0911, ""GB"": 0.018, ""DE"": 0.1145}"
2026-04-29,12,37,0.1013,6.1436,"{""IN"": 0.5271, ""US"": 0.2494, ""BR"": 0.0911, ""GB"": 0.018, ""DE"": 0.1145}"
2026-04-29,13,32,0.1018,5.8778,"{""IN"": 0.5271, ""US"": 0.2494, ""BR"": 0.0911, ""GB"": 0.018, ""DE"": 0.1145}"
2026-04-29,15,45,0.1261,6.2817,"{""IN"": 0.5271, ""US"": 0.2494, ""BR"": 0.0911, ""GB"": 0.018, ""DE"": 0.1145}"
2026-04-29,16,52,0.0399,2.3652,"{""IN"": 0.5271, ""US"": 0.2494, ""BR"": 0.0911, ""GB"": 0.018, ""DE"": 0.1145}"
2026-04-29,17,77,0.056,2.2905,"{""IN"": 0.5271, ""US"": 0.2494, ""BR"": 0.0911, ""GB"": 0.018, ""DE"": 0.1145}"
2026-04-29,18,85,0.0631,2.2192,"{""IN"": 0.5271, ""US"": 0.2494, ""BR"": 0.0911, ""GB"": 0.018, ""DE"": 0.1145}"
2026-04-29,19,59,0.0454,2.1674,"{""IN"": 0.5271, ""US"": 0.2494, ""BR"": 0.0911, ""GB"": 0.018, ""DE"": 0.1145}"
2026-04-29,20,35,0.027,2.4173,"{""IN"": 0.5271, ""US"": 0.2494, ""BR"": 0.0911, ""GB"": 0.018, ""DE"": 0.1145}"
2026-04-29,21,47,0.036,2.3756,"{""IN"": 0.5271, ""US"": 0.2494, ""BR"": 0.0911, ""GB"": 0.018, ""DE"": 0.1145}"
2026-04-29,22,81,0.0622,2.2885,"{""IN"": 0.5271, ""US"": 0.2494, ""BR"": 0.0911, ""GB"": 0.018, ""DE"": 0.1145}"
2026-04-29,23,67,0.0478,2.4171,"{""IN"": 0.5271, ""US"": 0.2494, ""BR"": 0.0911, ""GB"": 0.018, ""DE"": 0.1145}"
2026-04-29,24,49,0.0351,2.1818,"{""IN"": 0.5271, ""US"": 0.2494, ""BR"": 0.0911, ""GB"": 0.018, ""DE"": 0.1145}"
2026-04-29,25,53,0.0384,2.1938,"{""IN"": 0.5271, ""US"": 0.2494, ""BR"": 0.0911, ""GB"": 0.018, ""DE"": 0.1145}"
2026-04-29,26,1221,0.9382,2.3825,"{""IN"": 0.5271, ""US"": 0.2494, ""BR"": 0.0911, ""GB"": 0.018, ""DE"": 0.1145}"
2026-04-29,27,55,0.0417,2.3353,"{""IN"": 0.5271, ""US"": 0.2494, ""BR"": 0.0911, ""GB"": 0.018, ""DE"": 0.1145}"
2026-04-29,28,54,0.0388,2.146,"{""IN"": 0.5271, ""US"": 0.2494, ""BR"": 0.0911, ""GB"": 0.018, ""DE"": 0.1145}"
2026-04-29,29,71,0.0522,2.3113,"{""IN"": 0.5271, ""US"": 0.2494, ""BR"": 0.0911, ""GB"": 0.018, ""DE"": 0.1145}"
2026-04-29,30,112,0.0725,2.1941,"{""IN"": 0.5271, ""US"": 0.2494, ""BR"": 0.0911, ""GB"": 0.018, ""DE"": 0.1145}"
2026-04-29,31,62,0.0461,2.1848,"{""IN"": 0.5271, ""US"": 0.2494, ""BR"": 0.0911, ""GB"": 0.018, ""DE"": 0.1145}"
2026-04-29,32,59,0.0432,2.3346,"{""IN"": 0.5271, ""US"": 0.2494, ""BR"": 0.0911, ""GB"": 0.018, ""DE"": 0.1145}"
2026-04-29,33,501,0.3786,2.4037,"{""IN"": 0.5271, ""US"": 0.2494, ""BR"": 0.0911, ""GB"": 0.018, ""DE"": 0.1145}"
2026-04-29,34,256,0.0546,0.3622,"{""IN"": 0.5271, ""US"": 0.2494, ""BR"": 0.0911, ""GB"": 0.018, ""DE"": 0.1145}"
2026-04-29,35,227,0.0452,0.3776,"{""IN"": 0.5271, ""US"": 0.2494, ""BR"": 0.0911, ""GB"": 0.018, ""DE"": 0.1145}"
2026-04-29,36,289,0.0658,0.3853,"{""IN"": 0.5271, ""US"": 0.2494, ""BR"": 0.0911, ""GB"": 0.018, ""DE"": 0.1145}"
2026-04-29,37,221,0.0522,0.3545,"{""IN"": 0.5271, ""US"": 0.2494, ""BR"": 0.0911, ""GB"": 0.018, ""DE"": 0.1145}"
2026-04-29,38,717,0.1681,0.3502,"{""IN"": 0.5271, ""US"": 0.2494, ""BR"": 0.0911, ""GB"": 0.018, ""DE"": 0.1145}"
2026-04-29,39,207,0.0468,0.3595,"{""IN"": 0.5271, ""US"": 0.2494, ""BR"": 0.0911, ""GB"": 0.018, ""DE"": 0.1145}"
2026-04-29,40,2474,0.5201,0.3494,"{""IN"": 0.5271, ""US"": 0.2494, ""BR"": 0.0911, ""GB"": 0.018, ""DE"": 0.1145}"
2026-04-29,41,1401,0.3141,0.3968,"{""IN"": 0.5271, ""US"": 0.2494, ""BR"": 0.0911, ""GB"": 0.018, ""DE"": 0.1145}"
2026-04-29,42,256,0.0593,0.3616,"{""IN"": 0.5271, ""US"": 0.2494, ""BR"": 0.0911, ""GB"": 0.018, ""DE"": 0.1145}"
2026-04-29,43,292,0.0715,0.3761,"{""IN"": 0.5271, ""US"": 0.2494, ""BR"": 0.0911, ""GB"": 0.018, ""DE"": 0.1145}"
2026-04-29,44,38,0.083,4.3642,"{""IN"": 0.5271, ""US"": 0.2494, ""BR"": 0.0911, ""GB"": 0.018, ""DE"": 0.1145}"
2026-04-29,45,43,0.099,4.0925,"{""IN"": 0.5271, ""US"": 0.2494, ""BR"": 0.0911, ""GB"": 0.018, ""DE"": 0.1145}"
2026-04-29,46,31,0.0695,4.5195,"{""IN"": 0.5271, ""US"": 0.2494, ""BR"": 0.0911, ""GB"": 0.018, ""DE"": 0.1145}"
2026-04-29,47,45,0.1037,4.7372,"{""IN"": 0.5271, ""US"": 0.2494, ""BR"": 0.0911, ""GB"": 0.018, ""DE"": 0.1145}"
2026-04-29,48,36,0.0752,4.2736,"{""IN"": 0.5271, ""US"": 0.2494, ""BR"": 0.0911, ""GB"": 0.018, ""DE"": 0.1145}"
2026-04-29,49,18,0.021,2.3122,"{""IN"": 0.5271, ""US"": 0.2494, ""BR"": 0.0911, ""GB"": 0.018, ""DE"": 0.1145}"
2026-04-29,50,13,0.0152,2.3208,"{""IN"": 0.5271, ""US"": 0.2494, ""BR"": 0.0911, ""GB"": 0.018, ""DE"": 0.1145}"
2026-04-30,1,39,0.1302,6.2102,"{""IN"": 0.4776, ""US"": 0.2752, ""BR"": 0.1068, ""GB"": 0.0462, ""DE"": 0.094}"
2026-04-30,2,42,0.1245,6.5908,"{""IN"": 0.4776, ""US"": 0.2752, ""BR"": 0.1068, ""GB"": 0.0462, ""DE"": 0.094}"
2026-04-30,3,158,0.5445,6.4475,"{""IN"": 0.4776, ""US"": 0.2752, ""BR"": 0.1068, ""GB"": 0.0462, ""DE"": 0.094}"
2026-04-30,4,37,0.1192,6.4967,"{""IN"": 0.4776, ""US"": 0.2752, ""BR"": 0.1068, ""GB"": 0.0462, ""DE"": 0.094}"
2026-04-30,6,48,0.1396,6.4468,"{""IN"": 0.4776, ""US"": 0.2752, ""BR"": 0.1068, ""GB"": 0.0462, ""DE"": 0.094}"
2026-04-30,7,32,0.0933,6.9346,"{""IN"": 0.4776, ""US"": 0.2752, ""BR"": 0.1068, ""GB"": 0.0462, ""DE"": 0.094}"
2026-04-30,8,34,0.1128,6.3767,"{""IN"": 0.4776, ""US"": 0.2752, ""BR"": 0.1068, ""GB"": 0.0462, ""DE"": 0.094}"
2026-04-30,9,45,0.145,6.2524,"{""IN"": 0.4776, ""US"": 0.2752, ""BR"": 0.1068, ""GB"": 0.0462, ""DE"": 0.094}"
2026-04-30,10,48,0.1662,5.9692,"{""IN"": 0.4776, ""US"": 0.2752, ""BR"": 0.1068, ""GB"": 0.0462, ""DE"": 0.094}"
2026-04-30,11,54,0.1662,6.1413,"{""IN"": 0.4776, ""US"": 0.2752, ""BR"": 0.1068, ""GB"": 0.0462, ""DE"": 0.094}"
2026-04-30,12,42,0.132,6.3153,"{""IN"": 0.4776, ""US"": 0.2752, ""BR"": 0.1068, ""GB"": 0.0462, ""DE"": 0.094}"
2026-04-30,13,30,0.0883,7.5552,"{""IN"": 0.4776, ""US"": 0.2752, ""BR"": 0.1068, ""GB"": 0.0462, ""DE"": 0.094}"
2026-04-30,15,58,0.1718,6.1234,"{""IN"": 0.4776, ""US"": 0.2752, ""BR"": 0.1068, ""GB"": 0.0462, ""DE"": 0.094}"
2026-04-30,16,53,0.0452,2.4875,"{""IN"": 0.4776, ""US"": 0.2752, ""BR"": 0.1068, ""GB"": 0.0462, ""DE"": 0.094}"
2026-04-30,17,47,0.0385,2.4995,"{""IN"": 0.4776, ""US"": 0.2752, ""BR"": 0.1068, ""GB"": 0.0462, ""DE"": 0.094}"
2026-04-30,18,58,0.0508,2.3066,"{""IN"": 0.4776, ""US"": 0.2752, ""BR"": 0.1068, ""GB"": 0.0462, ""DE"": 0.094}"
2026-04-30,19,71,0.0575,2.3663,"{""IN"": 0.4776, ""US"": 0.2752, ""BR"": 0.1068, ""GB"": 0.0462, ""DE"": 0.094}"
2026-04-30,20,52,0.0387,2.3317,"{""IN"": 0.4776, ""US"": 0.2752, ""BR"": 0.1068, ""GB"": 0.0462, ""DE"": 0.094}"
2026-04-30,21,79,0.0621,2.2917,"{""IN"": 0.4776, ""US"": 0.2752, ""BR"": 0.1068, ""GB"": 0.0462, ""DE"": 0.094}"
2026-04-30,22,52,0.0426,2.4157,"{""IN"": 0.4776, ""US"": 0.2752, ""BR"": 0.1068, ""GB"": 0.0462, ""DE"": 0.094}"
2026-04-30,23,43,0.0353,2.3274,"{""IN"": 0.4776, ""US"": 0.2752, ""BR"": 0.1068, ""GB"": 0.0462, ""DE"": 0.094}"
2026-04-30,24,49,0.038,2.2961,"{""IN"": 0.4776, ""US"": 0.2752, ""BR"": 0.1068, ""GB"": 0.0462, ""DE"": 0.094}"
2026-04-30,25,47,0.0361,2.5492,"{""IN"": 0.4776, ""US"": 0.2752, ""BR"": 0.1068, ""GB"": 0.0462, ""DE"": 0.094}"
2026-04-30,26,1164,0.8595,2.1012,"{""IN"": 0.4776, ""US"": 0.2752, ""BR"": 0.1068, ""GB"": 0.0462, ""DE"": 0.094}"
2026-04-30,27,58,0.0446,2.2792,"{""IN"": 0.4776, ""US"": 0.2752, ""BR"": 0.1068, ""GB"": 0.0462, ""DE"": 0.094}"
2026-04-30,28,53,0.0395,2.5165,"{""IN"": 0.4776, ""US"": 0.2752, ""BR"": 0.1068, ""GB"": 0.0462, ""DE"": 0.094}"
2026-04-30,29,64,0.0481,2.3274,"{""IN"": 0.4776, ""US"": 0.2752, ""BR"": 0.1068, ""GB"": 0.0462, ""DE"": 0.094}"
2026-04-30,30,82,0.0668,2.3684,"{""IN"": 0.4776, ""US"": 0.2752, ""BR"": 0.1068, ""GB"": 0.0462, ""DE"": 0.094}"
2026-04-30,31,62,0.0444,2.4511,"{""IN"": 0.4776, ""US"": 0.2752, ""BR"": 0.1068, ""GB"": 0.0462, ""DE"": 0.094}"
2026-04-30,32,81,0.0625,2.3408,"{""IN"": 0.4776, ""US"": 0.2752, ""BR"": 0.1068, ""GB"": 0.0462, ""DE"": 0.094}"
2026-04-30,33,659,0.4899,2.4333,"{""IN"": 0.4776, ""US"": 0.2752, ""BR"": 0.1068, ""GB"": 0.0462, ""DE"": 0.094}"
2026-04-30,34,177,0.0397,0.4165,"{""IN"": 0.4776, ""US"": 0.2752, ""BR"": 0.1068, ""GB"": 0.0462, ""DE"": 0.094}"
2026-04-30,35,235,0.0544,0.4053,"{""IN"": 0.4776, ""US"": 0.2752, ""BR"": 0.1068, ""GB"": 0.0462, ""DE"": 0.094}"
2026-04-30,36,277,0.0666,0.3718,"{""IN"": 0.4776, ""US"": 0.2752, ""BR"": 0.1068, ""GB"": 0.0462, ""DE"": 0.094}"
2026-04-30,37,193,0.0426,0.4273,"{""IN"": 0.4776, ""US"": 0.2752, ""BR"": 0.1068, ""GB"": 0.0462, ""DE"": 0.094}"
2026-04-30,38,702,0.1786,0.3721,"{""IN"": 0.4776, ""US"": 0.2752, ""BR"": 0.1068, ""GB"": 0.0462, ""DE"": 0.094}"
2026-04-30,39,196,0.0435,0.3938,"{""IN"": 0.4776, ""US"": 0.2752, ""BR"": 0.1068, ""GB"": 0.0462, ""DE"": 0.094}"
2026-04-30,40,2616,0.6947,0.3864,"{""IN"": 0.4776, ""US"": 0.2752, ""BR"": 0.1068, ""GB"": 0.0462, ""DE"": 0.094}"
2026-04-30,41,1415,0.3216,0.3959,"{""IN"": 0.4776, ""US"": 0.2752, ""BR"": 0.1068, ""GB"": 0.0462, ""DE"": 0.094}"
2026-04-30,42,239,0.0553,0.4198,"{""IN"": 0.4776, ""US"": 0.2752, ""BR"": 0.1068, ""GB"": 0.0462, ""DE"": 0.094}"
2026-04-30,43,236,0.0583,0.4213,"{""IN"": 0.4776, ""US"": 0.2752, ""BR"": 0.1068, ""GB"": 0.0462, ""DE"": 0.094}"
2026-04-30,44,31,0.0723,5.1656,"{""IN"": 0.4776, ""US"": 0.2752, ""BR"": 0.1068, ""GB"": 0.0462, ""DE"": 0.094}"
2026-04-30,45,33,0.078,4.721,"{""IN"": 0.4776, ""US"": 0.2752, ""BR"": 0.1068, ""GB"": 0.0462, ""DE"": 0.094}"
2026-04-30,46,23,0.0481,4.7448,"{""IN"": 0.4776, ""US"": 0.2752, ""BR"": 0.1068, ""GB"": 0.0462, ""DE"": 0.094}"
2026-04-30,47,36,0.0845,4.643,"{""IN"": 0.4776, ""US"": 0.2752, ""BR"": 0.1068, ""GB"": 0.0462, ""DE"": 0.094}"
2026-04-30,48,43,0.0987,4.3213,"{""IN"": 0.4776, ""US"": 0.2752, ""BR"": 0.1068, ""GB"": 0.0462, ""DE"": 0.094}"
2026-04-30,49,14,0.0166,2.4179,"{""IN"": 0.4776, ""US"": 0.2752, ""BR"": 0.1068, ""GB"": 0.0462, ""DE"": 0.094}"
2026-04-30,50,14,0.0169,2.398,"{""IN"": 0.4776, ""US"": 0.2752, ""BR"": 0.1068, ""GB"": 0.0462, ""DE"": 0.094}"
2026-05-01,1,53,0.1559,6.4341,"{""IN"": 0.514, ""US"": 0.2554, ""BR"": 0.0822, ""GB"": 0.0631, ""DE"": 0.0853}"
2026-05-01,2,50,0.1682,5.667,"{""IN"": 0.514, ""US"": 0.2554, ""BR"": 0.0822, ""GB"": 0.0631, ""DE"": 0.0853}"
2026-05-01,3,196,0.5808,6.141,"{""IN"": 0.514, ""US"": 0.2554, ""BR"": 0.0822, ""GB"": 0.0631, ""DE"": 0.0853}"
2026-05-01,4,34,0.1088,5.9127,"{""IN"": 0.514, ""US"": 0.2554, ""BR"": 0.0822, ""GB"": 0.0631, ""DE"": 0.0853}"
2026-05-01,6,18,0.0596,5.6039,"{""IN"": 0.514, ""US"": 0.2554, ""BR"": 0.0822, ""GB"": 0.0631, ""DE"": 0.0853}"
2026-05-01,7,40,0.1272,6.3889,"{""IN"": 0.514, ""US"": 0.2554, ""BR"": 0.0822, ""GB"": 0.0631, ""DE"": 0.0853}"
2026-05-01,8,31,0.0952,5.968,"{""IN"": 0.514, ""US"": 0.2554, ""BR"": 0.0822, ""GB"": 0.0631, ""DE"": 0.0853}"
2026-05-01,9,41,0.1267,6.2976,"{""IN"": 0.514, ""US"": 0.2554, ""BR"": 0.0822, ""GB"": 0.0631, ""DE"": 0.0853}"
2026-05-01,10,57,0.1826,5.9954,"{""IN"": 0.514, ""US"": 0.2554, ""BR"": 0.0822, ""GB"": 0.0631, ""DE"": 0.0853}"
2026-05-01,11,22,0.0663,6.2139,"{""IN"": 0.514, ""US"": 0.2554, ""BR"": 0.0822, ""GB"": 0.0631, ""DE"": 0.0853}"
2026-05-01,12,43,0.1339,5.6838,"{""IN"": 0.514, ""US"": 0.2554, ""BR"": 0.0822, ""GB"": 0.0631, ""DE"": 0.0853}"
2026-05-01,13,58,0.1716,6.2339,"{""IN"": 0.514, ""US"": 0.2554, ""BR"": 0.0822, ""GB"": 0.0631, ""DE"": 0.0853}"
2026-05-01,15,46,0.1325,5.9468,"{""IN"": 0.514, ""US"": 0.2554, ""BR"": 0.0822, ""GB"": 0.0631, ""DE"": 0.0853}"
2026-05-01,16,80,0.0655,2.3921,"{""IN"": 0.514, ""US"": 0.2554, ""BR"": 0.0822, ""GB"": 0.0631, ""DE"": 0.0853}"
2026-05-01,17,51,0.0405,2.38,"{""IN"": 0.514, ""US"": 0.2554, ""BR"": 0.0822, ""GB"": 0.0631, ""DE"": 0.0853}"
2026-05-01,18,39,0.0302,1.955,"{""IN"": 0.514, ""US"": 0.2554, ""BR"": 0.0822, ""GB"": 0.0631, ""DE"": 0.0853}"
2026-05-01,19,43,0.0346,2.3309,"{""IN"": 0.514, ""US"": 0.2554, ""BR"": 0.0822, ""GB"": 0.0631, ""DE"": 0.0853}"
2026-05-01,20,46,0.0342,2.1741,"{""IN"": 0.514, ""US"": 0.2554, ""BR"": 0.0822, ""GB"": 0.0631, ""DE"": 0.0853}"
2026-05-01,21,32,0.024,2.2473,"{""IN"": 0.514, ""US"": 0.2554, ""BR"": 0.0822, ""GB"": 0.0631, ""DE"": 0.0853}"
2026-05-01,22,50,0.0405,2.391,"{""IN"": 0.514, ""US"": 0.2554, ""BR"": 0.0822, ""GB"": 0.0631, ""DE"": 0.0853}"
2026-05-01,23,82,0.0642,2.419,"{""IN"": 0.514, ""US"": 0.2554, ""BR"": 0.0822, ""GB"": 0.0631, ""DE"": 0.0853}"
2026-05-01,24,76,0.0588,2.1506,"{""IN"": 0.514, ""US"": 0.2554, ""BR"": 0.0822, ""GB"": 0.0631, ""DE"": 0.0853}"
2026-05-01,25,45,0.033,2.337,"{""IN"": 0.514, ""US"": 0.2554, ""BR"": 0.0822, ""GB"": 0.0631, ""DE"": 0.0853}"
2026-05-01,26,967,0.7356,2.2779,"{""IN"": 0.514, ""US"": 0.2554, ""BR"": 0.0822, ""GB"": 0.0631, ""DE"": 0.0853}"
2026-05-01,27,34,0.0248,2.2055,"{""IN"": 0.514, ""US"": 0.2554, ""BR"": 0.0822, ""GB"": 0.0631, ""DE"": 0.0853}"
2026-05-01,28,46,0.0333,2.3068,"{""IN"": 0.514, ""US"": 0.2554, ""BR"": 0.0822, ""GB"": 0.0631, ""DE"": 0.0853}"
2026-05-01,29,77,0.0612,2.3869,"{""IN"": 0.514, ""US"": 0.2554, ""BR"": 0.0822, ""GB"": 0.0631, ""DE"": 0.0853}"
2026-05-01,30,88,0.0727,2.3162,"{""IN"": 0.514, ""US"": 0.2554, ""BR"": 0.0822, ""GB"": 0.0631, ""DE"": 0.0853}"
2026-05-01,31,59,0.0442,2.2695,"{""IN"": 0.514, ""US"": 0.2554, ""BR"": 0.0822, ""GB"": 0.0631, ""DE"": 0.0853}"
2026-05-01,32,61,0.0465,2.286,"{""IN"": 0.514, ""US"": 0.2554, ""BR"": 0.0822, ""GB"": 0.0631, ""DE"": 0.0853}"
2026-05-01,33,560,0.4601,2.2397,"{""IN"": 0.514, ""US"": 0.2554, ""BR"": 0.0822, ""GB"": 0.0631, ""DE"": 0.0853}"
2026-05-01,34,194,0.0468,0.4062,"{""IN"": 0.514, ""US"": 0.2554, ""BR"": 0.0822, ""GB"": 0.0631, ""DE"": 0.0853}"
2026-05-01,35,251,0.0574,0.4228,"{""IN"": 0.514, ""US"": 0.2554, ""BR"": 0.0822, ""GB"": 0.0631, ""DE"": 0.0853}"
2026-05-01,36,304,0.064,0.3973,"{""IN"": 0.514, ""US"": 0.2554, ""BR"": 0.0822, ""GB"": 0.0631, ""DE"": 0.0853}"
2026-05-01,37,251,0.0588,0.411,"{""IN"": 0.514, ""US"": 0.2554, ""BR"": 0.0822, ""GB"": 0.0631, ""DE"": 0.0853}"
2026-05-01,38,661,0.145,0.3411,"{""IN"": 0.514, ""US"": 0.2554, ""BR"": 0.0822, ""GB"": 0.0631, ""DE"": 0.0853}"
2026-05-01,39,255,0.0566,0.3933,"{""IN"": 0.514, ""US"": 0.2554, ""BR"": 0.0822, ""GB"": 0.0631, ""DE"": 0.0853}"
2026-05-01,40,2086,0.4932,0.3732,"{""IN"": 0.514, ""US"": 0.2554, ""BR"": 0.0822, ""GB"": 0.0631, ""DE"": 0.0853}"
2026-05-01,41,1061,0.2391,0.3718,"{""IN"": 0.514, ""US"": 0.2554, ""BR"": 0.0822, ""GB"": 0.0631, ""DE"": 0.0853}"
2026-05-01,42,239,0.0531,0.406,"{""IN"": 0.514, ""US"": 0.2554, ""BR"": 0.0822, ""GB"": 0.0631, ""DE"": 0.0853}"
2026-05-01,43,177,0.0416,0.4174,"{""IN"": 0.514, ""US"": 0.2554, ""BR"": 0.0822, ""GB"": 0.0631, ""DE"": 0.0853}"
2026-05-01,44,34,0.0786,4.8769,"{""IN"": 0.514, ""US"": 0.2554, ""BR"": 0.0822, ""GB"": 0.0631, ""DE"": 0.0853}"
2026-05-01,45,36,0.0805,4.575,"{""IN"": 0.514, ""US"": 0.2554, ""BR"": 0.0822, ""GB"": 0.0631, ""DE"": 0.0853}"
2026-05-01,46,33,0.0752,4.3717,"{""IN"": 0.514, ""US"": 0.2554, ""BR"": 0.0822, ""GB"": 0.0631, ""DE"": 0.0853}"
2026-05-01,47,44,0.1004,4.4616,"{""IN"": 0.514, ""US"": 0.2554, ""BR"": 0.0822, ""GB"": 0.0631, ""DE"": 0.0853}"
2026-05-01,48,45,0.0969,4.7099,"{""IN"": 0.514, ""US"": 0.2554, ""BR"": 0.0822, ""GB"": 0.0631, ""DE"": 0.0853}"
2026-05-01,49,27,0.0312,2.2509,"{""IN"": 0.514, ""US"": 0.2554, ""BR"": 0.0822, ""GB"": 0.0631, ""DE"": 0.0853}"
2026-05-01,50,19,0.0225,2.1449,"{""IN"": 0.514, ""US"": 0.2554, ""BR"": 0.0822, ""GB"": 0.0631, ""DE"": 0.0853}"
2026-05-02,1,33,0.0996,6.4686,"{""IN"": 0.4937, ""US"": 0.2599, ""BR"": 0.0837, ""GB"": 0.0556, ""DE"": 0.1072}"
2026-05-02,2,30,0.0954,6.2009,"{""IN"": 0.4937, ""US"": 0.2599, ""BR"": 0.0837, ""GB"": 0.0556, ""DE"": 0.1072}"
2026-05-02,3,163,0.5286,6.5483,"{""IN"": 0.4937, ""US"": 0.2599, ""BR"": 0.0837, ""GB"": 0.0556, ""DE"": 0.1072}"
2026-05-02,4,63,0.2,6.0567,"{""IN"": 0.4937, ""US"": 0.2599, ""BR"": 0.0837, ""GB"": 0.0556, ""DE"": 0.1072}"
2026-05-02,6,39,0.1174,6.2973,"{""IN"": 0.4937, ""US"": 0.2599, ""BR"": 0.0837, ""GB"": 0.0556, ""DE"": 0.1072}"
2026-05-02,7,25,0.0829,5.7389,"{""IN"": 0.4937, ""US"": 0.2599, ""BR"": 0.0837, ""GB"": 0.0556, ""DE"": 0.1072}"
2026-05-02,8,31,0.0998,6.1982,"{""IN"": 0.4937, ""US"": 0.2599, ""BR"": 0.0837, ""GB"": 0.0556, ""DE"": 0.1072}"
2026-05-02,9,26,0.0825,5.8785,"{""IN"": 0.4937, ""US"": 0.2599, ""BR"": 0.0837, ""GB"": 0.0556, ""DE"": 0.1072}"
2026-05-02,10,29,0.097,6.7292,"{""IN"": 0.4937, ""US"": 0.2599, ""BR"": 0.0837, ""GB"": 0.0556, ""DE"": 0.1072}"
2026-05-02,11,47,0.1551,6.6397,"{""IN"": 0.4937, ""US"": 0.2599, ""BR"": 0.0837, ""GB"": 0.0556, ""DE"": 0.1072}"
2026-05-02,12,49,0.1539,6.6492,"{""IN"": 0.4937, ""US"": 0.2599, ""BR"": 0.0837, ""GB"": 0.0556, ""DE"": 0.1072}"
2026-05-02,13,25,0.0807,6.5222,"{""IN"": 0.4937, ""US"": 0.2599, ""BR"": 0.0837, ""GB"": 0.0556, ""DE"": 0.1072}"
2026-05-02,15,31,0.1021,6.5951,"{""IN"": 0.4937, ""US"": 0.2599, ""BR"": 0.0837, ""GB"": 0.0556, ""DE"": 0.1072}"
2026-05-02,16,48,0.034,2.3143,"{""IN"": 0.4937, ""US"": 0.2599, ""BR"": 0.0837, ""GB"": 0.0556, ""DE"": 0.1072}"
2026-05-02,17,41,0.0308,2.3337,"{""IN"": 0.4937, ""US"": 0.2599, ""BR"": 0.0837, ""GB"": 0.0556, ""DE"": 0.1072}"
2026-05-02,18,53,0.0436,2.3136,"{""IN"": 0.4937, ""US"": 0.2599, ""BR"": 0.0837, ""GB"": 0.0556, ""DE"": 0.1072}"
2026-05-02,19,55,0.0424,2.3477,"{""IN"": 0.4937, ""US"": 0.2599, ""BR"": 0.0837, ""GB"": 0.0556, ""DE"": 0.1072}"
2026-05-02,20,65,0.0551,2.3899,"{""IN"": 0.4937, ""US"": 0.2599, ""BR"": 0.0837, ""GB"": 0.0556, ""DE"": 0.1072}"
2026-05-02,21,56,0.0447,2.2358,"{""IN"": 0.4937, ""US"": 0.2599, ""BR"": 0.0837, ""GB"": 0.0556, ""DE"": 0.1072}"
2026-05-02,22,55,0.0428,2.257,"{""IN"": 0.4937, ""US"": 0.2599, ""BR"": 0.0837, ""GB"": 0.0556, ""DE"": 0.1072}"
2026-05-02,23,46,0.0352,2.4031,"{""IN"": 0.4937, ""US"": 0.2599, ""BR"": 0.0837, ""GB"": 0.0556, ""DE"": 0.1072}"
2026-05-02,24,50,0.0397,2.4245,"{""IN"": 0.4937, ""US"": 0.2599, ""BR"": 0.0837, ""GB"": 0.0556, ""DE"": 0.1072}"
2026-05-02,25,43,0.0351,2.1244,"{""IN"": 0.4937, ""US"": 0.2599, ""BR"": 0.0837, ""GB"": 0.0556, ""DE"": 0.1072}"
2026-05-02,26,885,0.6841,2.3595,"{""IN"": 0.4937, ""US"": 0.2599, ""BR"": 0.0837, ""GB"": 0.0556, ""DE"": 0.1072}"
2026-05-02,27,43,0.0359,2.365,"{""IN"": 0.4937, ""US"": 0.2599, ""BR"": 0.0837, ""GB"": 0.0556, ""DE"": 0.1072}"
2026-05-02,28,48,0.0349,2.3271,"{""IN"": 0.4937, ""US"": 0.2599, ""BR"": 0.0837, ""GB"": 0.0556, ""DE"": 0.1072}"
2026-05-02,29,44,0.0318,2.2483,"{""IN"": 0.4937, ""US"": 0.2599, ""BR"": 0.0837, ""GB"": 0.0556, ""DE"": 0.1072}"
2026-05-02,30,62,0.0485,2.2008,"{""IN"": 0.4937, ""US"": 0.2599, ""BR"": 0.0837, ""GB"": 0.0556, ""DE"": 0.1072}"
2026-05-02,31,46,0.0386,2.181,"{""IN"": 0.4937, ""US"": 0.2599, ""BR"": 0.0837, ""GB"": 0.0556, ""DE"": 0.1072}"
2026-05-02,32,41,0.0329,2.287,"{""IN"": 0.4937, ""US"": 0.2599, ""BR"": 0.0837, ""GB"": 0.0556, ""DE"": 0.1072}"
2026-05-02,33,541,0.4236,2.3443,"{""IN"": 0.4937, ""US"": 0.2599, ""BR"": 0.0837, ""GB"": 0.0556, ""DE"": 0.1072}"
2026-05-02,34,195,0.0453,0.3887,"{""IN"": 0.4937, ""US"": 0.2599, ""BR"": 0.0837, ""GB"": 0.0556, ""DE"": 0.1072}"
2026-05-02,35,166,0.0379,0.4051,"{""IN"": 0.4937, ""US"": 0.2599, ""BR"": 0.0837, ""GB"": 0.0556, ""DE"": 0.1072}"
2026-05-02,36,229,0.0558,0.3803,"{""IN"": 0.4937, ""US"": 0.2599, ""BR"": 0.0837, ""GB"": 0.0556, ""DE"": 0.1072}"
2026-05-02,37,307,0.069,0.3724,"{""IN"": 0.4937, ""US"": 0.2599, ""BR"": 0.0837, ""GB"": 0.0556, ""DE"": 0.1072}"
2026-05-02,38,547,0.1213,0.373,"{""IN"": 0.4937, ""US"": 0.2599, ""BR"": 0.0837, ""GB"": 0.0556, ""DE"": 0.1072}"
2026-05-02,39,204,0.0464,0.3641,"{""IN"": 0.4937, ""US"": 0.2599, ""BR"": 0.0837, ""GB"": 0.0556, ""DE"": 0.1072}"
2026-05-02,40,1948,0.4594,0.4329,"{""IN"": 0.4937, ""US"": 0.2599, ""BR"": 0.0837, ""GB"": 0.0556, ""DE"": 0.1072}"
2026-05-02,41,839,0.1945,0.3931,"{""IN"": 0.4937, ""US"": 0.2599, ""BR"": 0.0837, ""GB"": 0.0556, ""DE"": 0.1072}"
2026-05-02,42,204,0.0447,0.3815,"{""IN"": 0.4937, ""US"": 0.2599, ""BR"": 0.0837, ""GB"": 0.0556, ""DE"": 0.1072}"
2026-05-02,43,203,0.0484,0.3665,"{""IN"": 0.4937, ""US"": 0.2599, ""BR"": 0.0837, ""GB"": 0.0556, ""DE"": 0.1072}"
2026-05-02,44,36,0.0907,4.2717,"{""IN"": 0.4937, ""US"": 0.2599, ""BR"": 0.0837, ""GB"": 0.0556, ""DE"": 0.1072}"
2026-05-02,45,17,0.0388,5.2004,"{""IN"": 0.4937, ""US"": 0.2599, ""BR"": 0.0837, ""GB"": 0.0556, ""DE"": 0.1072}"
2026-05-02,46,23,0.0518,4.4259,"{""IN"": 0.4937, ""US"": 0.2599, ""BR"": 0.0837, ""GB"": 0.0556, ""DE"": 0.1072}"
2026-05-02,47,36,0.0919,4.9404,"{""IN"": 0.4937, ""US"": 0.2599, ""BR"": 0.0837, ""GB"": 0.0556, ""DE"": 0.1072}"
2026-05-02,48,22,0.0493,4.4885,"{""IN"": 0.4937, ""US"": 0.2599, ""BR"": 0.0837, ""GB"": 0.0556, ""DE"": 0.1072}"
2026-05-02,49,22,0.0222,2.3156,"{""IN"": 0.4937, ""US"": 0.2599, ""BR"": 0.0837, ""GB"": 0.0556, ""DE"": 0.1072}"
2026-05-02,50,13,0.0149,2.2051,"{""IN"": 0.4937, ""US"": 0.2599, ""BR"": 0.0837, ""GB"": 0.0556, ""DE"": 0.1072}"
2026-05-03,1,36,0.1088,6.6299,"{""IN"": 0.5194, ""US"": 0.2712, ""BR"": 0.0733, ""GB"": 0.0222, ""DE"": 0.114}"
2026-05-03,2,36,0.1109,6.2476,"{""IN"": 0.5194, ""US"": 0.2712, ""BR"": 0.0733, ""GB"": 0.0222, ""DE"": 0.114}"
2026-05-03,3,203,0.6246,6.3584,"{""IN"": 0.5194, ""US"": 0.2712, ""BR"": 0.0733, ""GB"": 0.0222, ""DE"": 0.114}"
2026-05-03,4,29,0.0929,6.0149,"{""IN"": 0.5194, ""US"": 0.2712, ""BR"": 0.0733, ""GB"": 0.0222, ""DE"": 0.114}"
2026-05-03,6,35,0.1184,6.6507,"{""IN"": 0.5194, ""US"": 0.2712, ""BR"": 0.0733, ""GB"": 0.0222, ""DE"": 0.114}"
2026-05-03,7,15,0.0454,6.2597,"{""IN"": 0.5194, ""US"": 0.2712, ""BR"": 0.0733, ""GB"": 0.0222, ""DE"": 0.114}"
2026-05-03,8,35,0.1016,6.3738,"{""IN"": 0.5194, ""US"": 0.2712, ""BR"": 0.0733, ""GB"": 0.0222, ""DE"": 0.114}"
2026-05-03,9,44,0.1372,6.8728,"{""IN"": 0.5194, ""US"": 0.2712, ""BR"": 0.0733, ""GB"": 0.0222, ""DE"": 0.114}"
2026-05-03,10,28,0.0911,6.7197,"{""IN"": 0.5194, ""US"": 0.2712, ""BR"": 0.0733, ""GB"": 0.0222, ""DE"": 0.114}"
2026-05-03,11,40,0.1149,6.4388,"{""IN"": 0.5194, ""US"": 0.2712, ""BR"": 0.0733, ""GB"": 0.0222, ""DE"": 0.114}"
2026-05-03,12,29,0.0907,5.8133,"{""IN"": 0.5194, ""US"": 0.2712, ""BR"": 0.0733, ""GB"": 0.0222, ""DE"": 0.114}"
2026-05-03,13,33,0.1068,6.2585,"{""IN"": 0.5194, ""US"": 0.2712, ""BR"": 0.0733, ""GB"": 0.0222, ""DE"": 0.114}"
2026-05-03,15,44,0.1404,6.8407,"{""IN"": 0.5194, ""US"": 0.2712, ""BR"": 0.0733, ""GB"": 0.0222, ""DE"": 0.114}"
2026-05-03,16,64,0.0489,2.1481,"{""IN"": 0.5194, ""US"": 0.2712, ""BR"": 0.0733, ""GB"": 0.0222, ""DE"": 0.114}"
2026-05-03,17,47,0.0344,2.3922,"{""IN"": 0.5194, ""US"": 0.2712, ""BR"": 0.0733, ""GB"": 0.0222, ""DE"": 0.114}"
2026-05-03,18,56,0.0441,2.2228,"{""IN"": 0.5194, ""US"": 0.2712, ""BR"": 0.0733, ""GB"": 0.0222, ""DE"": 0.114}"
2026-05-03,19,67,0.0494,2.242,"{""IN"": 0.5194, ""US"": 0.2712, ""BR"": 0.0733, ""GB"": 0.0222, ""DE"": 0.114}"
2026-05-03,20,53,0.0364,2.3523,"{""IN"": 0.5194, ""US"": 0.2712, ""BR"": 0.0733, ""GB"": 0.0222, ""DE"": 0.114}"
2026-05-03,21,66,0.0526,2.4356,"{""IN"": 0.5194, ""US"": 0.2712, ""BR"": 0.0733, ""GB"": 0.0222, ""DE"": 0.114}"
2026-05-03,22,50,0.0429,2.3289,"{""IN"": 0.5194, ""US"": 0.2712, ""BR"": 0.0733, ""GB"": 0.0222, ""DE"": 0.114}"
2026-05-03,23,50,0.0395,2.215,"{""IN"": 0.5194, ""US"": 0.2712, ""BR"": 0.0733, ""GB"": 0.0222, ""DE"": 0.114}"
2026-05-03,24,55,0.0422,2.4008,"{""IN"": 0.5194, ""US"": 0.2712, ""BR"": 0.0733, ""GB"": 0.0222, ""DE"": 0.114}"
2026-05-03,25,49,0.0412,2.1897,"{""IN"": 0.5194, ""US"": 0.2712, ""BR"": 0.0733, ""GB"": 0.0222, ""DE"": 0.114}"
2026-05-03,26,855,0.6906,2.194,"{""IN"": 0.5194, ""US"": 0.2712, ""BR"": 0.0733, ""GB"": 0.0222, ""DE"": 0.114}"
2026-05-03,27,44,0.0322,2.1131,"{""IN"": 0.5194, ""US"": 0.2712, ""BR"": 0.0733, ""GB"": 0.0222, ""DE"": 0.114}"
2026-05-03,28,46,0.0346,2.248,"{""IN"": 0.5194, ""US"": 0.2712, ""BR"": 0.0733, ""GB"": 0.0222, ""DE"": 0.114}"
2026-05-03,29,65,0.0496,2.3987,"{""IN"": 0.5194, ""US"": 0.2712, ""BR"": 0.0733, ""GB"": 0.0222, ""DE"": 0.114}"
2026-05-03,30,78,0.0568,2.4586,"{""IN"": 0.5194, ""US"": 0.2712, ""BR"": 0.0733, ""GB"": 0.0222, ""DE"": 0.114}"
2026-05-03,31,41,0.0324,2.389,"{""IN"": 0.5194, ""US"": 0.2712, ""BR"": 0.0733, ""GB"": 0.0222, ""DE"": 0.114}"
2026-05-03,32,58,0.0468,2.3572,"{""IN"": 0.5194, ""US"": 0.2712, ""BR"": 0.0733, ""GB"": 0.0222, ""DE"": 0.114}"
2026-05-03,33,384,0.283,2.4899,"{""IN"": 0.5194, ""US"": 0.2712, ""BR"": 0.0733, ""GB"": 0.0222, ""DE"": 0.114}"
2026-05-03,34,187,0.0428,0.3677,"{""IN"": 0.5194, ""US"": 0.2712, ""BR"": 0.0733, ""GB"": 0.0222, ""DE"": 0.114}"
2026-05-03,35,211,0.0492,0.3301,"{""IN"": 0.5194, ""US"": 0.2712, ""BR"": 0.0733, ""GB"": 0.0222, ""DE"": 0.114}"
2026-05-03,36,140,0.0317,0.3631,"{""IN"": 0.5194, ""US"": 0.2712, ""BR"": 0.0733, ""GB"": 0.0222, ""DE"": 0.114}"
2026-05-03,37,235,0.0545,0.3743,"{""IN"": 0.5194, ""US"": 0.2712, ""BR"": 0.0733, ""GB"": 0.0222, ""DE"": 0.114}"
2026-05-03,38,395,0.0937,0.3607,"{""IN"": 0.5194, ""US"": 0.2712, ""BR"": 0.0733, ""GB"": 0.0222, ""DE"": 0.114}"
2026-05-03,39,216,0.0488,0.3666,"{""IN"": 0.5194, ""US"": 0.2712, ""BR"": 0.0733, ""GB"": 0.0222, ""DE"": 0.114}"
2026-05-03,40,2161,0.4656,0.3762,"{""IN"": 0.5194, ""US"": 0.2712, ""BR"": 0.0733, ""GB"": 0.0222, ""DE"": 0.114}"
2026-05-03,41,864,0.2134,0.4074,"{""IN"": 0.5194, ""US"": 0.2712, ""BR"": 0.0733, ""GB"": 0.0222, ""DE"": 0.114}"
2026-05-03,42,173,0.0408,0.3566,"{""IN"": 0.5194, ""US"": 0.2712, ""BR"": 0.0733, ""GB"": 0.0222, ""DE"": 0.114}"
2026-05-03,43,236,0.0535,0.3987,"{""IN"": 0.5194, ""US"": 0.2712, ""BR"": 0.0733, ""GB"": 0.0222, ""DE"": 0.114}"
2026-05-03,44,23,0.0498,4.4162,"{""IN"": 0.5194, ""US"": 0.2712, ""BR"": 0.0733, ""GB"": 0.0222, ""DE"": 0.114}"
2026-05-03,45,24,0.0564,4.4434,"{""IN"": 0.5194, ""US"": 0.2712, ""BR"": 0.0733, ""GB"": 0.0222, ""DE"": 0.114}"
2026-05-03,46,28,0.0633,4.176,"{""IN"": 0.5194, ""US"": 0.2712, ""BR"": 0.0733, ""GB"": 0.0222, ""DE"": 0.114}"
2026-05-03,47,26,0.0573,4.3326,"{""IN"": 0.5194, ""US"": 0.2712, ""BR"": 0.0733, ""GB"": 0.0222, ""DE"": 0.114}"
2026-05-03,48,25,0.06,4.6833,"{""IN"": 0.5194, ""US"": 0.2712, ""BR"": 0.0733, ""GB"": 0.0222, ""DE"": 0.114}"
2026-05-03,49,13,0.0143,2.1569,"{""IN"": 0.5194, ""US"": 0.2712, ""BR"": 0.0733, ""GB"": 0.0222, ""DE"": 0.114}"
2026-05-03,50,23,0.0241,2.3038,"{""IN"": 0.5194, ""US"": 0.2712, ""BR"": 0.0733, ""GB"": 0.0222, ""DE"": 0.114}"
2026-05-04,1,49,0.1491,6.3838,"{""IN"": 0.491, ""US"": 0.2695, ""BR"": 0.0783, ""GB"": 0.0446, ""DE"": 0.1166}"
2026-05-04,2,40,0.118,6.4723,"{""IN"": 0.491, ""US"": 0.2695, ""BR"": 0.0783, ""GB"": 0.0446, ""DE"": 0.1166}"
2026-05-04,3,123,0.3771,6.4041,"{""IN"": 0.491, ""US"": 0.2695, ""BR"": 0.0783, ""GB"": 0.0446, ""DE"": 0.1166}"
2026-05-04,4,40,0.121,6.3329,"{""IN"": 0.491, ""US"": 0.2695, ""BR"": 0.0783, ""GB"": 0.0446, ""DE"": 0.1166}"
2026-05-04,6,45,0.1457,6.4344,"{""IN"": 0.491, ""US"": 0.2695, ""BR"": 0.0783, ""GB"": 0.0446, ""DE"": 0.1166}"
2026-05-04,7,31,0.0936,5.9691,"{""IN"": 0.491, ""US"": 0.2695, ""BR"": 0.0783, ""GB"": 0.0446, ""DE"": 0.1166}"
2026-05-04,8,23,0.0723,5.8705,"{""IN"": 0.491, ""US"": 0.2695, ""BR"": 0.0783, ""GB"": 0.0446, ""DE"": 0.1166}"
2026-05-04,9,36,0.1109,6.1999,"{""IN"": 0.491, ""US"": 0.2695, ""BR"": 0.0783, ""GB"": 0.0446, ""DE"": 0.1166}"
2026-05-04,10,44,0.1467,6.5348,"{""IN"": 0.491, ""US"": 0.2695, ""BR"": 0.0783, ""GB"": 0.0446, ""DE"": 0.1166}"
2026-05-04,11,29,0.1035,6.0348,"{""IN"": 0.491, ""US"": 0.2695, ""BR"": 0.0783, ""GB"": 0.0446, ""DE"": 0.1166}"
2026-05-04,12,47,0.1546,6.7186,"{""IN"": 0.491, ""US"": 0.2695, ""BR"": 0.0783, ""GB"": 0.0446, ""DE"": 0.1166}"
2026-05-04,13,42,0.1458,6.2218,"{""IN"": 0.491, ""US"": 0.2695, ""BR"": 0.0783, ""GB"": 0.0446, ""DE"": 0.1166}"
2026-05-04,15,39,0.1169,6.8178,"{""IN"": 0.491, ""US"": 0.2695, ""BR"": 0.0783, ""GB"": 0.0446, ""DE"": 0.1166}"
2026-05-04,16,48,0.038,2.367,"{""IN"": 0.491, ""US"": 0.2695, ""BR"": 0.0783, ""GB"": 0.0446, ""DE"": 0.1166}"
2026-05-04,17,54,0.0423,2.3653,"{""IN"": 0.491, ""US"": 0.2695, ""BR"": 0.0783, ""GB"": 0.0446, ""DE"": 0.1166}"
2026-05-04,18,62,0.0481,2.328,"{""IN"": 0.491, ""US"": 0.2695, ""BR"": 0.0783, ""GB"": 0.0446, ""DE"": 0.1166}"
2026-05-04,19,72,0.0595,2.3978,"{""IN"": 0.491, ""US"": 0.2695, ""BR"": 0.0783, ""GB"": 0.0446, ""DE"": 0.1166}"
2026-05-04,20,61,0.0531,2.157,"{""IN"": 0.491, ""US"": 0.2695, ""BR"": 0.0783, ""GB"": 0.0446, ""DE"": 0.1166}"
2026-05-04,21,53,0.0402,2.2534,"{""IN"": 0.491, ""US"": 0.2695, ""BR"": 0.0783, ""GB"": 0.0446, ""DE"": 0.1166}"
2026-05-04,22,65,0.0538,2.3523,"{""IN"": 0.491, ""US"": 0.2695, ""BR"": 0.0783, ""GB"": 0.0446, ""DE"": 0.1166}"
2026-05-04,23,53,0.043,2.3086,"{""IN"": 0.491, ""US"": 0.2695, ""BR"": 0.0783, ""GB"": 0.0446, ""DE"": 0.1166}"
2026-05-04,24,39,0.0307,2.3911,"{""IN"": 0.491, ""US"": 0.2695, ""BR"": 0.0783, ""GB"": 0.0446, ""DE"": 0.1166}"
2026-05-04,25,46,0.037,2.4785,"{""IN"": 0.491, ""US"": 0.2695, ""BR"": 0.0783, ""GB"": 0.0446, ""DE"": 0.1166}"
2026-05-04,26,769,0.5814,2.3613,"{""IN"": 0.491, ""US"": 0.2695, ""BR"": 0.0783, ""GB"": 0.0446, ""DE"": 0.1166}"
2026-05-04,27,68,0.0533,2.5946,"{""IN"": 0.491, ""US"": 0.2695, ""BR"": 0.0783, ""GB"": 0.0446, ""DE"": 0.1166}"
2026-05-04,28,65,0.0528,2.3293,"{""IN"": 0.491, ""US"": 0.2695, ""BR"": 0.0783, ""GB"": 0.0446, ""DE"": 0.1166}"
2026-05-04,29,60,0.0482,2.3563,"{""IN"": 0.491, ""US"": 0.2695, ""BR"": 0.0783, ""GB"": 0.0446, ""DE"": 0.1166}"
2026-05-04,30,84,0.0723,2.64,"{""IN"": 0.491, ""US"": 0.2695, ""BR"": 0.0783, ""GB"": 0.0446, ""DE"": 0.1166}"
2026-05-04,31,43,0.0387,2.5533,"{""IN"": 0.491, ""US"": 0.2695, ""BR"": 0.0783, ""GB"": 0.0446, ""DE"": 0.1166}"
2026-05-04,32,76,0.0585,2.3463,"{""IN"": 0.491, ""US"": 0.2695, ""BR"": 0.0783, ""GB"": 0.0446, ""DE"": 0.1166}"
2026-05-04,33,522,0.4224,2.2724,"{""IN"": 0.491, ""US"": 0.2695, ""BR"": 0.0783, ""GB"": 0.0446, ""DE"": 0.1166}"
2026-05-04,34,294,0.0633,0.4065,"{""IN"": 0.491, ""US"": 0.2695, ""BR"": 0.0783, ""GB"": 0.0446, ""DE"": 0.1166}"
2026-05-04,35,233,0.0564,0.3848,"{""IN"": 0.491, ""US"": 0.2695, ""BR"": 0.0783, ""GB"": 0.0446, ""DE"": 0.1166}"
2026-05-04,36,288,0.0644,0.4073,"{""IN"": 0.491, ""US"": 0.2695, ""BR"": 0.0783, ""GB"": 0.0446, ""DE"": 0.1166}"
2026-05-04,37,235,0.0594,0.4037,"{""IN"": 0.491, ""US"": 0.2695, ""BR"": 0.0783, ""GB"": 0.0446, ""DE"": 0.1166}"
2026-05-04,38,354,0.0917,0.3882,"{""IN"": 0.491, ""US"": 0.2695, ""BR"": 0.0783, ""GB"": 0.0446, ""DE"": 0.1166}"
2026-05-04,39,242,0.0597,0.3763,"{""IN"": 0.491, ""US"": 0.2695, ""BR"": 0.0783, ""GB"": 0.0446, ""DE"": 0.1166}"
2026-05-04,40,1451,0.3512,0.4163,"{""IN"": 0.491, ""US"": 0.2695, ""BR"": 0.0783, ""GB"": 0.0446, ""DE"": 0.1166}"
2026-05-04,41,1026,0.2592,0.4034,"{""IN"": 0.491, ""US"": 0.2695, ""BR"": 0.0783, ""GB"": 0.0446, ""DE"": 0.1166}"
2026-05-04,42,261,0.0608,0.4093,"{""IN"": 0.491, ""US"": 0.2695, ""BR"": 0.0783, ""GB"": 0.0446, ""DE"": 0.1166}"
2026-05-04,43,241,0.0522,0.4002,"{""IN"": 0.491, ""US"": 0.2695, ""BR"": 0.0783, ""GB"": 0.0446, ""DE"": 0.1166}"
2026-05-04,44,33,0.0759,4.8536,"{""IN"": 0.491, ""US"": 0.2695, ""BR"": 0.0783, ""GB"": 0.0446, ""DE"": 0.1166}"
2026-05-04,45,53,0.1259,5.1646,"{""IN"": 0.491, ""US"": 0.2695, ""BR"": 0.0783, ""GB"": 0.0446, ""DE"": 0.1166}"
2026-05-04,46,41,0.1035,4.7688,"{""IN"": 0.491, ""US"": 0.2695, ""BR"": 0.0783, ""GB"": 0.0446, ""DE"": 0.1166}"
2026-05-04,47,40,0.0953,4.9602,"{""IN"": 0.491, ""US"": 0.2695, ""BR"": 0.0783, ""GB"": 0.0446, ""DE"": 0.1166}"
2026-05-04,48,42,0.1091,5.0667,"{""IN"": 0.491, ""US"": 0.2695, ""BR"": 0.0783, ""GB"": 0.0446, ""DE"": 0.1166}"
2026-05-04,49,21,0.0235,2.3703,"{""IN"": 0.491, ""US"": 0.2695, ""BR"": 0.0783, ""GB"": 0.0446, ""DE"": 0.1166}"
2026-05-04,50,23,0.0284,2.6048,"{""IN"": 0.491, ""US"": 0.2695, ""BR"": 0.0783, ""GB"": 0.0446, ""DE"": 0.1166}"
2026-05-05,1,45,0.1298,5.8927,"{""IN"": 0.5364, ""US"": 0.2537, ""BR"": 0.0711, ""GB"": 0.0627, ""DE"": 0.0762}"
2026-05-05,2,12,0.0372,6.0927,"{""IN"": 0.5364, ""US"": 0.2537, ""BR"": 0.0711, ""GB"": 0.0627, ""DE"": 0.0762}"
2026-05-05,3,130,0.4247,6.0976,"{""IN"": 0.5364, ""US"": 0.2537, ""BR"": 0.0711, ""GB"": 0.0627, ""DE"": 0.0762}"
2026-05-05,4,38,0.1171,5.9621,"{""IN"": 0.5364, ""US"": 0.2537, ""BR"": 0.0711, ""GB"": 0.0627, ""DE"": 0.0762}"
2026-05-05,6,47,0.1505,5.8376,"{""IN"": 0.5364, ""US"": 0.2537, ""BR"": 0.0711, ""GB"": 0.0627, ""DE"": 0.0762}"
2026-05-05,7,39,0.1136,6.3123,"{""IN"": 0.5364, ""US"": 0.2537, ""BR"": 0.0711, ""GB"": 0.0627, ""DE"": 0.0762}"
2026-05-05,8,41,0.124,6.7543,"{""IN"": 0.5364, ""US"": 0.2537, ""BR"": 0.0711, ""GB"": 0.0627, ""DE"": 0.0762}"
2026-05-05,9,33,0.1022,6.4332,"{""IN"": 0.5364, ""US"": 0.2537, ""BR"": 0.0711, ""GB"": 0.0627, ""DE"": 0.0762}"
2026-05-05,10,50,0.1354,6.2411,"{""IN"": 0.5364, ""US"": 0.2537, ""BR"": 0.0711, ""GB"": 0.0627, ""DE"": 0.0762}"
2026-05-05,11,43,0.1407,5.9663,"{""IN"": 0.5364, ""US"": 0.2537, ""BR"": 0.0711, ""GB"": 0.0627, ""DE"": 0.0762}"
2026-05-05,12,29,0.085,6.1595,"{""IN"": 0.5364, ""US"": 0.2537, ""BR"": 0.0711, ""GB"": 0.0627, ""DE"": 0.0762}"
2026-05-05,13,41,0.126,5.9565,"{""IN"": 0.5364, ""US"": 0.2537, ""BR"": 0.0711, ""GB"": 0.0627, ""DE"": 0.0762}"
2026-05-05,15,20,0.0594,6.2159,"{""IN"": 0.5364, ""US"": 0.2537, ""BR"": 0.0711, ""GB"": 0.0627, ""DE"": 0.0762}"
2026-05-05,16,77,0.0587,2.2722,"{""IN"": 0.5364, ""US"": 0.2537, ""BR"": 0.0711, ""GB"": 0.0627, ""DE"": 0.0762}"
2026-05-05,17,70,0.0536,2.2533,"{""IN"": 0.5364, ""US"": 0.2537, ""BR"": 0.0711, ""GB"": 0.0627, ""DE"": 0.0762}"
2026-05-05,18,51,0.0427,2.242,"{""IN"": 0.5364, ""US"": 0.2537, ""BR"": 0.0711, ""GB"": 0.0627, ""DE"": 0.0762}"
2026-05-05,19,63,0.0445,2.3063,"{""IN"": 0.5364, ""US"": 0.2537, ""BR"": 0.0711, ""GB"": 0.0627, ""DE"": 0.0762}"
2026-05-05,20,62,0.0443,2.2659,"{""IN"": 0.5364, ""US"": 0.2537, ""BR"": 0.0711, ""GB"": 0.0627, ""DE"": 0.0762}"
2026-05-05,21,43,0.034,2.276,"{""IN"": 0.5364, ""US"": 0.2537, ""BR"": 0.0711, ""GB"": 0.0627, ""DE"": 0.0762}"
2026-05-05,22,45,0.0361,2.1695,"{""IN"": 0.5364, ""US"": 0.2537, ""BR"": 0.0711, ""GB"": 0.0627, ""DE"": 0.0762}"
2026-05-05,23,38,0.0268,2.0329,"{""IN"": 0.5364, ""US"": 0.2537, ""BR"": 0.0711, ""GB"": 0.0627, ""DE"": 0.0762}"
2026-05-05,24,45,0.0344,2.3771,"{""IN"": 0.5364, ""US"": 0.2537, ""BR"": 0.0711, ""GB"": 0.0627, ""DE"": 0.0762}"
2026-05-05,25,72,0.0505,2.2855,"{""IN"": 0.5364, ""US"": 0.2537, ""BR"": 0.0711, ""GB"": 0.0627, ""DE"": 0.0762}"
2026-05-05,26,838,0.6323,2.2198,"{""IN"": 0.5364, ""US"": 0.2537, ""BR"": 0.0711, ""GB"": 0.0627, ""DE"": 0.0762}"
2026-05-05,27,69,0.0489,2.3436,"{""IN"": 0.5364, ""US"": 0.2537, ""BR"": 0.0711, ""GB"": 0.0627, ""DE"": 0.0762}"
2026-05-05,28,53,0.0399,2.3437,"{""IN"": 0.5364, ""US"": 0.2537, ""BR"": 0.0711, ""GB"": 0.0627, ""DE"": 0.0762}"
2026-05-05,29,54,0.043,2.0658,"{""IN"": 0.5364, ""US"": 0.2537, ""BR"": 0.0711, ""GB"": 0.0627, ""DE"": 0.0762}"
2026-05-05,30,93,0.0686,2.4167,"{""IN"": 0.5364, ""US"": 0.2537, ""BR"": 0.0711, ""GB"": 0.0627, ""DE"": 0.0762}"
2026-05-05,31,71,0.0527,2.4048,"{""IN"": 0.5364, ""US"": 0.2537, ""BR"": 0.0711, ""GB"": 0.0627, ""DE"": 0.0762}"
2026-05-05,32,56,0.0425,2.2864,"{""IN"": 0.5364, ""US"": 0.2537, ""BR"": 0.0711, ""GB"": 0.0627, ""DE"": 0.0762}"
2026-05-05,33,360,0.2897,2.4643,"{""IN"": 0.5364, ""US"": 0.2537, ""BR"": 0.0711, ""GB"": 0.0627, ""DE"": 0.0762}"
2026-05-05,34,252,0.0576,0.3484,"{""IN"": 0.5364, ""US"": 0.2537, ""BR"": 0.0711, ""GB"": 0.0627, ""DE"": 0.0762}"
2026-05-05,35,207,0.0453,0.3801,"{""IN"": 0.5364, ""US"": 0.2537, ""BR"": 0.0711, ""GB"": 0.0627, ""DE"": 0.0762}"
2026-05-05,36,219,0.0506,0.3673,"{""IN"": 0.5364, ""US"": 0.2537, ""BR"": 0.0711, ""GB"": 0.0627, ""DE"": 0.0762}"
2026-05-05,37,253,0.0593,0.3646,"{""IN"": 0.5364, ""US"": 0.2537, ""BR"": 0.0711, ""GB"": 0.0627, ""DE"": 0.0762}"
2026-05-05,38,515,0.1104,0.3818,"{""IN"": 0.5364, ""US"": 0.2537, ""BR"": 0.0711, ""GB"": 0.0627, ""DE"": 0.0762}"
2026-05-05,39,231,0.0523,0.368,"{""IN"": 0.5364, ""US"": 0.2537, ""BR"": 0.0711, ""GB"": 0.0627, ""DE"": 0.0762}"
2026-05-05,40,1660,0.3779,0.4013,"{""IN"": 0.5364, ""US"": 0.2537, ""BR"": 0.0711, ""GB"": 0.0627, ""DE"": 0.0762}"
2026-05-05,41,1245,0.2844,0.3738,"{""IN"": 0.5364, ""US"": 0.2537, ""BR"": 0.0711, ""GB"": 0.0627, ""DE"": 0.0762}"
2026-05-05,42,258,0.0547,0.3977,"{""IN"": 0.5364, ""US"": 0.2537, ""BR"": 0.0711, ""GB"": 0.0627, ""DE"": 0.0762}"
2026-05-05,43,195,0.0432,0.3835,"{""IN"": 0.5364, ""US"": 0.2537, ""BR"": 0.0711, ""GB"": 0.0627, ""DE"": 0.0762}"
2026-05-05,44,42,0.0906,4.3879,"{""IN"": 0.5364, ""US"": 0.2537, ""BR"": 0.0711, ""GB"": 0.0627, ""DE"": 0.0762}"
2026-05-05,45,26,0.0689,4.3966,"{""IN"": 0.5364, ""US"": 0.2537, ""BR"": 0.0711, ""GB"": 0.0627, ""DE"": 0.0762}"
2026-05-05,46,27,0.062,4.9107,"{""IN"": 0.5364, ""US"": 0.2537, ""BR"": 0.0711, ""GB"": 0.0627, ""DE"": 0.0762}"
2026-05-05,47,26,0.0583,4.7064,"{""IN"": 0.5364, ""US"": 0.2537, ""BR"": 0.0711, ""GB"": 0.0627, ""DE"": 0.0762}"
2026-05-05,48,25,0.0581,4.424,"{""IN"": 0.5364, ""US"": 0.2537, ""BR"": 0.0711, ""GB"": 0.0627, ""DE"": 0.0762}"
2026-05-05,49,26,0.0291,2.0849,"{""IN"": 0.5364, ""US"": 0.2537, ""BR"": 0.0711, ""GB"": 0.0627, ""DE"": 0.0762}"
2026-05-05,50,11,0.0124,2.1219,"{""IN"": 0.5364, ""US"": 0.2537, ""BR"": 0.0711, ""GB"": 0.0627, ""DE"": 0.0762}"
2026-05-06,1,33,0.1015,6.3066,"{""IN"": 0.4848, ""US"": 0.2367, ""BR"": 0.1194, ""GB"": 0.0393, ""DE"": 0.12}"
2026-05-06,2,15,0.04,6.3645,"{""IN"": 0.4848, ""US"": 0.2367, ""BR"": 0.1194, ""GB"": 0.0393, ""DE"": 0.12}"
2026-05-06,3,146,0.3991,6.4396,"{""IN"": 0.4848, ""US"": 0.2367, ""BR"": 0.1194, ""GB"": 0.0393, ""DE"": 0.12}"
2026-05-06,4,31,0.0927,5.8118,"{""IN"": 0.4848, ""US"": 0.2367, ""BR"": 0.1194, ""GB"": 0.0393, ""DE"": 0.12}"
2026-05-06,6,55,0.1648,6.1415,"{""IN"": 0.4848, ""US"": 0.2367, ""BR"": 0.1194, ""GB"": 0.0393, ""DE"": 0.12}"
2026-05-06,7,38,0.1146,6.0427,"{""IN"": 0.4848, ""US"": 0.2367, ""BR"": 0.1194, ""GB"": 0.0393, ""DE"": 0.12}"
2026-05-06,8,34,0.098,5.9658,"{""IN"": 0.4848, ""US"": 0.2367, ""BR"": 0.1194, ""GB"": 0.0393, ""DE"": 0.12}"
2026-05-06,9,38,0.1221,6.1477,"{""IN"": 0.4848, ""US"": 0.2367, ""BR"": 0.1194, ""GB"": 0.0393, ""DE"": 0.12}"
2026-05-06,10,28,0.0885,5.9695,"{""IN"": 0.4848, ""US"": 0.2367, ""BR"": 0.1194, ""GB"": 0.0393, ""DE"": 0.12}"
2026-05-06,11,46,0.1378,5.9283,"{""IN"": 0.4848, ""US"": 0.2367, ""BR"": 0.1194, ""GB"": 0.0393, ""DE"": 0.12}"
2026-05-06,12,34,0.0975,6.5009,"{""IN"": 0.4848, ""US"": 0.2367, ""BR"": 0.1194, ""GB"": 0.0393, ""DE"": 0.12}"
2026-05-06,13,36,0.1166,6.022,"{""IN"": 0.4848, ""US"": 0.2367, ""BR"": 0.1194, ""GB"": 0.0393, ""DE"": 0.12}"
2026-05-06,15,37,0.1128,6.0087,"{""IN"": 0.4848, ""US"": 0.2367, ""BR"": 0.1194, ""GB"": 0.0393, ""DE"": 0.12}"
2026-05-06,16,54,0.043,2.5411,"{""IN"": 0.4848, ""US"": 0.2367, ""BR"": 0.1194, ""GB"": 0.0393, ""DE"": 0.12}"
2026-05-06,17,69,0.0512,2.277,"{""IN"": 0.4848, ""US"": 0.2367, ""BR"": 0.1194, ""GB"": 0.0393, ""DE"": 0.12}"
2026-05-06,18,57,0.042,2.2872,"{""IN"": 0.4848, ""US"": 0.2367, ""BR"": 0.1194, ""GB"": 0.0393, ""DE"": 0.12}"
2026-05-06,19,50,0.0388,2.1315,"{""IN"": 0.4848, ""US"": 0.2367, ""BR"": 0.1194, ""GB"": 0.0393, ""DE"": 0.12}"
2026-05-06,20,66,0.0518,2.3731,"{""IN"": 0.4848, ""US"": 0.2367, ""BR"": 0.1194, ""GB"": 0.0393, ""DE"": 0.12}"
2026-05-06,21,61,0.0439,2.3956,"{""IN"": 0.4848, ""US"": 0.2367, ""BR"": 0.1194, ""GB"": 0.0393, ""DE"": 0.12}"
2026-05-06,22,60,0.0477,2.2862,"{""IN"": 0.4848, ""US"": 0.2367, ""BR"": 0.1194, ""GB"": 0.0393, ""DE"": 0.12}"
2026-05-06,23,53,0.0387,2.2528,"{""IN"": 0.4848, ""US"": 0.2367, ""BR"": 0.1194, ""GB"": 0.0393, ""DE"": 0.12}"
2026-05-06,24,48,0.0375,2.2913,"{""IN"": 0.4848, ""US"": 0.2367, ""BR"": 0.1194, ""GB"": 0.0393, ""DE"": 0.12}"
2026-05-06,25,70,0.0575,2.2811,"{""IN"": 0.4848, ""US"": 0.2367, ""BR"": 0.1194, ""GB"": 0.0393, ""DE"": 0.12}"
2026-05-06,26,804,0.6246,2.2979,"{""IN"": 0.4848, ""US"": 0.2367, ""BR"": 0.1194, ""GB"": 0.0393, ""DE"": 0.12}"
2026-05-06,27,62,0.0474,2.1775,"{""IN"": 0.4848, ""US"": 0.2367, ""BR"": 0.1194, ""GB"": 0.0393, ""DE"": 0.12}"
2026-05-06,28,77,0.0564,2.2945,"{""IN"": 0.4848, ""US"": 0.2367, ""BR"": 0.1194, ""GB"": 0.0393, ""DE"": 0.12}"
2026-05-06,29,59,0.0421,2.3072,"{""IN"": 0.4848, ""US"": 0.2367, ""BR"": 0.1194, ""GB"": 0.0393, ""DE"": 0.12}"
2026-05-06,30,72,0.0534,2.3273,"{""IN"": 0.4848, ""US"": 0.2367, ""BR"": 0.1194, ""GB"": 0.0393, ""DE"": 0.12}"
2026-05-06,31,72,0.0534,2.0839,"{""IN"": 0.4848, ""US"": 0.2367, ""BR"": 0.1194, ""GB"": 0.0393, ""DE"": 0.12}"
2026-05-06,32,37,0.0267,2.3711,"{""IN"": 0.4848, ""US"": 0.2367, ""BR"": 0.1194, ""GB"": 0.0393, ""DE"": 0.12}"
2026-05-06,33,282,0.2153,2.1287,"{""IN"": 0.4848, ""US"": 0.2367, ""BR"": 0.1194, ""GB"": 0.0393, ""DE"": 0.12}"
2026-05-06,34,258,0.0609,0.379,"{""IN"": 0.4848, ""US"": 0.2367, ""BR"": 0.1194, ""GB"": 0.0393, ""DE"": 0.12}"
2026-05-06,35,257,0.0548,0.3851,"{""IN"": 0.4848, ""US"": 0.2367, ""BR"": 0.1194, ""GB"": 0.0393, ""DE"": 0.12}"
2026-05-06,36,353,0.0778,0.4318,"{""IN"": 0.4848, ""US"": 0.2367, ""BR"": 0.1194, ""GB"": 0.0393, ""DE"": 0.12}"
2026-05-06,37,193,0.0428,0.3866,"{""IN"": 0.4848, ""US"": 0.2367, ""BR"": 0.1194, ""GB"": 0.0393, ""DE"": 0.12}"
2026-05-06,38,362,0.0797,0.3885,"{""IN"": 0.4848, ""US"": 0.2367, ""BR"": 0.1194, ""GB"": 0.0393, ""DE"": 0.12}"
2026-05-06,39,275,0.0634,0.3607,"{""IN"": 0.4848, ""US"": 0.2367, ""BR"": 0.1194, ""GB"": 0.0393, ""DE"": 0.12}"
2026-05-06,40,2148,0.4828,0.3802,"{""IN"": 0.4848, ""US"": 0.2367, ""BR"": 0.1194, ""GB"": 0.0393, ""DE"": 0.12}"
2026-05-06,41,647,0.1426,0.397,"{""IN"": 0.4848, ""US"": 0.2367, ""BR"": 0.1194, ""GB"": 0.0393, ""DE"": 0.12}"
2026-05-06,42,298,0.0722,0.3916,"{""IN"": 0.4848, ""US"": 0.2367, ""BR"": 0.1194, ""GB"": 0.0393, ""DE"": 0.12}"
2026-05-06,43,197,0.0426,0.4063,"{""IN"": 0.4848, ""US"": 0.2367, ""BR"": 0.1194, ""GB"": 0.0393, ""DE"": 0.12}"
2026-05-06,44,37,0.0844,4.4019,"{""IN"": 0.4848, ""US"": 0.2367, ""BR"": 0.1194, ""GB"": 0.0393, ""DE"": 0.12}"
2026-05-06,45,36,0.0834,4.9172,"{""IN"": 0.4848, ""US"": 0.2367, ""BR"": 0.1194, ""GB"": 0.0393, ""DE"": 0.12}"
2026-05-06,46,27,0.0621,4.538,"{""IN"": 0.4848, ""US"": 0.2367, ""BR"": 0.1194, ""GB"": 0.0393, ""DE"": 0.12}"
2026-05-06,47,31,0.0691,4.5169,"{""IN"": 0.4848, ""US"": 0.2367, ""BR"": 0.1194, ""GB"": 0.0393, ""DE"": 0.12}"
2026-05-06,48,31,0.0715,4.5752,"{""IN"": 0.4848, ""US"": 0.2367, ""BR"": 0.1194, ""GB"": 0.0393, ""DE"": 0.12}"
2026-05-06,49,11,0.0133,2.3517,"{""IN"": 0.4848, ""US"": 0.2367, ""BR"": 0.1194, ""GB"": 0.0393, ""DE"": 0.12}"
2026-05-06,50,32,0.0336,2.1243,"{""IN"": 0.4848, ""US"": 0.2367, ""BR"": 0.1194, ""GB"": 0.0393, ""DE"": 0.12}"
2026-05-07,1,36,0.1174,5.8332,"{""IN"": 0.4704, ""US"": 0.2515, ""BR"": 0.0911, ""GB"": 0.0733, ""DE"": 0.1137}"
2026-05-07,2,30,0.1008,6.3866,"{""IN"": 0.4704, ""US"": 0.2515, ""BR"": 0.0911, ""GB"": 0.0733, ""DE"": 0.1137}"
2026-05-07,3,120,0.348,6.4509,"{""IN"": 0.4704, ""US"": 0.2515, ""BR"": 0.0911, ""GB"": 0.0733, ""DE"": 0.1137}"
2026-05-07,4,33,0.1137,6.6388,"{""IN"": 0.4704, ""US"": 0.2515, ""BR"": 0.0911, ""GB"": 0.0733, ""DE"": 0.1137}"
2026-05-07,6,44,0.1409,6.1516,"{""IN"": 0.4704, ""US"": 0.2515, ""BR"": 0.0911, ""GB"": 0.0733, ""DE"": 0.1137}"
2026-05-07,7,29,0.1051,6.5861,"{""IN"": 0.4704, ""US"": 0.2515, ""BR"": 0.0911, ""GB"": 0.0733, ""DE"": 0.1137}"
2026-05-07,8,34,0.0985,6.6921,"{""IN"": 0.4704, ""US"": 0.2515, ""BR"": 0.0911, ""GB"": 0.0733, ""DE"": 0.1137}"
2026-05-07,9,39,0.1191,6.2234,"{""IN"": 0.4704, ""US"": 0.2515, ""BR"": 0.0911, ""GB"": 0.0733, ""DE"": 0.1137}"
2026-05-07,10,46,0.1482,6.6735,"{""IN"": 0.4704, ""US"": 0.2515, ""BR"": 0.0911, ""GB"": 0.0733, ""DE"": 0.1137}"
2026-05-07,11,40,0.1273,6.5513,"{""IN"": 0.4704, ""US"": 0.2515, ""BR"": 0.0911, ""GB"": 0.0733, ""DE"": 0.1137}"
2026-05-07,12,49,0.1511,6.3025,"{""IN"": 0.4704, ""US"": 0.2515, ""BR"": 0.0911, ""GB"": 0.0733, ""DE"": 0.1137}"
2026-05-07,13,40,0.127,6.3578,"{""IN"": 0.4704, ""US"": 0.2515, ""BR"": 0.0911, ""GB"": 0.0733, ""DE"": 0.1137}"
2026-05-07,15,38,0.1252,5.651,"{""IN"": 0.4704, ""US"": 0.2515, ""BR"": 0.0911, ""GB"": 0.0733, ""DE"": 0.1137}"
2026-05-07,16,42,0.0344,2.5602,"{""IN"": 0.4704, ""US"": 0.2515, ""BR"": 0.0911, ""GB"": 0.0733, ""DE"": 0.1137}"
2026-05-07,17,64,0.0511,2.5961,"{""IN"": 0.4704, ""US"": 0.2515, ""BR"": 0.0911, ""GB"": 0.0733, ""DE"": 0.1137}"
2026-05-07,18,45,0.0355,2.444,"{""IN"": 0.4704, ""US"": 0.2515, ""BR"": 0.0911, ""GB"": 0.0733, ""DE"": 0.1137}"
2026-05-07,19,71,0.0598,2.4557,"{""IN"": 0.4704, ""US"": 0.2515, ""BR"": 0.0911, ""GB"": 0.0733, ""DE"": 0.1137}"
2026-05-07,20,52,0.0421,2.2385,"{""IN"": 0.4704, ""US"": 0.2515, ""BR"": 0.0911, ""GB"": 0.0733, ""DE"": 0.1137}"
2026-05-07,21,45,0.0375,2.3967,"{""IN"": 0.4704, ""US"": 0.2515, ""BR"": 0.0911, ""GB"": 0.0733, ""DE"": 0.1137}"
2026-05-07,22,48,0.0394,2.498,"{""IN"": 0.4704, ""US"": 0.2515, ""BR"": 0.0911, ""GB"": 0.0733, ""DE"": 0.1137}"
2026-05-07,23,63,0.0535,2.3379,"{""IN"": 0.4704, ""US"": 0.2515, ""BR"": 0.0911, ""GB"": 0.0733, ""DE"": 0.1137}"
2026-05-07,24,65,0.053,2.5522,"{""IN"": 0.4704, ""US"": 0.2515, ""BR"": 0.0911, ""GB"": 0.0733, ""DE"": 0.1137}"
2026-05-07,25,40,0.0318,2.2535,"{""IN"": 0.4704, ""US"": 0.2515, ""BR"": 0.0911, ""GB"": 0.0733, ""DE"": 0.1137}"
2026-05-07,26,738,0.625,2.4375,"{""IN"": 0.4704, ""US"": 0.2515, ""BR"": 0.0911, ""GB"": 0.0733, ""DE"": 0.1137}"
2026-05-07,27,51,0.0429,2.5725,"{""IN"": 0.4704, ""US"": 0.2515, ""BR"": 0.0911, ""GB"": 0.0733, ""DE"": 0.1137}"
2026-05-07,28,54,0.0401,2.3134,"{""IN"": 0.4704, ""US"": 0.2515, ""BR"": 0.0911, ""GB"": 0.0733, ""DE"": 0.1137}"
2026-05-07,29,47,0.0365,2.3839,"{""IN"": 0.4704, ""US"": 0.2515, ""BR"": 0.0911, ""GB"": 0.0733, ""DE"": 0.1137}"
2026-05-07,30,67,0.0557,2.4511,"{""IN"": 0.4704, ""US"": 0.2515, ""BR"": 0.0911, ""GB"": 0.0733, ""DE"": 0.1137}"
2026-05-07,31,87,0.0651,2.5489,"{""IN"": 0.4704, ""US"": 0.2515, ""BR"": 0.0911, ""GB"": 0.0733, ""DE"": 0.1137}"
2026-05-07,32,48,0.0391,2.6446,"{""IN"": 0.4704, ""US"": 0.2515, ""BR"": 0.0911, ""GB"": 0.0733, ""DE"": 0.1137}"
2026-05-07,33,394,0.3415,2.4656,"{""IN"": 0.4704, ""US"": 0.2515, ""BR"": 0.0911, ""GB"": 0.0733, ""DE"": 0.1137}"
2026-05-07,34,294,0.0699,0.4344,"{""IN"": 0.4704, ""US"": 0.2515, ""BR"": 0.0911, ""GB"": 0.0733, ""DE"": 0.1137}"
2026-05-07,35,251,0.0651,0.4045,"{""IN"": 0.4704, ""US"": 0.2515, ""BR"": 0.0911, ""GB"": 0.0733, ""DE"": 0.1137}"
2026-05-07,36,303,0.0735,0.4129,"{""IN"": 0.4704, ""US"": 0.2515, ""BR"": 0.0911, ""GB"": 0.0733, ""DE"": 0.1137}"
2026-05-07,37,199,0.0501,0.4084,"{""IN"": 0.4704, ""US"": 0.2515, ""BR"": 0.0911, ""GB"": 0.0733, ""DE"": 0.1137}"
2026-05-07,38,500,0.1209,0.3863,"{""IN"": 0.4704, ""US"": 0.2515, ""BR"": 0.0911, ""GB"": 0.0733, ""DE"": 0.1137}"
2026-05-07,39,243,0.0636,0.4128,"{""IN"": 0.4704, ""US"": 0.2515, ""BR"": 0.0911, ""GB"": 0.0733, ""DE"": 0.1137}"
2026-05-07,40,1213,0.2881,0.4021,"{""IN"": 0.4704, ""US"": 0.2515, ""BR"": 0.0911, ""GB"": 0.0733, ""DE"": 0.1137}"
2026-05-07,41,893,0.2372,0.4285,"{""IN"": 0.4704, ""US"": 0.2515, ""BR"": 0.0911, ""GB"": 0.0733, ""DE"": 0.1137}"
2026-05-07,42,295,0.0768,0.3744,"{""IN"": 0.4704, ""US"": 0.2515, ""BR"": 0.0911, ""GB"": 0.0733, ""DE"": 0.1137}"
2026-05-07,43,216,0.0483,0.417,"{""IN"": 0.4704, ""US"": 0.2515, ""BR"": 0.0911, ""GB"": 0.0733, ""DE"": 0.1137}"
2026-05-07,44,36,0.0907,4.4853,"{""IN"": 0.4704, ""US"": 0.2515, ""BR"": 0.0911, ""GB"": 0.0733, ""DE"": 0.1137}"
2026-05-07,45,39,0.0878,4.7358,"{""IN"": 0.4704, ""US"": 0.2515, ""BR"": 0.0911, ""GB"": 0.0733, ""DE"": 0.1137}"
2026-05-07,46,26,0.0592,4.8564,"{""IN"": 0.4704, ""US"": 0.2515, ""BR"": 0.0911, ""GB"": 0.0733, ""DE"": 0.1137}"
2026-05-07,47,31,0.0779,5.5936,"{""IN"": 0.4704, ""US"": 0.2515, ""BR"": 0.0911, ""GB"": 0.0733, ""DE"": 0.1137}"
2026-05-07,48,29,0.0761,4.8523,"{""IN"": 0.4704, ""US"": 0.2515, ""BR"": 0.0911, ""GB"": 0.0733, ""DE"": 0.1137}"
2026-05-07,49,20,0.0234,2.1415,"{""IN"": 0.4704, ""US"": 0.2515, ""BR"": 0.0911, ""GB"": 0.0733, ""DE"": 0.1137}"
2026-05-07,50,19,0.0235,2.588,"{""IN"": 0.4704, ""US"": 0.2515, ""BR"": 0.0911, ""GB"": 0.0733, ""DE"": 0.1137}"
2026-05-08,1,47,0.1534,6.2514,"{""IN"": 0.4876, ""US"": 0.2395, ""BR"": 0.0997, ""GB"": 0.0516, ""DE"": 0.1216}"
2026-05-08,2,35,0.1115,6.0599,"{""IN"": 0.4876, ""US"": 0.2395, ""BR"": 0.0997, ""GB"": 0.0516, ""DE"": 0.1216}"
2026-05-08,3,122,0.3709,6.4547,"{""IN"": 0.4876, ""US"": 0.2395, ""BR"": 0.0997, ""GB"": 0.0516, ""DE"": 0.1216}"
2026-05-08,4,39,0.1212,6.1759,"{""IN"": 0.4876, ""US"": 0.2395, ""BR"": 0.0997, ""GB"": 0.0516, ""DE"": 0.1216}"
2026-05-08,6,28,0.0901,6.0608,"{""IN"": 0.4876, ""US"": 0.2395, ""BR"": 0.0997, ""GB"": 0.0516, ""DE"": 0.1216}"
2026-05-08,7,28,0.0897,5.7467,"{""IN"": 0.4876, ""US"": 0.2395, ""BR"": 0.0997, ""GB"": 0.0516, ""DE"": 0.1216}"
2026-05-08,8,37,0.1022,6.2701,"{""IN"": 0.4876, ""US"": 0.2395, ""BR"": 0.0997, ""GB"": 0.0516, ""DE"": 0.1216}"
2026-05-08,9,27,0.0783,6.2439,"{""IN"": 0.4876, ""US"": 0.2395, ""BR"": 0.0997, ""GB"": 0.0516, ""DE"": 0.1216}"
2026-05-08,10,39,0.1226,6.1676,"{""IN"": 0.4876, ""US"": 0.2395, ""BR"": 0.0997, ""GB"": 0.0516, ""DE"": 0.1216}"
2026-05-08,11,29,0.0967,6.1021,"{""IN"": 0.4876, ""US"": 0.2395, ""BR"": 0.0997, ""GB"": 0.0516, ""DE"": 0.1216}"
2026-05-08,12,49,0.1323,5.9131,"{""IN"": 0.4876, ""US"": 0.2395, ""BR"": 0.0997, ""GB"": 0.0516, ""DE"": 0.1216}"
2026-05-08,13,28,0.0771,6.0401,"{""IN"": 0.4876, ""US"": 0.2395, ""BR"": 0.0997, ""GB"": 0.0516, ""DE"": 0.1216}"
2026-05-08,15,35,0.1118,6.5789,"{""IN"": 0.4876, ""US"": 0.2395, ""BR"": 0.0997, ""GB"": 0.0516, ""DE"": 0.1216}"
2026-05-08,16,43,0.0327,2.4327,"{""IN"": 0.4876, ""US"": 0.2395, ""BR"": 0.0997, ""GB"": 0.0516, ""DE"": 0.1216}"
2026-05-08,17,71,0.0583,2.2872,"{""IN"": 0.4876, ""US"": 0.2395, ""BR"": 0.0997, ""GB"": 0.0516, ""DE"": 0.1216}"
2026-05-08,18,70,0.0576,2.4641,"{""IN"": 0.4876, ""US"": 0.2395, ""BR"": 0.0997, ""GB"": 0.0516, ""DE"": 0.1216}"
2026-05-08,19,46,0.0353,2.4117,"{""IN"": 0.4876, ""US"": 0.2395, ""BR"": 0.0997, ""GB"": 0.0516, ""DE"": 0.1216}"
2026-05-08,20,53,0.0402,2.3382,"{""IN"": 0.4876, ""US"": 0.2395, ""BR"": 0.0997, ""GB"": 0.0516, ""DE"": 0.1216}"
2026-05-08,21,52,0.0408,2.243,"{""IN"": 0.4876, ""US"": 0.2395, ""BR"": 0.0997, ""GB"": 0.0516, ""DE"": 0.1216}"
2026-05-08,22,61,0.0483,2.2712,"{""IN"": 0.4876, ""US"": 0.2395, ""BR"": 0.0997, ""GB"": 0.0516, ""DE"": 0.1216}"
2026-05-08,23,44,0.0362,2.6117,"{""IN"": 0.4876, ""US"": 0.2395, ""BR"": 0.0997, ""GB"": 0.0516, ""DE"": 0.1216}"
2026-05-08,24,50,0.0384,2.4173,"{""IN"": 0.4876, ""US"": 0.2395, ""BR"": 0.0997, ""GB"": 0.0516, ""DE"": 0.1216}"
2026-05-08,25,62,0.0457,2.5317,"{""IN"": 0.4876, ""US"": 0.2395, ""BR"": 0.0997, ""GB"": 0.0516, ""DE"": 0.1216}"
2026-05-08,26,532,0.4278,2.3434,"{""IN"": 0.4876, ""US"": 0.2395, ""BR"": 0.0997, ""GB"": 0.0516, ""DE"": 0.1216}"
2026-05-08,27,72,0.0566,2.3926,"{""IN"": 0.4876, ""US"": 0.2395, ""BR"": 0.0997, ""GB"": 0.0516, ""DE"": 0.1216}"
2026-05-08,28,58,0.0442,2.4728,"{""IN"": 0.4876, ""US"": 0.2395, ""BR"": 0.0997, ""GB"": 0.0516, ""DE"": 0.1216}"
2026-05-08,29,68,0.0524,2.3438,"{""IN"": 0.4876, ""US"": 0.2395, ""BR"": 0.0997, ""GB"": 0.0516, ""DE"": 0.1216}"
2026-05-08,30,51,0.0428,2.2528,"{""IN"": 0.4876, ""US"": 0.2395, ""BR"": 0.0997, ""GB"": 0.0516, ""DE"": 0.1216}"
2026-05-08,31,77,0.0616,2.1567,"{""IN"": 0.4876, ""US"": 0.2395, ""BR"": 0.0997, ""GB"": 0.0516, ""DE"": 0.1216}"
2026-05-08,32,68,0.0559,2.1755,"{""IN"": 0.4876, ""US"": 0.2395, ""BR"": 0.0997, ""GB"": 0.0516, ""DE"": 0.1216}"
2026-05-08,33,388,0.3144,2.4464,"{""IN"": 0.4876, ""US"": 0.2395, ""BR"": 0.0997, ""GB"": 0.0516, ""DE"": 0.1216}"
2026-05-08,34,283,0.0694,0.3908,"{""IN"": 0.4876, ""US"": 0.2395, ""BR"": 0.0997, ""GB"": 0.0516, ""DE"": 0.1216}"
2026-05-08,35,231,0.0542,0.4279,"{""IN"": 0.4876, ""US"": 0.2395, ""BR"": 0.0997, ""GB"": 0.0516, ""DE"": 0.1216}"
2026-05-08,36,294,0.0635,0.3724,"{""IN"": 0.4876, ""US"": 0.2395, ""BR"": 0.0997, ""GB"": 0.0516, ""DE"": 0.1216}"
2026-05-08,37,253,0.0559,0.3999,"{""IN"": 0.4876, ""US"": 0.2395, ""BR"": 0.0997, ""GB"": 0.0516, ""DE"": 0.1216}"
2026-05-08,38,428,0.0971,0.3786,"{""IN"": 0.4876, ""US"": 0.2395, ""BR"": 0.0997, ""GB"": 0.0516, ""DE"": 0.1216}"
2026-05-08,39,271,0.0599,0.384,"{""IN"": 0.4876, ""US"": 0.2395, ""BR"": 0.0997, ""GB"": 0.0516, ""DE"": 0.1216}"
2026-05-08,40,1329,0.324,0.376,"{""IN"": 0.4876, ""US"": 0.2395, ""BR"": 0.0997, ""GB"": 0.0516, ""DE"": 0.1216}"
2026-05-08,41,773,0.1606,0.3434,"{""IN"": 0.4876, ""US"": 0.2395, ""BR"": 0.0997, ""GB"": 0.0516, ""DE"": 0.1216}"
2026-05-08,42,211,0.0498,0.4028,"{""IN"": 0.4876, ""US"": 0.2395, ""BR"": 0.0997, ""GB"": 0.0516, ""DE"": 0.1216}"
2026-05-08,43,290,0.0633,0.3792,"{""IN"": 0.4876, ""US"": 0.2395, ""BR"": 0.0997, ""GB"": 0.0516, ""DE"": 0.1216}"
2026-05-08,44,45,0.0972,4.8438,"{""IN"": 0.4876, ""US"": 0.2395, ""BR"": 0.0997, ""GB"": 0.0516, ""DE"": 0.1216}"
2026-05-08,45,34,0.0838,4.9194,"{""IN"": 0.4876, ""US"": 0.2395, ""BR"": 0.0997, ""GB"": 0.0516, ""DE"": 0.1216}"
2026-05-08,46,26,0.0624,4.1553,"{""IN"": 0.4876, ""US"": 0.2395, ""BR"": 0.0997, ""GB"": 0.0516, ""DE"": 0.1216}"
2026-05-08,47,31,0.0694,4.3291,"{""IN"": 0.4876, ""US"": 0.2395, ""BR"": 0.0997, ""GB"": 0.0516, ""DE"": 0.1216}"
2026-05-08,48,33,0.0777,4.7677,"{""IN"": 0.4876, ""US"": 0.2395, ""BR"": 0.0997, ""GB"": 0.0516, ""DE"": 0.1216}"
2026-05-08,49,27,0.0318,2.4123,"{""IN"": 0.4876, ""US"": 0.2395, ""BR"": 0.0997, ""GB"": 0.0516, ""DE"": 0.1216}"
2026-05-08,50,12,0.015,2.3003,"{""IN"": 0.4876, ""US"": 0.2395, ""BR"": 0.0997, ""GB"": 0.0516, ""DE"": 0.1216}"
2026-05-09,1,22,0.0671,5.8481,"{""IN"": 0.5111, ""US"": 0.2576, ""BR"": 0.0723, ""GB"": 0.0575, ""DE"": 0.1014}"
2026-05-09,2,41,0.1345,5.9881,"{""IN"": 0.5111, ""US"": 0.2576, ""BR"": 0.0723, ""GB"": 0.0575, ""DE"": 0.1014}"
2026-05-09,3,60,0.1958,6.4956,"{""IN"": 0.5111, ""US"": 0.2576, ""BR"": 0.0723, ""GB"": 0.0575, ""DE"": 0.1014}"
2026-05-09,4,21,0.0629,5.7541,"{""IN"": 0.5111, ""US"": 0.2576, ""BR"": 0.0723, ""GB"": 0.0575, ""DE"": 0.1014}"
2026-05-09,6,30,0.0941,5.9773,"{""IN"": 0.5111, ""US"": 0.2576, ""BR"": 0.0723, ""GB"": 0.0575, ""DE"": 0.1014}"
2026-05-09,7,29,0.0821,6.554,"{""IN"": 0.5111, ""US"": 0.2576, ""BR"": 0.0723, ""GB"": 0.0575, ""DE"": 0.1014}"
2026-05-09,8,29,0.0909,6.7647,"{""IN"": 0.5111, ""US"": 0.2576, ""BR"": 0.0723, ""GB"": 0.0575, ""DE"": 0.1014}"
2026-05-09,9,33,0.0968,6.3535,"{""IN"": 0.5111, ""US"": 0.2576, ""BR"": 0.0723, ""GB"": 0.0575, ""DE"": 0.1014}"
2026-05-09,10,38,0.1248,6.6742,"{""IN"": 0.5111, ""US"": 0.2576, ""BR"": 0.0723, ""GB"": 0.0575, ""DE"": 0.1014}"
2026-05-09,11,38,0.1252,6.2045,"{""IN"": 0.5111, ""US"": 0.2576, ""BR"": 0.0723, ""GB"": 0.0575, ""DE"": 0.1014}"
2026-05-09,12,41,0.1322,6.3151,"{""IN"": 0.5111, ""US"": 0.2576, ""BR"": 0.0723, ""GB"": 0.0575, ""DE"": 0.1014}"
2026-05-09,13,42,0.1369,6.7432,"{""IN"": 0.5111, ""US"": 0.2576, ""BR"": 0.0723, ""GB"": 0.0575, ""DE"": 0.1014}"
2026-05-09,15,32,0.0982,6.9372,"{""IN"": 0.5111, ""US"": 0.2576, ""BR"": 0.0723, ""GB"": 0.0575, ""DE"": 0.1014}"
2026-05-09,16,60,0.0472,2.5135,"{""IN"": 0.5111, ""US"": 0.2576, ""BR"": 0.0723, ""GB"": 0.0575, ""DE"": 0.1014}"
2026-05-09,17,58,0.0452,2.5035,"{""IN"": 0.5111, ""US"": 0.2576, ""BR"": 0.0723, ""GB"": 0.0575, ""DE"": 0.1014}"
2026-05-09,18,32,0.0239,2.2097,"{""IN"": 0.5111, ""US"": 0.2576, ""BR"": 0.0723, ""GB"": 0.0575, ""DE"": 0.1014}"
2026-05-09,19,50,0.0387,2.2276,"{""IN"": 0.5111, ""US"": 0.2576, ""BR"": 0.0723, ""GB"": 0.0575, ""DE"": 0.1014}"
2026-05-09,20,53,0.0416,2.3511,"{""IN"": 0.5111, ""US"": 0.2576, ""BR"": 0.0723, ""GB"": 0.0575, ""DE"": 0.1014}"
2026-05-09,21,58,0.0472,2.2756,"{""IN"": 0.5111, ""US"": 0.2576, ""BR"": 0.0723, ""GB"": 0.0575, ""DE"": 0.1014}"
2026-05-09,22,39,0.0343,2.3233,"{""IN"": 0.5111, ""US"": 0.2576, ""BR"": 0.0723, ""GB"": 0.0575, ""DE"": 0.1014}"
2026-05-09,23,50,0.0379,2.209,"{""IN"": 0.5111, ""US"": 0.2576, ""BR"": 0.0723, ""GB"": 0.0575, ""DE"": 0.1014}"
2026-05-09,24,38,0.0288,2.3516,"{""IN"": 0.5111, ""US"": 0.2576, ""BR"": 0.0723, ""GB"": 0.0575, ""DE"": 0.1014}"
2026-05-09,25,54,0.0369,2.3316,"{""IN"": 0.5111, ""US"": 0.2576, ""BR"": 0.0723, ""GB"": 0.0575, ""DE"": 0.1014}"
2026-05-09,26,659,0.4957,2.3049,"{""IN"": 0.5111, ""US"": 0.2576, ""BR"": 0.0723, ""GB"": 0.0575, ""DE"": 0.1014}"
2026-05-09,27,45,0.0338,2.3291,"{""IN"": 0.5111, ""US"": 0.2576, ""BR"": 0.0723, ""GB"": 0.0575, ""DE"": 0.1014}"
2026-05-09,28,40,0.0321,2.312,"{""IN"": 0.5111, ""US"": 0.2576, ""BR"": 0.0723, ""GB"": 0.0575, ""DE"": 0.1014}"
2026-05-09,29,72,0.0558,2.0708,"{""IN"": 0.5111, ""US"": 0.2576, ""BR"": 0.0723, ""GB"": 0.0575, ""DE"": 0.1014}"
2026-05-09,30,57,0.0443,2.3651,"{""IN"": 0.5111, ""US"": 0.2576, ""BR"": 0.0723, ""GB"": 0.0575, ""DE"": 0.1014}"
2026-05-09,31,59,0.0491,2.2959,"{""IN"": 0.5111, ""US"": 0.2576, ""BR"": 0.0723, ""GB"": 0.0575, ""DE"": 0.1014}"
2026-05-09,32,68,0.0498,2.311,"{""IN"": 0.5111, ""US"": 0.2576, ""BR"": 0.0723, ""GB"": 0.0575, ""DE"": 0.1014}"
2026-05-09,33,305,0.2228,2.5127,"{""IN"": 0.5111, ""US"": 0.2576, ""BR"": 0.0723, ""GB"": 0.0575, ""DE"": 0.1014}"
2026-05-09,34,209,0.0513,0.412,"{""IN"": 0.5111, ""US"": 0.2576, ""BR"": 0.0723, ""GB"": 0.0575, ""DE"": 0.1014}"
2026-05-09,35,167,0.039,0.3889,"{""IN"": 0.5111, ""US"": 0.2576, ""BR"": 0.0723, ""GB"": 0.0575, ""DE"": 0.1014}"
2026-05-09,36,256,0.0645,0.4034,"{""IN"": 0.5111, ""US"": 0.2576, ""BR"": 0.0723, ""GB"": 0.0575, ""DE"": 0.1014}"
2026-05-09,37,249,0.058,0.3915,"{""IN"": 0.5111, ""US"": 0.2576, ""BR"": 0.0723, ""GB"": 0.0575, ""DE"": 0.1014}"
2026-05-09,38,152,0.0379,0.3837,"{""IN"": 0.5111, ""US"": 0.2576, ""BR"": 0.0723, ""GB"": 0.0575, ""DE"": 0.1014}"
2026-05-09,39,210,0.0493,0.4082,"{""IN"": 0.5111, ""US"": 0.2576, ""BR"": 0.0723, ""GB"": 0.0575, ""DE"": 0.1014}"
2026-05-09,40,1005,0.2313,0.4147,"{""IN"": 0.5111, ""US"": 0.2576, ""BR"": 0.0723, ""GB"": 0.0575, ""DE"": 0.1014}"
2026-05-09,41,551,0.1336,0.4057,"{""IN"": 0.5111, ""US"": 0.2576, ""BR"": 0.0723, ""GB"": 0.0575, ""DE"": 0.1014}"
2026-05-09,42,239,0.0548,0.3663,"{""IN"": 0.5111, ""US"": 0.2576, ""BR"": 0.0723, ""GB"": 0.0575, ""DE"": 0.1014}"
2026-05-09,43,213,0.0513,0.3546,"{""IN"": 0.5111, ""US"": 0.2576, ""BR"": 0.0723, ""GB"": 0.0575, ""DE"": 0.1014}"
2026-05-09,44,21,0.0518,4.7776,"{""IN"": 0.5111, ""US"": 0.2576, ""BR"": 0.0723, ""GB"": 0.0575, ""DE"": 0.1014}"
2026-05-09,45,29,0.0715,4.8501,"{""IN"": 0.5111, ""US"": 0.2576, ""BR"": 0.0723, ""GB"": 0.0575, ""DE"": 0.1014}"
2026-05-09,46,37,0.0894,4.8727,"{""IN"": 0.5111, ""US"": 0.2576, ""BR"": 0.0723, ""GB"": 0.0575, ""DE"": 0.1014}"
2026-05-09,47,40,0.0849,4.3922,"{""IN"": 0.5111, ""US"": 0.2576, ""BR"": 0.0723, ""GB"": 0.0575, ""DE"": 0.1014}"
2026-05-09,48,16,0.0384,4.5702,"{""IN"": 0.5111, ""US"": 0.2576, ""BR"": 0.0723, ""GB"": 0.0575, ""DE"": 0.1014}"
2026-05-09,49,16,0.019,2.2813,"{""IN"": 0.5111, ""US"": 0.2576, ""BR"": 0.0723, ""GB"": 0.0575, ""DE"": 0.1014}"
2026-05-09,50,11,0.0124,2.3292,"{""IN"": 0.5111, ""US"": 0.2576, ""BR"": 0.0723, ""GB"": 0.0575, ""DE"": 0.1014}"
2026-05-10,1,38,0.1037,6.2059,"{""IN"": 0.4792, ""US"": 0.2337, ""BR"": 0.1143, ""GB"": 0.049, ""DE"": 0.1238}"
2026-05-10,2,51,0.16,6.4357,"{""IN"": 0.4792, ""US"": 0.2337, ""BR"": 0.1143, ""GB"": 0.049, ""DE"": 0.1238}"
2026-05-10,3,87,0.2505,5.8597,"{""IN"": 0.4792, ""US"": 0.2337, ""BR"": 0.1143, ""GB"": 0.049, ""DE"": 0.1238}"
2026-05-10,4,37,0.108,5.9814,"{""IN"": 0.4792, ""US"": 0.2337, ""BR"": 0.1143, ""GB"": 0.049, ""DE"": 0.1238}"
2026-05-10,6,33,0.1074,5.8687,"{""IN"": 0.4792, ""US"": 0.2337, ""BR"": 0.1143, ""GB"": 0.049, ""DE"": 0.1238}"
2026-05-10,7,36,0.112,5.7985,"{""IN"": 0.4792, ""US"": 0.2337, ""BR"": 0.1143, ""GB"": 0.049, ""DE"": 0.1238}"
2026-05-10,8,28,0.0936,6.3054,"{""IN"": 0.4792, ""US"": 0.2337, ""BR"": 0.1143, ""GB"": 0.049, ""DE"": 0.1238}"
2026-05-10,9,25,0.0735,6.7585,"{""IN"": 0.4792, ""US"": 0.2337, ""BR"": 0.1143, ""GB"": 0.049, ""DE"": 0.1238}"
2026-05-10,10,25,0.0794,6.2032,"{""IN"": 0.4792, ""US"": 0.2337, ""BR"": 0.1143, ""GB"": 0.049, ""DE"": 0.1238}"
2026-05-10,11,24,0.0689,6.0652,"{""IN"": 0.4792, ""US"": 0.2337, ""BR"": 0.1143, ""GB"": 0.049, ""DE"": 0.1238}"
2026-05-10,12,40,0.1231,5.6285,"{""IN"": 0.4792, ""US"": 0.2337, ""BR"": 0.1143, ""GB"": 0.049, ""DE"": 0.1238}"
2026-05-10,13,27,0.0874,6.1546,"{""IN"": 0.4792, ""US"": 0.2337, ""BR"": 0.1143, ""GB"": 0.049, ""DE"": 0.1238}"
2026-05-10,15,21,0.0668,6.6642,"{""IN"": 0.4792, ""US"": 0.2337, ""BR"": 0.1143, ""GB"": 0.049, ""DE"": 0.1238}"
2026-05-10,16,63,0.0518,2.2782,"{""IN"": 0.4792, ""US"": 0.2337, ""BR"": 0.1143, ""GB"": 0.049, ""DE"": 0.1238}"
2026-05-10,17,47,0.0364,2.369,"{""IN"": 0.4792, ""US"": 0.2337, ""BR"": 0.1143, ""GB"": 0.049, ""DE"": 0.1238}"
2026-05-10,18,54,0.0407,2.1703,"{""IN"": 0.4792, ""US"": 0.2337, ""BR"": 0.1143, ""GB"": 0.049, ""DE"": 0.1238}"
2026-05-10,19,48,0.0382,2.3093,"{""IN"": 0.4792, ""US"": 0.2337, ""BR"": 0.1143, ""GB"": 0.049, ""DE"": 0.1238}"
2026-05-10,20,50,0.034,2.1873,"{""IN"": 0.4792, ""US"": 0.2337, ""BR"": 0.1143, ""GB"": 0.049, ""DE"": 0.1238}"
2026-05-10,21,46,0.0338,2.1654,"{""IN"": 0.4792, ""US"": 0.2337, ""BR"": 0.1143, ""GB"": 0.049, ""DE"": 0.1238}"
2026-05-10,22,47,0.0346,2.3437,"{""IN"": 0.4792, ""US"": 0.2337, ""BR"": 0.1143, ""GB"": 0.049, ""DE"": 0.1238}"
2026-05-10,23,37,0.0275,2.1076,"{""IN"": 0.4792, ""US"": 0.2337, ""BR"": 0.1143, ""GB"": 0.049, ""DE"": 0.1238}"
2026-05-10,24,34,0.0239,2.3111,"{""IN"": 0.4792, ""US"": 0.2337, ""BR"": 0.1143, ""GB"": 0.049, ""DE"": 0.1238}"
2026-05-10,25,42,0.0313,2.4105,"{""IN"": 0.4792, ""US"": 0.2337, ""BR"": 0.1143, ""GB"": 0.049, ""DE"": 0.1238}"
2026-05-10,26,315,0.2498,2.4868,"{""IN"": 0.4792, ""US"": 0.2337, ""BR"": 0.1143, ""GB"": 0.049, ""DE"": 0.1238}"
2026-05-10,27,62,0.0471,2.3269,"{""IN"": 0.4792, ""US"": 0.2337, ""BR"": 0.1143, ""GB"": 0.049, ""DE"": 0.1238}"
2026-05-10,28,44,0.0318,2.1027,"{""IN"": 0.4792, ""US"": 0.2337, ""BR"": 0.1143, ""GB"": 0.049, ""DE"": 0.1238}"
2026-05-10,29,38,0.0313,2.2838,"{""IN"": 0.4792, ""US"": 0.2337, ""BR"": 0.1143, ""GB"": 0.049, ""DE"": 0.1238}"
2026-05-10,30,62,0.0471,2.0912,"{""IN"": 0.4792, ""US"": 0.2337, ""BR"": 0.1143, ""GB"": 0.049, ""DE"": 0.1238}"
2026-05-10,31,47,0.037,2.3989,"{""IN"": 0.4792, ""US"": 0.2337, ""BR"": 0.1143, ""GB"": 0.049, ""DE"": 0.1238}"
2026-05-10,32,32,0.0237,2.3207,"{""IN"": 0.4792, ""US"": 0.2337, ""BR"": 0.1143, ""GB"": 0.049, ""DE"": 0.1238}"
2026-05-10,33,290,0.2289,2.0647,"{""IN"": 0.4792, ""US"": 0.2337, ""BR"": 0.1143, ""GB"": 0.049, ""DE"": 0.1238}"
2026-05-10,34,224,0.0505,0.3942,"{""IN"": 0.4792, ""US"": 0.2337, ""BR"": 0.1143, ""GB"": 0.049, ""DE"": 0.1238}"
2026-05-10,35,276,0.0693,0.3647,"{""IN"": 0.4792, ""US"": 0.2337, ""BR"": 0.1143, ""GB"": 0.049, ""DE"": 0.1238}"
2026-05-10,36,269,0.0619,0.4019,"{""IN"": 0.4792, ""US"": 0.2337, ""BR"": 0.1143, ""GB"": 0.049, ""DE"": 0.1238}"
2026-05-10,37,195,0.0466,0.414,"{""IN"": 0.4792, ""US"": 0.2337, ""BR"": 0.1143, ""GB"": 0.049, ""DE"": 0.1238}"
2026-05-10,38,365,0.0799,0.3725,"{""IN"": 0.4792, ""US"": 0.2337, ""BR"": 0.1143, ""GB"": 0.049, ""DE"": 0.1238}"
2026-05-10,39,174,0.0417,0.4074,"{""IN"": 0.4792, ""US"": 0.2337, ""BR"": 0.1143, ""GB"": 0.049, ""DE"": 0.1238}"
2026-05-10,40,1089,0.2715,0.3969,"{""IN"": 0.4792, ""US"": 0.2337, ""BR"": 0.1143, ""GB"": 0.049, ""DE"": 0.1238}"
2026-05-10,41,472,0.1071,0.37,"{""IN"": 0.4792, ""US"": 0.2337, ""BR"": 0.1143, ""GB"": 0.049, ""DE"": 0.1238}"
2026-05-10,42,257,0.0592,0.3868,"{""IN"": 0.4792, ""US"": 0.2337, ""BR"": 0.1143, ""GB"": 0.049, ""DE"": 0.1238}"
2026-05-10,43,240,0.0524,0.3849,"{""IN"": 0.4792, ""US"": 0.2337, ""BR"": 0.1143, ""GB"": 0.049, ""DE"": 0.1238}"
2026-05-10,44,22,0.0553,4.4481,"{""IN"": 0.4792, ""US"": 0.2337, ""BR"": 0.1143, ""GB"": 0.049, ""DE"": 0.1238}"
2026-05-10,45,28,0.0635,4.6865,"{""IN"": 0.4792, ""US"": 0.2337, ""BR"": 0.1143, ""GB"": 0.049, ""DE"": 0.1238}"
2026-05-10,46,26,0.0576,4.7135,"{""IN"": 0.4792, ""US"": 0.2337, ""BR"": 0.1143, ""GB"": 0.049, ""DE"": 0.1238}"
2026-05-10,47,19,0.045,4.4059,"{""IN"": 0.4792, ""US"": 0.2337, ""BR"": 0.1143, ""GB"": 0.049, ""DE"": 0.1238}"
2026-05-10,48,25,0.0579,4.3213,"{""IN"": 0.4792, ""US"": 0.2337, ""BR"": 0.1143, ""GB"": 0.049, ""DE"": 0.1238}"
2026-05-10,49,15,0.0172,2.479,"{""IN"": 0.4792, ""US"": 0.2337, ""BR"": 0.1143, ""GB"": 0.049, ""DE"": 0.1238}"
2026-05-10,50,24,0.0259,2.3892,"{""IN"": 0.4792, ""US"": 0.2337, ""BR"": 0.1143, ""GB"": 0.049, ""DE"": 0.1238}"
2026-05-11,1,53,0.1819,7.1271,"{""IN"": 0.4816, ""US"": 0.268, ""BR"": 0.0624, ""GB"": 0.1059, ""DE"": 0.0821}"
2026-05-11,2,38,0.1246,6.4802,"{""IN"": 0.4816, ""US"": 0.268, ""BR"": 0.0624, ""GB"": 0.1059, ""DE"": 0.0821}"
2026-05-11,3,101,0.3565,6.7925,"{""IN"": 0.4816, ""US"": 0.268, ""BR"": 0.0624, ""GB"": 0.1059, ""DE"": 0.0821}"
2026-05-11,4,39,0.1333,6.8659,"{""IN"": 0.4816, ""US"": 0.268, ""BR"": 0.0624, ""GB"": 0.1059, ""DE"": 0.0821}"
2026-05-11,6,34,0.1131,6.6419,"{""IN"": 0.4816, ""US"": 0.268, ""BR"": 0.0624, ""GB"": 0.1059, ""DE"": 0.0821}"
2026-05-11,7,42,0.1475,6.5638,"{""IN"": 0.4816, ""US"": 0.268, ""BR"": 0.0624, ""GB"": 0.1059, ""DE"": 0.0821}"
2026-05-11,8,36,0.1268,6.604,"{""IN"": 0.4816, ""US"": 0.268, ""BR"": 0.0624, ""GB"": 0.1059, ""DE"": 0.0821}"
2026-05-11,9,37,0.1142,6.2178,"{""IN"": 0.4816, ""US"": 0.268, ""BR"": 0.0624, ""GB"": 0.1059, ""DE"": 0.0821}"
2026-05-11,10,31,0.1058,6.6057,"{""IN"": 0.4816, ""US"": 0.268, ""BR"": 0.0624, ""GB"": 0.1059, ""DE"": 0.0821}"
2026-05-11,11,44,0.1442,6.4308,"{""IN"": 0.4816, ""US"": 0.268, ""BR"": 0.0624, ""GB"": 0.1059, ""DE"": 0.0821}"
2026-05-11,12,28,0.0913,6.9248,"{""IN"": 0.4816, ""US"": 0.268, ""BR"": 0.0624, ""GB"": 0.1059, ""DE"": 0.0821}"
2026-05-11,13,42,0.1388,6.2916,"{""IN"": 0.4816, ""US"": 0.268, ""BR"": 0.0624, ""GB"": 0.1059, ""DE"": 0.0821}"
2026-05-11,15,38,0.1267,6.7352,"{""IN"": 0.4816, ""US"": 0.268, ""BR"": 0.0624, ""GB"": 0.1059, ""DE"": 0.0821}"
2026-05-11,16,53,0.044,2.108,"{""IN"": 0.4816, ""US"": 0.268, ""BR"": 0.0624, ""GB"": 0.1059, ""DE"": 0.0821}"
2026-05-11,17,75,0.0608,2.4034,"{""IN"": 0.4816, ""US"": 0.268, ""BR"": 0.0624, ""GB"": 0.1059, ""DE"": 0.0821}"
2026-05-11,18,63,0.0491,2.4542,"{""IN"": 0.4816, ""US"": 0.268, ""BR"": 0.0624, ""GB"": 0.1059, ""DE"": 0.0821}"
2026-05-11,19,60,0.0461,2.4128,"{""IN"": 0.4816, ""US"": 0.268, ""BR"": 0.0624, ""GB"": 0.1059, ""DE"": 0.0821}"
2026-05-11,20,67,0.0527,2.5561,"{""IN"": 0.4816, ""US"": 0.268, ""BR"": 0.0624, ""GB"": 0.1059, ""DE"": 0.0821}"
2026-05-11,21,79,0.0678,2.353,"{""IN"": 0.4816, ""US"": 0.268, ""BR"": 0.0624, ""GB"": 0.1059, ""DE"": 0.0821}"
2026-05-11,22,53,0.0449,2.5221,"{""IN"": 0.4816, ""US"": 0.268, ""BR"": 0.0624, ""GB"": 0.1059, ""DE"": 0.0821}"
2026-05-11,23,46,0.0352,2.4235,"{""IN"": 0.4816, ""US"": 0.268, ""BR"": 0.0624, ""GB"": 0.1059, ""DE"": 0.0821}"
2026-05-11,24,71,0.0576,2.269,"{""IN"": 0.4816, ""US"": 0.268, ""BR"": 0.0624, ""GB"": 0.1059, ""DE"": 0.0821}"
2026-05-11,25,67,0.0604,2.6251,"{""IN"": 0.4816, ""US"": 0.268, ""BR"": 0.0624, ""GB"": 0.1059, ""DE"": 0.0821}"
2026-05-11,26,560,0.4594,2.6719,"{""IN"": 0.4816, ""US"": 0.268, ""BR"": 0.0624, ""GB"": 0.1059, ""DE"": 0.0821}"
2026-05-11,27,33,0.0281,2.6138,"{""IN"": 0.4816, ""US"": 0.268, ""BR"": 0.0624, ""GB"": 0.1059, ""DE"": 0.0821}"
2026-05-11,28,52,0.043,2.3415,"{""IN"": 0.4816, ""US"": 0.268, ""BR"": 0.0624, ""GB"": 0.1059, ""DE"": 0.0821}"
2026-05-11,29,72,0.0582,2.5567,"{""IN"": 0.4816, ""US"": 0.268, ""BR"": 0.0624, ""GB"": 0.1059, ""DE"": 0.0821}"
2026-05-11,30,76,0.0586,2.4268,"{""IN"": 0.4816, ""US"": 0.268, ""BR"": 0.0624, ""GB"": 0.1059, ""DE"": 0.0821}"
2026-05-11,31,71,0.0598,2.6643,"{""IN"": 0.4816, ""US"": 0.268, ""BR"": 0.0624, ""GB"": 0.1059, ""DE"": 0.0821}"
2026-05-11,32,85,0.0691,2.34,"{""IN"": 0.4816, ""US"": 0.268, ""BR"": 0.0624, ""GB"": 0.1059, ""DE"": 0.0821}"
2026-05-11,33,249,0.1936,2.3904,"{""IN"": 0.4816, ""US"": 0.268, ""BR"": 0.0624, ""GB"": 0.1059, ""DE"": 0.0821}"
2026-05-11,34,289,0.071,0.4012,"{""IN"": 0.4816, ""US"": 0.268, ""BR"": 0.0624, ""GB"": 0.1059, ""DE"": 0.0821}"
2026-05-11,35,214,0.0525,0.4024,"{""IN"": 0.4816, ""US"": 0.268, ""BR"": 0.0624, ""GB"": 0.1059, ""DE"": 0.0821}"
2026-05-11,36,212,0.0496,0.3927,"{""IN"": 0.4816, ""US"": 0.268, ""BR"": 0.0624, ""GB"": 0.1059, ""DE"": 0.0821}"
2026-05-11,37,226,0.0545,0.4107,"{""IN"": 0.4816, ""US"": 0.268, ""BR"": 0.0624, ""GB"": 0.1059, ""DE"": 0.0821}"
2026-05-11,38,353,0.0871,0.4186,"{""IN"": 0.4816, ""US"": 0.268, ""BR"": 0.0624, ""GB"": 0.1059, ""DE"": 0.0821}"
2026-05-11,39,286,0.0734,0.3994,"{""IN"": 0.4816, ""US"": 0.268, ""BR"": 0.0624, ""GB"": 0.1059, ""DE"": 0.0821}"
2026-05-11,40,1222,0.2858,0.4249,"{""IN"": 0.4816, ""US"": 0.268, ""BR"": 0.0624, ""GB"": 0.1059, ""DE"": 0.0821}"
2026-05-11,41,603,0.1469,0.4029,"{""IN"": 0.4816, ""US"": 0.268, ""BR"": 0.0624, ""GB"": 0.1059, ""DE"": 0.0821}"
2026-05-11,42,313,0.0652,0.4133,"{""IN"": 0.4816, ""US"": 0.268, ""BR"": 0.0624, ""GB"": 0.1059, ""DE"": 0.0821}"
2026-05-11,43,222,0.0533,0.4385,"{""IN"": 0.4816, ""US"": 0.268, ""BR"": 0.0624, ""GB"": 0.1059, ""DE"": 0.0821}"
2026-05-11,44,29,0.0731,5.3836,"{""IN"": 0.4816, ""US"": 0.268, ""BR"": 0.0624, ""GB"": 0.1059, ""DE"": 0.0821}"
2026-05-11,45,36,0.0896,5.0719,"{""IN"": 0.4816, ""US"": 0.268, ""BR"": 0.0624, ""GB"": 0.1059, ""DE"": 0.0821}"
2026-05-11,46,37,0.0891,5.0525,"{""IN"": 0.4816, ""US"": 0.268, ""BR"": 0.0624, ""GB"": 0.1059, ""DE"": 0.0821}"
2026-05-11,47,43,0.1102,5.2861,"{""IN"": 0.4816, ""US"": 0.268, ""BR"": 0.0624, ""GB"": 0.1059, ""DE"": 0.0821}"
2026-05-11,48,35,0.0862,5.5014,"{""IN"": 0.4816, ""US"": 0.268, ""BR"": 0.0624, ""GB"": 0.1059, ""DE"": 0.0821}"
2026-05-11,49,15,0.0179,2.2929,"{""IN"": 0.4816, ""US"": 0.268, ""BR"": 0.0624, ""GB"": 0.1059, ""DE"": 0.0821}"
2026-05-11,50,18,0.0233,2.4915,"{""IN"": 0.4816, ""US"": 0.268, ""BR"": 0.0624, ""GB"": 0.1059, ""DE"": 0.0821}"
2026-05-12,1,33,0.1027,6.0017,"{""IN"": 0.4853, ""US"": 0.2294, ""BR"": 0.103, ""GB"": 0.0529, ""DE"": 0.1294}"
2026-05-12,2,34,0.1121,6.5764,"{""IN"": 0.4853, ""US"": 0.2294, ""BR"": 0.103, ""GB"": 0.0529, ""DE"": 0.1294}"
2026-05-12,3,80,0.2502,6.0625,"{""IN"": 0.4853, ""US"": 0.2294, ""BR"": 0.103, ""GB"": 0.0529, ""DE"": 0.1294}"
2026-05-12,4,25,0.0747,6.5345,"{""IN"": 0.4853, ""US"": 0.2294, ""BR"": 0.103, ""GB"": 0.0529, ""DE"": 0.1294}"
2026-05-12,6,36,0.1097,5.9963,"{""IN"": 0.4853, ""US"": 0.2294, ""BR"": 0.103, ""GB"": 0.0529, ""DE"": 0.1294}"
2026-05-12,7,38,0.1199,5.7965,"{""IN"": 0.4853, ""US"": 0.2294, ""BR"": 0.103, ""GB"": 0.0529, ""DE"": 0.1294}"
2026-05-12,8,45,0.1474,6.287,"{""IN"": 0.4853, ""US"": 0.2294, ""BR"": 0.103, ""GB"": 0.0529, ""DE"": 0.1294}"
2026-05-12,9,32,0.0963,5.6899,"{""IN"": 0.4853, ""US"": 0.2294, ""BR"": 0.103, ""GB"": 0.0529, ""DE"": 0.1294}"
2026-05-12,10,36,0.1093,5.7988,"{""IN"": 0.4853, ""US"": 0.2294, ""BR"": 0.103, ""GB"": 0.0529, ""DE"": 0.1294}"
2026-05-12,11,23,0.0707,6.541,"{""IN"": 0.4853, ""US"": 0.2294, ""BR"": 0.103, ""GB"": 0.0529, ""DE"": 0.1294}"
2026-05-12,12,46,0.1483,6.3791,"{""IN"": 0.4853, ""US"": 0.2294, ""BR"": 0.103, ""GB"": 0.0529, ""DE"": 0.1294}"
2026-05-12,13,36,0.1063,5.721,"{""IN"": 0.4853, ""US"": 0.2294, ""BR"": 0.103, ""GB"": 0.0529, ""DE"": 0.1294}"
2026-05-12,14,679,2.013,5.7749,"{""IN"": 0.4853, ""US"": 0.2294, ""BR"": 0.103, ""GB"": 0.0529, ""DE"": 0.1294}"
2026-05-12,15,31,0.0894,6.533,"{""IN"": 0.4853, ""US"": 0.2294, ""BR"": 0.103, ""GB"": 0.0529, ""DE"": 0.1294}"
2026-05-12,16,65,0.0513,2.3149,"{""IN"": 0.4853, ""US"": 0.2294, ""BR"": 0.103, ""GB"": 0.0529, ""DE"": 0.1294}"
2026-05-12,17,51,0.0384,2.2748,"{""IN"": 0.4853, ""US"": 0.2294, ""BR"": 0.103, ""GB"": 0.0529, ""DE"": 0.1294}"
2026-05-12,18,64,0.0507,2.2651,"{""IN"": 0.4853, ""US"": 0.2294, ""BR"": 0.103, ""GB"": 0.0529, ""DE"": 0.1294}"
2026-05-12,19,62,0.0486,2.402,"{""IN"": 0.4853, ""US"": 0.2294, ""BR"": 0.103, ""GB"": 0.0529, ""DE"": 0.1294}"
2026-05-12,20,57,0.0452,2.1651,"{""IN"": 0.4853, ""US"": 0.2294, ""BR"": 0.103, ""GB"": 0.0529, ""DE"": 0.1294}"
2026-05-12,21,52,0.0408,2.2353,"{""IN"": 0.4853, ""US"": 0.2294, ""BR"": 0.103, ""GB"": 0.0529, ""DE"": 0.1294}"
2026-05-12,22,73,0.0538,2.2572,"{""IN"": 0.4853, ""US"": 0.2294, ""BR"": 0.103, ""GB"": 0.0529, ""DE"": 0.1294}"
2026-05-12,23,49,0.0394,2.3379,"{""IN"": 0.4853, ""US"": 0.2294, ""BR"": 0.103, ""GB"": 0.0529, ""DE"": 0.1294}"
2026-05-12,24,68,0.0539,2.4151,"{""IN"": 0.4853, ""US"": 0.2294, ""BR"": 0.103, ""GB"": 0.0529, ""DE"": 0.1294}"
2026-05-12,25,63,0.0473,2.1646,"{""IN"": 0.4853, ""US"": 0.2294, ""BR"": 0.103, ""GB"": 0.0529, ""DE"": 0.1294}"
2026-05-12,26,549,0.3907,2.0846,"{""IN"": 0.4853, ""US"": 0.2294, ""BR"": 0.103, ""GB"": 0.0529, ""DE"": 0.1294}"
2026-05-12,27,48,0.0387,2.3656,"{""IN"": 0.4853, ""US"": 0.2294, ""BR"": 0.103, ""GB"": 0.0529, ""DE"": 0.1294}"
2026-05-12,28,65,0.0493,2.3514,"{""IN"": 0.4853, ""US"": 0.2294, ""BR"": 0.103, ""GB"": 0.0529, ""DE"": 0.1294}"
2026-05-12,29,48,0.0362,2.1656,"{""IN"": 0.4853, ""US"": 0.2294, ""BR"": 0.103, ""GB"": 0.0529, ""DE"": 0.1294}"
2026-05-12,30,25,0.0199,2.2954,"{""IN"": 0.4853, ""US"": 0.2294, ""BR"": 0.103, ""GB"": 0.0529, ""DE"": 0.1294}"
2026-05-12,31,70,0.055,2.1907,"{""IN"": 0.4853, ""US"": 0.2294, ""BR"": 0.103, ""GB"": 0.0529, ""DE"": 0.1294}"
2026-05-12,32,83,0.0653,2.3128,"{""IN"": 0.4853, ""US"": 0.2294, ""BR"": 0.103, ""GB"": 0.0529, ""DE"": 0.1294}"
2026-05-12,33,315,0.2343,2.4342,"{""IN"": 0.4853, ""US"": 0.2294, ""BR"": 0.103, ""GB"": 0.0529, ""DE"": 0.1294}"
2026-05-12,34,274,0.0636,0.3865,"{""IN"": 0.4853, ""US"": 0.2294, ""BR"": 0.103, ""GB"": 0.0529, ""DE"": 0.1294}"
2026-05-12,35,240,0.0568,0.3749,"{""IN"": 0.4853, ""US"": 0.2294, ""BR"": 0.103, ""GB"": 0.0529, ""DE"": 0.1294}"
2026-05-12,36,255,0.0601,0.4042,"{""IN"": 0.4853, ""US"": 0.2294, ""BR"": 0.103, ""GB"": 0.0529, ""DE"": 0.1294}"
2026-05-12,37,320,0.0703,0.3848,"{""IN"": 0.4853, ""US"": 0.2294, ""BR"": 0.103, ""GB"": 0.0529, ""DE"": 0.1294}"
2026-05-12,38,358,0.08,0.3466,"{""IN"": 0.4853, ""US"": 0.2294, ""BR"": 0.103, ""GB"": 0.0529, ""DE"": 0.1294}"
2026-05-12,39,228,0.0545,0.4,"{""IN"": 0.4853, ""US"": 0.2294, ""BR"": 0.103, ""GB"": 0.0529, ""DE"": 0.1294}"
2026-05-12,40,1192,0.2815,0.392,"{""IN"": 0.4853, ""US"": 0.2294, ""BR"": 0.103, ""GB"": 0.0529, ""DE"": 0.1294}"
2026-05-12,41,590,0.1404,0.3864,"{""IN"": 0.4853, ""US"": 0.2294, ""BR"": 0.103, ""GB"": 0.0529, ""DE"": 0.1294}"
2026-05-12,42,382,0.0867,0.3954,"{""IN"": 0.4853, ""US"": 0.2294, ""BR"": 0.103, ""GB"": 0.0529, ""DE"": 0.1294}"
2026-05-12,43,211,0.0532,0.3946,"{""IN"": 0.4853, ""US"": 0.2294, ""BR"": 0.103, ""GB"": 0.0529, ""DE"": 0.1294}"
2026-05-12,44,30,0.0731,5.1893,"{""IN"": 0.4853, ""US"": 0.2294, ""BR"": 0.103, ""GB"": 0.0529, ""DE"": 0.1294}"
2026-05-12,45,19,0.0481,4.894,"{""IN"": 0.4853, ""US"": 0.2294, ""BR"": 0.103, ""GB"": 0.0529, ""DE"": 0.1294}"
2026-05-12,46,39,0.0883,4.3219,"{""IN"": 0.4853, ""US"": 0.2294, ""BR"": 0.103, ""GB"": 0.0529, ""DE"": 0.1294}"
2026-05-12,47,51,0.1247,4.7146,"{""IN"": 0.4853, ""US"": 0.2294, ""BR"": 0.103, ""GB"": 0.0529, ""DE"": 0.1294}"
2026-05-12,48,48,0.1099,4.6025,"{""IN"": 0.4853, ""US"": 0.2294, ""BR"": 0.103, ""GB"": 0.0529, ""DE"": 0.1294}"
2026-05-12,49,11,0.0117,2.4921,"{""IN"": 0.4853, ""US"": 0.2294, ""BR"": 0.103, ""GB"": 0.0529, ""DE"": 0.1294}"
2026-05-12,50,20,0.0248,2.3315,"{""IN"": 0.4853, ""US"": 0.2294, ""BR"": 0.103, ""GB"": 0.0529, ""DE"": 0.1294}"
2026-05-13,1,44,0.1356,6.4218,"{""IN"": 0.4642, ""US"": 0.2672, ""BR"": 0.1232, ""GB"": 0.0388, ""DE"": 0.1066}"
2026-05-13,2,36,0.1129,5.6533,"{""IN"": 0.4642, ""US"": 0.2672, ""BR"": 0.1232, ""GB"": 0.0388, ""DE"": 0.1066}"
2026-05-13,3,82,0.2671,6.0315,"{""IN"": 0.4642, ""US"": 0.2672, ""BR"": 0.1232, ""GB"": 0.0388, ""DE"": 0.1066}"
2026-05-13,4,43,0.1378,6.1646,"{""IN"": 0.4642, ""US"": 0.2672, ""BR"": 0.1232, ""GB"": 0.0388, ""DE"": 0.1066}"
2026-05-13,6,28,0.0911,6.5781,"{""IN"": 0.4642, ""US"": 0.2672, ""BR"": 0.1232, ""GB"": 0.0388, ""DE"": 0.1066}"
2026-05-13,7,48,0.1494,6.2842,"{""IN"": 0.4642, ""US"": 0.2672, ""BR"": 0.1232, ""GB"": 0.0388, ""DE"": 0.1066}"
2026-05-13,8,31,0.097,6.6976,"{""IN"": 0.4642, ""US"": 0.2672, ""BR"": 0.1232, ""GB"": 0.0388, ""DE"": 0.1066}"
2026-05-13,9,40,0.1268,6.5371,"{""IN"": 0.4642, ""US"": 0.2672, ""BR"": 0.1232, ""GB"": 0.0388, ""DE"": 0.1066}"
2026-05-13,10,34,0.1109,6.4149,"{""IN"": 0.4642, ""US"": 0.2672, ""BR"": 0.1232, ""GB"": 0.0388, ""DE"": 0.1066}"
2026-05-13,11,42,0.1344,6.4217,"{""IN"": 0.4642, ""US"": 0.2672, ""BR"": 0.1232, ""GB"": 0.0388, ""DE"": 0.1066}"
2026-05-13,12,57,0.1819,6.7913,"{""IN"": 0.4642, ""US"": 0.2672, ""BR"": 0.1232, ""GB"": 0.0388, ""DE"": 0.1066}"
2026-05-13,13,31,0.0962,6.3387,"{""IN"": 0.4642, ""US"": 0.2672, ""BR"": 0.1232, ""GB"": 0.0388, ""DE"": 0.1066}"
2026-05-13,14,688,2.0463,6.6599,"{""IN"": 0.4642, ""US"": 0.2672, ""BR"": 0.1232, ""GB"": 0.0388, ""DE"": 0.1066}"
2026-05-13,15,35,0.1083,6.1803,"{""IN"": 0.4642, ""US"": 0.2672, ""BR"": 0.1232, ""GB"": 0.0388, ""DE"": 0.1066}"
2026-05-13,16,54,0.0413,2.3657,"{""IN"": 0.4642, ""US"": 0.2672, ""BR"": 0.1232, ""GB"": 0.0388, ""DE"": 0.1066}"
2026-05-13,17,35,0.0282,2.4067,"{""IN"": 0.4642, ""US"": 0.2672, ""BR"": 0.1232, ""GB"": 0.0388, ""DE"": 0.1066}"
2026-05-13,18,55,0.0463,2.557,"{""IN"": 0.4642, ""US"": 0.2672, ""BR"": 0.1232, ""GB"": 0.0388, ""DE"": 0.1066}"
2026-05-13,19,42,0.032,2.5591,"{""IN"": 0.4642, ""US"": 0.2672, ""BR"": 0.1232, ""GB"": 0.0388, ""DE"": 0.1066}"
2026-05-13,20,74,0.0602,2.4688,"{""IN"": 0.4642, ""US"": 0.2672, ""BR"": 0.1232, ""GB"": 0.0388, ""DE"": 0.1066}"
2026-05-13,21,73,0.0582,2.4804,"{""IN"": 0.4642, ""US"": 0.2672, ""BR"": 0.1232, ""GB"": 0.0388, ""DE"": 0.1066}"
2026-05-13,22,55,0.0388,2.4477,"{""IN"": 0.4642, ""US"": 0.2672, ""BR"": 0.1232, ""GB"": 0.0388, ""DE"": 0.1066}"
2026-05-13,23,88,0.0738,2.3482,"{""IN"": 0.4642, ""US"": 0.2672, ""BR"": 0.1232, ""GB"": 0.0388, ""DE"": 0.1066}"
2026-05-13,24,54,0.0405,2.4412,"{""IN"": 0.4642, ""US"": 0.2672, ""BR"": 0.1232, ""GB"": 0.0388, ""DE"": 0.1066}"
2026-05-13,25,58,0.0492,2.5724,"{""IN"": 0.4642, ""US"": 0.2672, ""BR"": 0.1232, ""GB"": 0.0388, ""DE"": 0.1066}"
2026-05-13,26,432,0.3243,2.3996,"{""IN"": 0.4642, ""US"": 0.2672, ""BR"": 0.1232, ""GB"": 0.0388, ""DE"": 0.1066}"
2026-05-13,27,59,0.0465,2.171,"{""IN"": 0.4642, ""US"": 0.2672, ""BR"": 0.1232, ""GB"": 0.0388, ""DE"": 0.1066}"
2026-05-13,28,47,0.0409,2.3593,"{""IN"": 0.4642, ""US"": 0.2672, ""BR"": 0.1232, ""GB"": 0.0388, ""DE"": 0.1066}"
2026-05-13,29,72,0.0563,2.2913,"{""IN"": 0.4642, ""US"": 0.2672, ""BR"": 0.1232, ""GB"": 0.0388, ""DE"": 0.1066}"
2026-05-13,30,57,0.0443,2.2026,"{""IN"": 0.4642, ""US"": 0.2672, ""BR"": 0.1232, ""GB"": 0.0388, ""DE"": 0.1066}"
2026-05-13,31,85,0.0678,2.2471,"{""IN"": 0.4642, ""US"": 0.2672, ""BR"": 0.1232, ""GB"": 0.0388, ""DE"": 0.1066}"
2026-05-13,32,73,0.0578,2.4142,"{""IN"": 0.4642, ""US"": 0.2672, ""BR"": 0.1232, ""GB"": 0.0388, ""DE"": 0.1066}"
2026-05-13,33,242,0.1826,2.2513,"{""IN"": 0.4642, ""US"": 0.2672, ""BR"": 0.1232, ""GB"": 0.0388, ""DE"": 0.1066}"
2026-05-13,34,217,0.0513,0.3975,"{""IN"": 0.4642, ""US"": 0.2672, ""BR"": 0.1232, ""GB"": 0.0388, ""DE"": 0.1066}"
2026-05-13,35,248,0.0587,0.4231,"{""IN"": 0.4642, ""US"": 0.2672, ""BR"": 0.1232, ""GB"": 0.0388, ""DE"": 0.1066}"
2026-05-13,36,250,0.0571,0.386,"{""IN"": 0.4642, ""US"": 0.2672, ""BR"": 0.1232, ""GB"": 0.0388, ""DE"": 0.1066}"
2026-05-13,37,217,0.0561,0.4136,"{""IN"": 0.4642, ""US"": 0.2672, ""BR"": 0.1232, ""GB"": 0.0388, ""DE"": 0.1066}"
2026-05-13,38,307,0.0737,0.3871,"{""IN"": 0.4642, ""US"": 0.2672, ""BR"": 0.1232, ""GB"": 0.0388, ""DE"": 0.1066}"
2026-05-13,39,194,0.0415,0.4156,"{""IN"": 0.4642, ""US"": 0.2672, ""BR"": 0.1232, ""GB"": 0.0388, ""DE"": 0.1066}"
2026-05-13,40,1085,0.2686,0.3892,"{""IN"": 0.4642, ""US"": 0.2672, ""BR"": 0.1232, ""GB"": 0.0388, ""DE"": 0.1066}"
2026-05-13,41,591,0.1537,0.4059,"{""IN"": 0.4642, ""US"": 0.2672, ""BR"": 0.1232, ""GB"": 0.0388, ""DE"": 0.1066}"
2026-05-13,42,293,0.0693,0.4003,"{""IN"": 0.4642, ""US"": 0.2672, ""BR"": 0.1232, ""GB"": 0.0388, ""DE"": 0.1066}"
2026-05-13,43,276,0.0691,0.4139,"{""IN"": 0.4642, ""US"": 0.2672, ""BR"": 0.1232, ""GB"": 0.0388, ""DE"": 0.1066}"
2026-05-13,44,34,0.0786,4.7185,"{""IN"": 0.4642, ""US"": 0.2672, ""BR"": 0.1232, ""GB"": 0.0388, ""DE"": 0.1066}"
2026-05-13,45,28,0.066,4.5694,"{""IN"": 0.4642, ""US"": 0.2672, ""BR"": 0.1232, ""GB"": 0.0388, ""DE"": 0.1066}"
2026-05-13,46,32,0.0727,5.2035,"{""IN"": 0.4642, ""US"": 0.2672, ""BR"": 0.1232, ""GB"": 0.0388, ""DE"": 0.1066}"
2026-05-13,47,21,0.0495,4.8761,"{""IN"": 0.4642, ""US"": 0.2672, ""BR"": 0.1232, ""GB"": 0.0388, ""DE"": 0.1066}"
2026-05-13,48,27,0.0668,4.8176,"{""IN"": 0.4642, ""US"": 0.2672, ""BR"": 0.1232, ""GB"": 0.0388, ""DE"": 0.1066}"
2026-05-13,49,19,0.0222,2.5339,"{""IN"": 0.4642, ""US"": 0.2672, ""BR"": 0.1232, ""GB"": 0.0388, ""DE"": 0.1066}"
2026-05-13,50,29,0.0316,2.3463,"{""IN"": 0.4642, ""US"": 0.2672, ""BR"": 0.1232, ""GB"": 0.0388, ""DE"": 0.1066}"
2026-05-14,1,49,0.1463,5.4393,"{""IN"": 0.5165, ""US"": 0.239, ""BR"": 0.123, ""GB"": 0.0504, ""DE"": 0.0712}"
2026-05-14,2,42,0.1199,5.9806,"{""IN"": 0.5165, ""US"": 0.239, ""BR"": 0.123, ""GB"": 0.0504, ""DE"": 0.0712}"
2026-05-14,3,57,0.1728,5.7709,"{""IN"": 0.5165, ""US"": 0.239, ""BR"": 0.123, ""GB"": 0.0504, ""DE"": 0.0712}"
2026-05-14,4,31,0.0902,5.4325,"{""IN"": 0.5165, ""US"": 0.239, ""BR"": 0.123, ""GB"": 0.0504, ""DE"": 0.0712}"
2026-05-14,6,41,0.1072,5.3031,"{""IN"": 0.5165, ""US"": 0.239, ""BR"": 0.123, ""GB"": 0.0504, ""DE"": 0.0712}"
2026-05-14,7,26,0.0659,5.9838,"{""IN"": 0.5165, ""US"": 0.239, ""BR"": 0.123, ""GB"": 0.0504, ""DE"": 0.0712}"
2026-05-14,8,58,0.1721,5.9441,"{""IN"": 0.5165, ""US"": 0.239, ""BR"": 0.123, ""GB"": 0.0504, ""DE"": 0.0712}"
2026-05-14,9,40,0.1154,5.9912,"{""IN"": 0.5165, ""US"": 0.239, ""BR"": 0.123, ""GB"": 0.0504, ""DE"": 0.0712}"
2026-05-14,10,41,0.1176,5.8673,"{""IN"": 0.5165, ""US"": 0.239, ""BR"": 0.123, ""GB"": 0.0504, ""DE"": 0.0712}"
2026-05-14,11,36,0.1034,5.8761,"{""IN"": 0.5165, ""US"": 0.239, ""BR"": 0.123, ""GB"": 0.0504, ""DE"": 0.0712}"
2026-05-14,12,44,0.1239,5.5868,"{""IN"": 0.5165, ""US"": 0.239, ""BR"": 0.123, ""GB"": 0.0504, ""DE"": 0.0712}"
2026-05-14,13,45,0.1232,5.8054,"{""IN"": 0.5165, ""US"": 0.239, ""BR"": 0.123, ""GB"": 0.0504, ""DE"": 0.0712}"
2026-05-14,14,819,2.4745,5.5817,"{""IN"": 0.5165, ""US"": 0.239, ""BR"": 0.123, ""GB"": 0.0504, ""DE"": 0.0712}"
2026-05-14,15,48,0.1372,5.6729,"{""IN"": 0.5165, ""US"": 0.239, ""BR"": 0.123, ""GB"": 0.0504, ""DE"": 0.0712}"
2026-05-14,16,32,0.0228,2.1512,"{""IN"": 0.5165, ""US"": 0.239, ""BR"": 0.123, ""GB"": 0.0504, ""DE"": 0.0712}"
2026-05-14,17,43,0.0292,2.1406,"{""IN"": 0.5165, ""US"": 0.239, ""BR"": 0.123, ""GB"": 0.0504, ""DE"": 0.0712}"
2026-05-14,18,56,0.0415,1.9717,"{""IN"": 0.5165, ""US"": 0.239, ""BR"": 0.123, ""GB"": 0.0504, ""DE"": 0.0712}"
2026-05-14,19,42,0.0315,1.9888,"{""IN"": 0.5165, ""US"": 0.239, ""BR"": 0.123, ""GB"": 0.0504, ""DE"": 0.0712}"
2026-05-14,20,78,0.0616,2.121,"{""IN"": 0.5165, ""US"": 0.239, ""BR"": 0.123, ""GB"": 0.0504, ""DE"": 0.0712}"
2026-05-14,21,42,0.033,2.3909,"{""IN"": 0.5165, ""US"": 0.239, ""BR"": 0.123, ""GB"": 0.0504, ""DE"": 0.0712}"
2026-05-14,22,41,0.0296,2.2235,"{""IN"": 0.5165, ""US"": 0.239, ""BR"": 0.123, ""GB"": 0.0504, ""DE"": 0.0712}"
2026-05-14,23,47,0.0312,2.2385,"{""IN"": 0.5165, ""US"": 0.239, ""BR"": 0.123, ""GB"": 0.0504, ""DE"": 0.0712}"
2026-05-14,24,60,0.0438,2.1811,"{""IN"": 0.5165, ""US"": 0.239, ""BR"": 0.123, ""GB"": 0.0504, ""DE"": 0.0712}"
2026-05-14,25,82,0.0599,2.0497,"{""IN"": 0.5165, ""US"": 0.239, ""BR"": 0.123, ""GB"": 0.0504, ""DE"": 0.0712}"
2026-05-14,26,304,0.2267,2.1806,"{""IN"": 0.5165, ""US"": 0.239, ""BR"": 0.123, ""GB"": 0.0504, ""DE"": 0.0712}"
2026-05-14,27,67,0.0535,2.3751,"{""IN"": 0.5165, ""US"": 0.239, ""BR"": 0.123, ""GB"": 0.0504, ""DE"": 0.0712}"
2026-05-14,28,50,0.0376,2.058,"{""IN"": 0.5165, ""US"": 0.239, ""BR"": 0.123, ""GB"": 0.0504, ""DE"": 0.0712}"
2026-05-14,29,52,0.0395,2.104,"{""IN"": 0.5165, ""US"": 0.239, ""BR"": 0.123, ""GB"": 0.0504, ""DE"": 0.0712}"
2026-05-14,30,44,0.0312,2.1878,"{""IN"": 0.5165, ""US"": 0.239, ""BR"": 0.123, ""GB"": 0.0504, ""DE"": 0.0712}"
2026-05-14,31,46,0.0338,2.0268,"{""IN"": 0.5165, ""US"": 0.239, ""BR"": 0.123, ""GB"": 0.0504, ""DE"": 0.0712}"
2026-05-14,32,51,0.0391,2.2473,"{""IN"": 0.5165, ""US"": 0.239, ""BR"": 0.123, ""GB"": 0.0504, ""DE"": 0.0712}"
2026-05-14,33,165,0.1179,2.2078,"{""IN"": 0.5165, ""US"": 0.239, ""BR"": 0.123, ""GB"": 0.0504, ""DE"": 0.0712}"
2026-05-14,34,277,0.0559,0.3492,"{""IN"": 0.5165, ""US"": 0.239, ""BR"": 0.123, ""GB"": 0.0504, ""DE"": 0.0712}"
2026-05-14,35,272,0.0584,0.3997,"{""IN"": 0.5165, ""US"": 0.239, ""BR"": 0.123, ""GB"": 0.0504, ""DE"": 0.0712}"
2026-05-14,36,299,0.0704,0.3845,"{""IN"": 0.5165, ""US"": 0.239, ""BR"": 0.123, ""GB"": 0.0504, ""DE"": 0.0712}"
2026-05-14,37,291,0.0627,0.3523,"{""IN"": 0.5165, ""US"": 0.239, ""BR"": 0.123, ""GB"": 0.0504, ""DE"": 0.0712}"
2026-05-14,38,213,0.0433,0.385,"{""IN"": 0.5165, ""US"": 0.239, ""BR"": 0.123, ""GB"": 0.0504, ""DE"": 0.0712}"
2026-05-14,39,273,0.0537,0.3111,"{""IN"": 0.5165, ""US"": 0.239, ""BR"": 0.123, ""GB"": 0.0504, ""DE"": 0.0712}"
2026-05-14,40,731,0.1586,0.3687,"{""IN"": 0.5165, ""US"": 0.239, ""BR"": 0.123, ""GB"": 0.0504, ""DE"": 0.0712}"
2026-05-14,41,449,0.0981,0.3657,"{""IN"": 0.5165, ""US"": 0.239, ""BR"": 0.123, ""GB"": 0.0504, ""DE"": 0.0712}"
2026-05-14,42,277,0.0601,0.3802,"{""IN"": 0.5165, ""US"": 0.239, ""BR"": 0.123, ""GB"": 0.0504, ""DE"": 0.0712}"
2026-05-14,43,204,0.0452,0.3605,"{""IN"": 0.5165, ""US"": 0.239, ""BR"": 0.123, ""GB"": 0.0504, ""DE"": 0.0712}"
2026-05-14,44,36,0.0746,4.3829,"{""IN"": 0.5165, ""US"": 0.239, ""BR"": 0.123, ""GB"": 0.0504, ""DE"": 0.0712}"
2026-05-14,45,37,0.0741,4.3357,"{""IN"": 0.5165, ""US"": 0.239, ""BR"": 0.123, ""GB"": 0.0504, ""DE"": 0.0712}"
2026-05-14,46,31,0.0708,4.0751,"{""IN"": 0.5165, ""US"": 0.239, ""BR"": 0.123, ""GB"": 0.0504, ""DE"": 0.0712}"
2026-05-14,47,25,0.0515,4.2242,"{""IN"": 0.5165, ""US"": 0.239, ""BR"": 0.123, ""GB"": 0.0504, ""DE"": 0.0712}"
2026-05-14,48,35,0.0779,4.4281,"{""IN"": 0.5165, ""US"": 0.239, ""BR"": 0.123, ""GB"": 0.0504, ""DE"": 0.0712}"
2026-05-14,49,19,0.0198,2.0749,"{""IN"": 0.5165, ""US"": 0.239, ""BR"": 0.123, ""GB"": 0.0504, ""DE"": 0.0712}"
2026-05-14,50,20,0.0206,2.1923,"{""IN"": 0.5165, ""US"": 0.239, ""BR"": 0.123, ""GB"": 0.0504, ""DE"": 0.0712}"
2026-05-15,1,34,0.107,6.3503,"{""IN"": 0.5191, ""US"": 0.237, ""BR"": 0.0913, ""GB"": 0.0658, ""DE"": 0.0868}"
2026-05-15,2,42,0.141,6.2523,"{""IN"": 0.5191, ""US"": 0.237, ""BR"": 0.0913, ""GB"": 0.0658, ""DE"": 0.0868}"
2026-05-15,3,65,0.1748,5.7378,"{""IN"": 0.5191, ""US"": 0.237, ""BR"": 0.0913, ""GB"": 0.0658, ""DE"": 0.0868}"
2026-05-15,4,45,0.1393,5.957,"{""IN"": 0.5191, ""US"": 0.237, ""BR"": 0.0913, ""GB"": 0.0658, ""DE"": 0.0868}"
2026-05-15,6,33,0.0993,6.209,"{""IN"": 0.5191, ""US"": 0.237, ""BR"": 0.0913, ""GB"": 0.0658, ""DE"": 0.0868}"
2026-05-15,7,28,0.0851,5.7399,"{""IN"": 0.5191, ""US"": 0.237, ""BR"": 0.0913, ""GB"": 0.0658, ""DE"": 0.0868}"
2026-05-15,8,50,0.137,6.1249,"{""IN"": 0.5191, ""US"": 0.237, ""BR"": 0.0913, ""GB"": 0.0658, ""DE"": 0.0868}"
2026-05-15,9,45,0.1311,6.3174,"{""IN"": 0.5191, ""US"": 0.237, ""BR"": 0.0913, ""GB"": 0.0658, ""DE"": 0.0868}"
2026-05-15,10,38,0.109,6.3317,"{""IN"": 0.5191, ""US"": 0.237, ""BR"": 0.0913, ""GB"": 0.0658, ""DE"": 0.0868}"
2026-05-15,11,48,0.139,6.2579,"{""IN"": 0.5191, ""US"": 0.237, ""BR"": 0.0913, ""GB"": 0.0658, ""DE"": 0.0868}"
2026-05-15,12,31,0.0924,5.6569,"{""IN"": 0.5191, ""US"": 0.237, ""BR"": 0.0913, ""GB"": 0.0658, ""DE"": 0.0868}"
2026-05-15,13,43,0.1316,6.033,"{""IN"": 0.5191, ""US"": 0.237, ""BR"": 0.0913, ""GB"": 0.0658, ""DE"": 0.0868}"
2026-05-15,14,723,2.2346,6.2991,"{""IN"": 0.5191, ""US"": 0.237, ""BR"": 0.0913, ""GB"": 0.0658, ""DE"": 0.0868}"
2026-05-15,15,24,0.071,6.1321,"{""IN"": 0.5191, ""US"": 0.237, ""BR"": 0.0913, ""GB"": 0.0658, ""DE"": 0.0868}"
2026-05-15,16,52,0.0367,2.2445,"{""IN"": 0.5191, ""US"": 0.237, ""BR"": 0.0913, ""GB"": 0.0658, ""DE"": 0.0868}"
2026-05-15,17,81,0.0657,2.1711,"{""IN"": 0.5191, ""US"": 0.237, ""BR"": 0.0913, ""GB"": 0.0658, ""DE"": 0.0868}"
2026-05-15,18,56,0.0455,2.281,"{""IN"": 0.5191, ""US"": 0.237, ""BR"": 0.0913, ""GB"": 0.0658, ""DE"": 0.0868}"
2026-05-15,19,57,0.0438,2.2427,"{""IN"": 0.5191, ""US"": 0.237, ""BR"": 0.0913, ""GB"": 0.0658, ""DE"": 0.0868}"
2026-05-15,20,60,0.0477,2.2184,"{""IN"": 0.5191, ""US"": 0.237, ""BR"": 0.0913, ""GB"": 0.0658, ""DE"": 0.0868}"
2026-05-15,21,34,0.0257,2.3603,"{""IN"": 0.5191, ""US"": 0.237, ""BR"": 0.0913, ""GB"": 0.0658, ""DE"": 0.0868}"
2026-05-15,22,45,0.0339,2.263,"{""IN"": 0.5191, ""US"": 0.237, ""BR"": 0.0913, ""GB"": 0.0658, ""DE"": 0.0868}"
2026-05-15,23,68,0.0477,1.9113,"{""IN"": 0.5191, ""US"": 0.237, ""BR"": 0.0913, ""GB"": 0.0658, ""DE"": 0.0868}"
2026-05-15,24,46,0.0366,2.2101,"{""IN"": 0.5191, ""US"": 0.237, ""BR"": 0.0913, ""GB"": 0.0658, ""DE"": 0.0868}"
2026-05-15,25,67,0.0515,2.1147,"{""IN"": 0.5191, ""US"": 0.237, ""BR"": 0.0913, ""GB"": 0.0658, ""DE"": 0.0868}"
2026-05-15,26,407,0.2702,2.3291,"{""IN"": 0.5191, ""US"": 0.237, ""BR"": 0.0913, ""GB"": 0.0658, ""DE"": 0.0868}"
2026-05-15,27,44,0.0341,2.0915,"{""IN"": 0.5191, ""US"": 0.237, ""BR"": 0.0913, ""GB"": 0.0658, ""DE"": 0.0868}"
2026-05-15,28,32,0.0222,2.1502,"{""IN"": 0.5191, ""US"": 0.237, ""BR"": 0.0913, ""GB"": 0.0658, ""DE"": 0.0868}"
2026-05-15,29,50,0.0361,2.2215,"{""IN"": 0.5191, ""US"": 0.237, ""BR"": 0.0913, ""GB"": 0.0658, ""DE"": 0.0868}"
2026-05-15,30,44,0.0334,2.2766,"{""IN"": 0.5191, ""US"": 0.237, ""BR"": 0.0913, ""GB"": 0.0658, ""DE"": 0.0868}"
2026-05-15,31,58,0.0445,2.1297,"{""IN"": 0.5191, ""US"": 0.237, ""BR"": 0.0913, ""GB"": 0.0658, ""DE"": 0.0868}"
2026-05-15,32,72,0.0525,2.1537,"{""IN"": 0.5191, ""US"": 0.237, ""BR"": 0.0913, ""GB"": 0.0658, ""DE"": 0.0868}"
2026-05-15,33,237,0.174,2.172,"{""IN"": 0.5191, ""US"": 0.237, ""BR"": 0.0913, ""GB"": 0.0658, ""DE"": 0.0868}"
2026-05-15,34,250,0.0571,0.3691,"{""IN"": 0.5191, ""US"": 0.237, ""BR"": 0.0913, ""GB"": 0.0658, ""DE"": 0.0868}"
2026-05-15,35,261,0.0534,0.3866,"{""IN"": 0.5191, ""US"": 0.237, ""BR"": 0.0913, ""GB"": 0.0658, ""DE"": 0.0868}"
2026-05-15,36,296,0.0665,0.3598,"{""IN"": 0.5191, ""US"": 0.237, ""BR"": 0.0913, ""GB"": 0.0658, ""DE"": 0.0868}"
2026-05-15,37,226,0.0537,0.389,"{""IN"": 0.5191, ""US"": 0.237, ""BR"": 0.0913, ""GB"": 0.0658, ""DE"": 0.0868}"
2026-05-15,38,249,0.0529,0.3527,"{""IN"": 0.5191, ""US"": 0.237, ""BR"": 0.0913, ""GB"": 0.0658, ""DE"": 0.0868}"
2026-05-15,39,244,0.056,0.3787,"{""IN"": 0.5191, ""US"": 0.237, ""BR"": 0.0913, ""GB"": 0.0658, ""DE"": 0.0868}"
2026-05-15,40,820,0.1841,0.3857,"{""IN"": 0.5191, ""US"": 0.237, ""BR"": 0.0913, ""GB"": 0.0658, ""DE"": 0.0868}"
2026-05-15,41,435,0.0927,0.3734,"{""IN"": 0.5191, ""US"": 0.237, ""BR"": 0.0913, ""GB"": 0.0658, ""DE"": 0.0868}"
2026-05-15,42,287,0.0647,0.3801,"{""IN"": 0.5191, ""US"": 0.237, ""BR"": 0.0913, ""GB"": 0.0658, ""DE"": 0.0868}"
2026-05-15,43,204,0.0483,0.3647,"{""IN"": 0.5191, ""US"": 0.237, ""BR"": 0.0913, ""GB"": 0.0658, ""DE"": 0.0868}"
2026-05-15,44,20,0.0445,4.4268,"{""IN"": 0.5191, ""US"": 0.237, ""BR"": 0.0913, ""GB"": 0.0658, ""DE"": 0.0868}"
2026-05-15,45,32,0.0715,4.6516,"{""IN"": 0.5191, ""US"": 0.237, ""BR"": 0.0913, ""GB"": 0.0658, ""DE"": 0.0868}"
2026-05-15,46,36,0.0839,4.7776,"{""IN"": 0.5191, ""US"": 0.237, ""BR"": 0.0913, ""GB"": 0.0658, ""DE"": 0.0868}"
2026-05-15,47,44,0.1006,4.6885,"{""IN"": 0.5191, ""US"": 0.237, ""BR"": 0.0913, ""GB"": 0.0658, ""DE"": 0.0868}"
2026-05-15,48,47,0.1188,4.5065,"{""IN"": 0.5191, ""US"": 0.237, ""BR"": 0.0913, ""GB"": 0.0658, ""DE"": 0.0868}"
2026-05-15,49,11,0.0128,2.3749,"{""IN"": 0.5191, ""US"": 0.237, ""BR"": 0.0913, ""GB"": 0.0658, ""DE"": 0.0868}"
2026-05-15,50,14,0.0147,2.1823,"{""IN"": 0.5191, ""US"": 0.237, ""BR"": 0.0913, ""GB"": 0.0658, ""DE"": 0.0868}"
2026-05-16,1,36,0.1099,6.2194,"{""IN"": 0.4999, ""US"": 0.24, ""BR"": 0.0985, ""GB"": 0.062, ""DE"": 0.0996}"
2026-05-16,2,30,0.087,5.8582,"{""IN"": 0.4999, ""US"": 0.24, ""BR"": 0.0985, ""GB"": 0.062, ""DE"": 0.0996}"
2026-05-16,3,41,0.1232,6.3899,"{""IN"": 0.4999, ""US"": 0.24, ""BR"": 0.0985, ""GB"": 0.062, ""DE"": 0.0996}"
2026-05-16,4,30,0.0921,5.9167,"{""IN"": 0.4999, ""US"": 0.24, ""BR"": 0.0985, ""GB"": 0.062, ""DE"": 0.0996}"
2026-05-16,6,26,0.0808,6.4308,"{""IN"": 0.4999, ""US"": 0.24, ""BR"": 0.0985, ""GB"": 0.062, ""DE"": 0.0996}"
2026-05-16,7,31,0.0884,6.1625,"{""IN"": 0.4999, ""US"": 0.24, ""BR"": 0.0985, ""GB"": 0.062, ""DE"": 0.0996}"
2026-05-16,8,40,0.114,5.7541,"{""IN"": 0.4999, ""US"": 0.24, ""BR"": 0.0985, ""GB"": 0.062, ""DE"": 0.0996}"
2026-05-16,9,42,0.1327,6.2508,"{""IN"": 0.4999, ""US"": 0.24, ""BR"": 0.0985, ""GB"": 0.062, ""DE"": 0.0996}"
2026-05-16,10,35,0.1156,6.2822,"{""IN"": 0.4999, ""US"": 0.24, ""BR"": 0.0985, ""GB"": 0.062, ""DE"": 0.0996}"
2026-05-16,11,30,0.0928,6.479,"{""IN"": 0.4999, ""US"": 0.24, ""BR"": 0.0985, ""GB"": 0.062, ""DE"": 0.0996}"
2026-05-16,12,28,0.0836,5.58,"{""IN"": 0.4999, ""US"": 0.24, ""BR"": 0.0985, ""GB"": 0.062, ""DE"": 0.0996}"
2026-05-16,13,26,0.08,6.4219,"{""IN"": 0.4999, ""US"": 0.24, ""BR"": 0.0985, ""GB"": 0.062, ""DE"": 0.0996}"
2026-05-16,14,376,1.1265,6.4515,"{""IN"": 0.4999, ""US"": 0.24, ""BR"": 0.0985, ""GB"": 0.062, ""DE"": 0.0996}"
2026-05-16,15,27,0.0847,6.1825,"{""IN"": 0.4999, ""US"": 0.24, ""BR"": 0.0985, ""GB"": 0.062, ""DE"": 0.0996}"
2026-05-16,16,65,0.051,2.3539,"{""IN"": 0.4999, ""US"": 0.24, ""BR"": 0.0985, ""GB"": 0.062, ""DE"": 0.0996}"
2026-05-16,17,56,0.0422,2.1233,"{""IN"": 0.4999, ""US"": 0.24, ""BR"": 0.0985, ""GB"": 0.062, ""DE"": 0.0996}"
2026-05-16,18,68,0.0494,2.2539,"{""IN"": 0.4999, ""US"": 0.24, ""BR"": 0.0985, ""GB"": 0.062, ""DE"": 0.0996}"
2026-05-16,19,43,0.0329,2.3155,"{""IN"": 0.4999, ""US"": 0.24, ""BR"": 0.0985, ""GB"": 0.062, ""DE"": 0.0996}"
2026-05-16,20,42,0.0307,2.1881,"{""IN"": 0.4999, ""US"": 0.24, ""BR"": 0.0985, ""GB"": 0.062, ""DE"": 0.0996}"
2026-05-16,21,52,0.04,2.3275,"{""IN"": 0.4999, ""US"": 0.24, ""BR"": 0.0985, ""GB"": 0.062, ""DE"": 0.0996}"
2026-05-16,22,59,0.0421,2.119,"{""IN"": 0.4999, ""US"": 0.24, ""BR"": 0.0985, ""GB"": 0.062, ""DE"": 0.0996}"
2026-05-16,23,54,0.0431,2.2729,"{""IN"": 0.4999, ""US"": 0.24, ""BR"": 0.0985, ""GB"": 0.062, ""DE"": 0.0996}"
2026-05-16,24,55,0.0375,2.2333,"{""IN"": 0.4999, ""US"": 0.24, ""BR"": 0.0985, ""GB"": 0.062, ""DE"": 0.0996}"
2026-05-16,25,40,0.0317,2.2359,"{""IN"": 0.4999, ""US"": 0.24, ""BR"": 0.0985, ""GB"": 0.062, ""DE"": 0.0996}"
2026-05-16,26,279,0.2028,2.2853,"{""IN"": 0.4999, ""US"": 0.24, ""BR"": 0.0985, ""GB"": 0.062, ""DE"": 0.0996}"
2026-05-16,27,41,0.0317,2.4141,"{""IN"": 0.4999, ""US"": 0.24, ""BR"": 0.0985, ""GB"": 0.062, ""DE"": 0.0996}"
2026-05-16,28,48,0.0393,2.0214,"{""IN"": 0.4999, ""US"": 0.24, ""BR"": 0.0985, ""GB"": 0.062, ""DE"": 0.0996}"
2026-05-16,29,48,0.0364,2.2465,"{""IN"": 0.4999, ""US"": 0.24, ""BR"": 0.0985, ""GB"": 0.062, ""DE"": 0.0996}"
2026-05-16,30,67,0.0513,2.2323,"{""IN"": 0.4999, ""US"": 0.24, ""BR"": 0.0985, ""GB"": 0.062, ""DE"": 0.0996}"
2026-05-16,31,64,0.0563,2.4161,"{""IN"": 0.4999, ""US"": 0.24, ""BR"": 0.0985, ""GB"": 0.062, ""DE"": 0.0996}"
2026-05-16,32,30,0.0236,2.3727,"{""IN"": 0.4999, ""US"": 0.24, ""BR"": 0.0985, ""GB"": 0.062, ""DE"": 0.0996}"
2026-05-16,33,183,0.1379,2.1832,"{""IN"": 0.4999, ""US"": 0.24, ""BR"": 0.0985, ""GB"": 0.062, ""DE"": 0.0996}"
2026-05-16,34,226,0.0536,0.3763,"{""IN"": 0.4999, ""US"": 0.24, ""BR"": 0.0985, ""GB"": 0.062, ""DE"": 0.0996}"
2026-05-16,35,233,0.0519,0.3788,"{""IN"": 0.4999, ""US"": 0.24, ""BR"": 0.0985, ""GB"": 0.062, ""DE"": 0.0996}"
2026-05-16,36,183,0.0432,0.3698,"{""IN"": 0.4999, ""US"": 0.24, ""BR"": 0.0985, ""GB"": 0.062, ""DE"": 0.0996}"
2026-05-16,37,232,0.0536,0.3776,"{""IN"": 0.4999, ""US"": 0.24, ""BR"": 0.0985, ""GB"": 0.062, ""DE"": 0.0996}"
2026-05-16,38,252,0.0607,0.3492,"{""IN"": 0.4999, ""US"": 0.24, ""BR"": 0.0985, ""GB"": 0.062, ""DE"": 0.0996}"
2026-05-16,39,211,0.0508,0.4182,"{""IN"": 0.4999, ""US"": 0.24, ""BR"": 0.0985, ""GB"": 0.062, ""DE"": 0.0996}"
2026-05-16,40,755,0.1792,0.3946,"{""IN"": 0.4999, ""US"": 0.24, ""BR"": 0.0985, ""GB"": 0.062, ""DE"": 0.0996}"
2026-05-16,41,329,0.075,0.3969,"{""IN"": 0.4999, ""US"": 0.24, ""BR"": 0.0985, ""GB"": 0.062, ""DE"": 0.0996}"
2026-05-16,42,190,0.0453,0.382,"{""IN"": 0.4999, ""US"": 0.24, ""BR"": 0.0985, ""GB"": 0.062, ""DE"": 0.0996}"
2026-05-16,43,213,0.0457,0.3826,"{""IN"": 0.4999, ""US"": 0.24, ""BR"": 0.0985, ""GB"": 0.062, ""DE"": 0.0996}"
2026-05-16,44,37,0.0882,4.9536,"{""IN"": 0.4999, ""US"": 0.24, ""BR"": 0.0985, ""GB"": 0.062, ""DE"": 0.0996}"
2026-05-16,45,26,0.058,4.1618,"{""IN"": 0.4999, ""US"": 0.24, ""BR"": 0.0985, ""GB"": 0.062, ""DE"": 0.0996}"
2026-05-16,46,30,0.0689,4.6041,"{""IN"": 0.4999, ""US"": 0.24, ""BR"": 0.0985, ""GB"": 0.062, ""DE"": 0.0996}"
2026-05-16,47,28,0.0686,4.9382,"{""IN"": 0.4999, ""US"": 0.24, ""BR"": 0.0985, ""GB"": 0.062, ""DE"": 0.0996}"
2026-05-16,48,31,0.0718,4.3564,"{""IN"": 0.4999, ""US"": 0.24, ""BR"": 0.0985, ""GB"": 0.062, ""DE"": 0.0996}"
2026-05-16,49,10,0.0116,2.178,"{""IN"": 0.4999, ""US"": 0.24, ""BR"": 0.0985, ""GB"": 0.062, ""DE"": 0.0996}"
2026-05-16,50,11,0.0128,2.1601,"{""IN"": 0.4999, ""US"": 0.24, ""BR"": 0.0985, ""GB"": 0.062, ""DE"": 0.0996}"
2026-05-17,1,24,0.0734,5.9324,"{""IN"": 0.5144, ""US"": 0.2345, ""BR"": 0.0978, ""GB"": 0.0397, ""DE"": 0.1136}"
2026-05-17,2,18,0.0589,5.615,"{""IN"": 0.5144, ""US"": 0.2345, ""BR"": 0.0978, ""GB"": 0.0397, ""DE"": 0.1136}"
2026-05-17,3,44,0.1309,6.2574,"{""IN"": 0.5144, ""US"": 0.2345, ""BR"": 0.0978, ""GB"": 0.0397, ""DE"": 0.1136}"
2026-05-17,4,26,0.0779,5.5004,"{""IN"": 0.5144, ""US"": 0.2345, ""BR"": 0.0978, ""GB"": 0.0397, ""DE"": 0.1136}"
2026-05-17,6,30,0.093,5.7974,"{""IN"": 0.5144, ""US"": 0.2345, ""BR"": 0.0978, ""GB"": 0.0397, ""DE"": 0.1136}"
2026-05-17,7,32,0.0952,5.9587,"{""IN"": 0.5144, ""US"": 0.2345, ""BR"": 0.0978, ""GB"": 0.0397, ""DE"": 0.1136}"
2026-05-17,8,30,0.0938,5.9458,"{""IN"": 0.5144, ""US"": 0.2345, ""BR"": 0.0978, ""GB"": 0.0397, ""DE"": 0.1136}"
2026-05-17,9,38,0.1103,5.6195,"{""IN"": 0.5144, ""US"": 0.2345, ""BR"": 0.0978, ""GB"": 0.0397, ""DE"": 0.1136}"
2026-05-17,10,36,0.1065,5.8494,"{""IN"": 0.5144, ""US"": 0.2345, ""BR"": 0.0978, ""GB"": 0.0397, ""DE"": 0.1136}"
2026-05-17,11,30,0.0932,5.5372,"{""IN"": 0.5144, ""US"": 0.2345, ""BR"": 0.0978, ""GB"": 0.0397, ""DE"": 0.1136}"
2026-05-17,12,16,0.0469,6.0791,"{""IN"": 0.5144, ""US"": 0.2345, ""BR"": 0.0978, ""GB"": 0.0397, ""DE"": 0.1136}"
2026-05-17,13,30,0.0834,5.6994,"{""IN"": 0.5144, ""US"": 0.2345, ""BR"": 0.0978, ""GB"": 0.0397, ""DE"": 0.1136}"
2026-05-17,14,542,1.739,5.939,"{""IN"": 0.5144, ""US"": 0.2345, ""BR"": 0.0978, ""GB"": 0.0397, ""DE"": 0.1136}"
2026-05-17,15,25,0.0718,5.8068,"{""IN"": 0.5144, ""US"": 0.2345, ""BR"": 0.0978, ""GB"": 0.0397, ""DE"": 0.1136}"
2026-05-17,16,56,0.0418,2.1633,"{""IN"": 0.5144, ""US"": 0.2345, ""BR"": 0.0978, ""GB"": 0.0397, ""DE"": 0.1136}"
2026-05-17,17,74,0.0537,2.2496,"{""IN"": 0.5144, ""US"": 0.2345, ""BR"": 0.0978, ""GB"": 0.0397, ""DE"": 0.1136}"
2026-05-17,18,39,0.0286,2.184,"{""IN"": 0.5144, ""US"": 0.2345, ""BR"": 0.0978, ""GB"": 0.0397, ""DE"": 0.1136}"
2026-05-17,19,59,0.0482,2.4371,"{""IN"": 0.5144, ""US"": 0.2345, ""BR"": 0.0978, ""GB"": 0.0397, ""DE"": 0.1136}"
2026-05-17,20,61,0.045,2.2222,"{""IN"": 0.5144, ""US"": 0.2345, ""BR"": 0.0978, ""GB"": 0.0397, ""DE"": 0.1136}"
2026-05-17,21,64,0.0501,2.0975,"{""IN"": 0.5144, ""US"": 0.2345, ""BR"": 0.0978, ""GB"": 0.0397, ""DE"": 0.1136}"
2026-05-17,22,69,0.0517,2.2038,"{""IN"": 0.5144, ""US"": 0.2345, ""BR"": 0.0978, ""GB"": 0.0397, ""DE"": 0.1136}"
2026-05-17,23,64,0.0487,2.2885,"{""IN"": 0.5144, ""US"": 0.2345, ""BR"": 0.0978, ""GB"": 0.0397, ""DE"": 0.1136}"
2026-05-17,24,60,0.0457,2.2022,"{""IN"": 0.5144, ""US"": 0.2345, ""BR"": 0.0978, ""GB"": 0.0397, ""DE"": 0.1136}"
2026-05-17,25,65,0.0436,2.1286,"{""IN"": 0.5144, ""US"": 0.2345, ""BR"": 0.0978, ""GB"": 0.0397, ""DE"": 0.1136}"
2026-05-17,26,275,0.201,2.2822,"{""IN"": 0.5144, ""US"": 0.2345, ""BR"": 0.0978, ""GB"": 0.0397, ""DE"": 0.1136}"
2026-05-17,27,73,0.0518,2.1737,"{""IN"": 0.5144, ""US"": 0.2345, ""BR"": 0.0978, ""GB"": 0.0397, ""DE"": 0.1136}"
2026-05-17,28,55,0.041,2.4952,"{""IN"": 0.5144, ""US"": 0.2345, ""BR"": 0.0978, ""GB"": 0.0397, ""DE"": 0.1136}"
2026-05-17,29,53,0.0415,2.1734,"{""IN"": 0.5144, ""US"": 0.2345, ""BR"": 0.0978, ""GB"": 0.0397, ""DE"": 0.1136}"
2026-05-17,30,60,0.045,2.2822,"{""IN"": 0.5144, ""US"": 0.2345, ""BR"": 0.0978, ""GB"": 0.0397, ""DE"": 0.1136}"
2026-05-17,31,54,0.0411,2.1808,"{""IN"": 0.5144, ""US"": 0.2345, ""BR"": 0.0978, ""GB"": 0.0397, ""DE"": 0.1136}"
2026-05-17,32,51,0.0382,2.4123,"{""IN"": 0.5144, ""US"": 0.2345, ""BR"": 0.0978, ""GB"": 0.0397, ""DE"": 0.1136}"
2026-05-17,33,183,0.1319,2.4578,"{""IN"": 0.5144, ""US"": 0.2345, ""BR"": 0.0978, ""GB"": 0.0397, ""DE"": 0.1136}"
2026-05-17,34,188,0.0457,0.3677,"{""IN"": 0.5144, ""US"": 0.2345, ""BR"": 0.0978, ""GB"": 0.0397, ""DE"": 0.1136}"
2026-05-17,35,201,0.0435,0.3921,"{""IN"": 0.5144, ""US"": 0.2345, ""BR"": 0.0978, ""GB"": 0.0397, ""DE"": 0.1136}"
2026-05-17,36,205,0.0465,0.3835,"{""IN"": 0.5144, ""US"": 0.2345, ""BR"": 0.0978, ""GB"": 0.0397, ""DE"": 0.1136}"
2026-05-17,37,175,0.0406,0.3746,"{""IN"": 0.5144, ""US"": 0.2345, ""BR"": 0.0978, ""GB"": 0.0397, ""DE"": 0.1136}"
2026-05-17,38,187,0.0419,0.3738,"{""IN"": 0.5144, ""US"": 0.2345, ""BR"": 0.0978, ""GB"": 0.0397, ""DE"": 0.1136}"
2026-05-17,39,236,0.0513,0.3862,"{""IN"": 0.5144, ""US"": 0.2345, ""BR"": 0.0978, ""GB"": 0.0397, ""DE"": 0.1136}"
2026-05-17,40,666,0.146,0.3857,"{""IN"": 0.5144, ""US"": 0.2345, ""BR"": 0.0978, ""GB"": 0.0397, ""DE"": 0.1136}"
2026-05-17,41,355,0.0727,0.4137,"{""IN"": 0.5144, ""US"": 0.2345, ""BR"": 0.0978, ""GB"": 0.0397, ""DE"": 0.1136}"
2026-05-17,42,222,0.048,0.343,"{""IN"": 0.5144, ""US"": 0.2345, ""BR"": 0.0978, ""GB"": 0.0397, ""DE"": 0.1136}"
2026-05-17,43,247,0.0517,0.3464,"{""IN"": 0.5144, ""US"": 0.2345, ""BR"": 0.0978, ""GB"": 0.0397, ""DE"": 0.1136}"
2026-05-17,44,27,0.0591,4.4687,"{""IN"": 0.5144, ""US"": 0.2345, ""BR"": 0.0978, ""GB"": 0.0397, ""DE"": 0.1136}"
2026-05-17,45,29,0.0599,4.4365,"{""IN"": 0.5144, ""US"": 0.2345, ""BR"": 0.0978, ""GB"": 0.0397, ""DE"": 0.1136}"
2026-05-17,46,38,0.0881,4.7168,"{""IN"": 0.5144, ""US"": 0.2345, ""BR"": 0.0978, ""GB"": 0.0397, ""DE"": 0.1136}"
2026-05-17,47,14,0.0265,4.7833,"{""IN"": 0.5144, ""US"": 0.2345, ""BR"": 0.0978, ""GB"": 0.0397, ""DE"": 0.1136}"
2026-05-17,48,25,0.0609,4.4048,"{""IN"": 0.5144, ""US"": 0.2345, ""BR"": 0.0978, ""GB"": 0.0397, ""DE"": 0.1136}"
2026-05-17,49,15,0.016,2.2836,"{""IN"": 0.5144, ""US"": 0.2345, ""BR"": 0.0978, ""GB"": 0.0397, ""DE"": 0.1136}"
2026-05-17,50,16,0.0181,2.3393,"{""IN"": 0.5144, ""US"": 0.2345, ""BR"": 0.0978, ""GB"": 0.0397, ""DE"": 0.1136}"
2026-05-18,1,51,0.164,6.0975,"{""IN"": 0.5027, ""US"": 0.2326, ""BR"": 0.1027, ""GB"": 0.0651, ""DE"": 0.097}"
2026-05-18,2,61,0.1773,6.0805,"{""IN"": 0.5027, ""US"": 0.2326, ""BR"": 0.1027, ""GB"": 0.0651, ""DE"": 0.097}"
2026-05-18,3,43,0.1203,6.2836,"{""IN"": 0.5027, ""US"": 0.2326, ""BR"": 0.1027, ""GB"": 0.0651, ""DE"": 0.097}"
2026-05-18,4,26,0.0796,6.0636,"{""IN"": 0.5027, ""US"": 0.2326, ""BR"": 0.1027, ""GB"": 0.0651, ""DE"": 0.097}"
2026-05-18,6,26,0.0829,6.0999,"{""IN"": 0.5027, ""US"": 0.2326, ""BR"": 0.1027, ""GB"": 0.0651, ""DE"": 0.097}"
2026-05-18,7,34,0.1046,5.9485,"{""IN"": 0.5027, ""US"": 0.2326, ""BR"": 0.1027, ""GB"": 0.0651, ""DE"": 0.097}"
2026-05-18,8,42,0.1227,5.9111,"{""IN"": 0.5027, ""US"": 0.2326, ""BR"": 0.1027, ""GB"": 0.0651, ""DE"": 0.097}"
2026-05-18,9,43,0.1311,5.4033,"{""IN"": 0.5027, ""US"": 0.2326, ""BR"": 0.1027, ""GB"": 0.0651, ""DE"": 0.097}"
2026-05-18,10,47,0.1326,5.7316,"{""IN"": 0.5027, ""US"": 0.2326, ""BR"": 0.1027, ""GB"": 0.0651, ""DE"": 0.097}"
2026-05-18,11,46,0.1463,6.0745,"{""IN"": 0.5027, ""US"": 0.2326, ""BR"": 0.1027, ""GB"": 0.0651, ""DE"": 0.097}"
2026-05-18,12,39,0.1257,6.2461,"{""IN"": 0.5027, ""US"": 0.2326, ""BR"": 0.1027, ""GB"": 0.0651, ""DE"": 0.097}"
2026-05-18,13,34,0.0905,5.7662,"{""IN"": 0.5027, ""US"": 0.2326, ""BR"": 0.1027, ""GB"": 0.0651, ""DE"": 0.097}"
2026-05-18,14,378,1.1673,5.9713,"{""IN"": 0.5027, ""US"": 0.2326, ""BR"": 0.1027, ""GB"": 0.0651, ""DE"": 0.097}"
2026-05-18,15,50,0.1474,5.8494,"{""IN"": 0.5027, ""US"": 0.2326, ""BR"": 0.1027, ""GB"": 0.0651, ""DE"": 0.097}"
2026-05-18,16,73,0.055,2.391,"{""IN"": 0.5027, ""US"": 0.2326, ""BR"": 0.1027, ""GB"": 0.0651, ""DE"": 0.097}"
2026-05-18,17,95,0.0805,2.317,"{""IN"": 0.5027, ""US"": 0.2326, ""BR"": 0.1027, ""GB"": 0.0651, ""DE"": 0.097}"
2026-05-18,18,61,0.044,2.3259,"{""IN"": 0.5027, ""US"": 0.2326, ""BR"": 0.1027, ""GB"": 0.0651, ""DE"": 0.097}"
2026-05-18,19,50,0.038,2.3956,"{""IN"": 0.5027, ""US"": 0.2326, ""BR"": 0.1027, ""GB"": 0.0651, ""DE"": 0.097}"
2026-05-18,20,60,0.0494,2.3277,"{""IN"": 0.5027, ""US"": 0.2326, ""BR"": 0.1027, ""GB"": 0.0651, ""DE"": 0.097}"
2026-05-18,21,58,0.0433,2.1874,"{""IN"": 0.5027, ""US"": 0.2326, ""BR"": 0.1027, ""GB"": 0.0651, ""DE"": 0.097}"
2026-05-18,22,52,0.0389,2.2711,"{""IN"": 0.5027, ""US"": 0.2326, ""BR"": 0.1027, ""GB"": 0.0651, ""DE"": 0.097}"
2026-05-18,23,47,0.0346,2.2251,"{""IN"": 0.5027, ""US"": 0.2326, ""BR"": 0.1027, ""GB"": 0.0651, ""DE"": 0.097}"
2026-05-18,24,42,0.0297,2.3154,"{""IN"": 0.5027, ""US"": 0.2326, ""BR"": 0.1027, ""GB"": 0.0651, ""DE"": 0.097}"
2026-05-18,25,64,0.0469,2.2057,"{""IN"": 0.5027, ""US"": 0.2326, ""BR"": 0.1027, ""GB"": 0.0651, ""DE"": 0.097}"
2026-05-18,26,313,0.2599,2.4281,"{""IN"": 0.5027, ""US"": 0.2326, ""BR"": 0.1027, ""GB"": 0.0651, ""DE"": 0.097}"
2026-05-18,27,62,0.047,2.3161,"{""IN"": 0.5027, ""US"": 0.2326, ""BR"": 0.1027, ""GB"": 0.0651, ""DE"": 0.097}"
2026-05-18,28,56,0.0462,2.2772,"{""IN"": 0.5027, ""US"": 0.2326, ""BR"": 0.1027, ""GB"": 0.0651, ""DE"": 0.097}"
2026-05-18,29,83,0.0629,2.3134,"{""IN"": 0.5027, ""US"": 0.2326, ""BR"": 0.1027, ""GB"": 0.0651, ""DE"": 0.097}"
2026-05-18,30,51,0.0371,2.6083,"{""IN"": 0.5027, ""US"": 0.2326, ""BR"": 0.1027, ""GB"": 0.0651, ""DE"": 0.097}"
2026-05-18,31,68,0.0524,2.5049,"{""IN"": 0.5027, ""US"": 0.2326, ""BR"": 0.1027, ""GB"": 0.0651, ""DE"": 0.097}"
2026-05-18,32,62,0.0507,2.1078,"{""IN"": 0.5027, ""US"": 0.2326, ""BR"": 0.1027, ""GB"": 0.0651, ""DE"": 0.097}"
2026-05-18,33,235,0.1762,2.3766,"{""IN"": 0.5027, ""US"": 0.2326, ""BR"": 0.1027, ""GB"": 0.0651, ""DE"": 0.097}"
2026-05-18,34,282,0.0689,0.3329,"{""IN"": 0.5027, ""US"": 0.2326, ""BR"": 0.1027, ""GB"": 0.0651, ""DE"": 0.097}"
2026-05-18,35,246,0.0567,0.3725,"{""IN"": 0.5027, ""US"": 0.2326, ""BR"": 0.1027, ""GB"": 0.0651, ""DE"": 0.097}"
2026-05-18,36,364,0.0842,0.3772,"{""IN"": 0.5027, ""US"": 0.2326, ""BR"": 0.1027, ""GB"": 0.0651, ""DE"": 0.097}"
2026-05-18,37,228,0.0502,0.3667,"{""IN"": 0.5027, ""US"": 0.2326, ""BR"": 0.1027, ""GB"": 0.0651, ""DE"": 0.097}"
2026-05-18,38,220,0.053,0.4098,"{""IN"": 0.5027, ""US"": 0.2326, ""BR"": 0.1027, ""GB"": 0.0651, ""DE"": 0.097}"
2026-05-18,39,255,0.0586,0.3957,"{""IN"": 0.5027, ""US"": 0.2326, ""BR"": 0.1027, ""GB"": 0.0651, ""DE"": 0.097}"
2026-05-18,40,783,0.1784,0.393,"{""IN"": 0.5027, ""US"": 0.2326, ""BR"": 0.1027, ""GB"": 0.0651, ""DE"": 0.097}"
2026-05-18,41,307,0.0693,0.3869,"{""IN"": 0.5027, ""US"": 0.2326, ""BR"": 0.1027, ""GB"": 0.0651, ""DE"": 0.097}"
2026-05-18,42,199,0.045,0.3828,"{""IN"": 0.5027, ""US"": 0.2326, ""BR"": 0.1027, ""GB"": 0.0651, ""DE"": 0.097}"
2026-05-18,43,326,0.0689,0.3862,"{""IN"": 0.5027, ""US"": 0.2326, ""BR"": 0.1027, ""GB"": 0.0651, ""DE"": 0.097}"
2026-05-18,44,44,0.1028,4.3681,"{""IN"": 0.5027, ""US"": 0.2326, ""BR"": 0.1027, ""GB"": 0.0651, ""DE"": 0.097}"
2026-05-18,45,33,0.0742,4.8413,"{""IN"": 0.5027, ""US"": 0.2326, ""BR"": 0.1027, ""GB"": 0.0651, ""DE"": 0.097}"
2026-05-18,46,50,0.123,4.5902,"{""IN"": 0.5027, ""US"": 0.2326, ""BR"": 0.1027, ""GB"": 0.0651, ""DE"": 0.097}"
2026-05-18,47,34,0.0751,4.8005,"{""IN"": 0.5027, ""US"": 0.2326, ""BR"": 0.1027, ""GB"": 0.0651, ""DE"": 0.097}"
2026-05-18,48,41,0.0901,4.3978,"{""IN"": 0.5027, ""US"": 0.2326, ""BR"": 0.1027, ""GB"": 0.0651, ""DE"": 0.097}"
2026-05-18,49,17,0.0184,2.4016,"{""IN"": 0.5027, ""US"": 0.2326, ""BR"": 0.1027, ""GB"": 0.0651, ""DE"": 0.097}"
2026-05-18,50,21,0.0238,2.2536,"{""IN"": 0.5027, ""US"": 0.2326, ""BR"": 0.1027, ""GB"": 0.0651, ""DE"": 0.097}"
2026-05-19,1,37,0.1118,5.6117,"{""IN"": 0.5051, ""US"": 0.2419, ""BR"": 0.121, ""GB"": 0.0591, ""DE"": 0.0729}"
2026-05-19,2,37,0.105,6.1985,"{""IN"": 0.5051, ""US"": 0.2419, ""BR"": 0.121, ""GB"": 0.0591, ""DE"": 0.0729}"
2026-05-19,3,46,0.1349,5.6379,"{""IN"": 0.5051, ""US"": 0.2419, ""BR"": 0.121, ""GB"": 0.0591, ""DE"": 0.0729}"
2026-05-19,4,33,0.0919,5.9626,"{""IN"": 0.5051, ""US"": 0.2419, ""BR"": 0.121, ""GB"": 0.0591, ""DE"": 0.0729}"
2026-05-19,6,45,0.1368,6.1278,"{""IN"": 0.5051, ""US"": 0.2419, ""BR"": 0.121, ""GB"": 0.0591, ""DE"": 0.0729}"
2026-05-19,7,34,0.1026,5.7232,"{""IN"": 0.5051, ""US"": 0.2419, ""BR"": 0.121, ""GB"": 0.0591, ""DE"": 0.0729}"
2026-05-19,8,36,0.1065,5.8704,"{""IN"": 0.5051, ""US"": 0.2419, ""BR"": 0.121, ""GB"": 0.0591, ""DE"": 0.0729}"
2026-05-19,9,52,0.157,6.4365,"{""IN"": 0.5051, ""US"": 0.2419, ""BR"": 0.121, ""GB"": 0.0591, ""DE"": 0.0729}"
2026-05-19,10,59,0.1827,5.8996,"{""IN"": 0.5051, ""US"": 0.2419, ""BR"": 0.121, ""GB"": 0.0591, ""DE"": 0.0729}"
2026-05-19,11,51,0.1535,6.2119,"{""IN"": 0.5051, ""US"": 0.2419, ""BR"": 0.121, ""GB"": 0.0591, ""DE"": 0.0729}"
2026-05-19,12,49,0.1515,5.8015,"{""IN"": 0.5051, ""US"": 0.2419, ""BR"": 0.121, ""GB"": 0.0591, ""DE"": 0.0729}"
2026-05-19,13,44,0.1413,6.1115,"{""IN"": 0.5051, ""US"": 0.2419, ""BR"": 0.121, ""GB"": 0.0591, ""DE"": 0.0729}"
2026-05-19,14,258,0.6991,6.0239,"{""IN"": 0.5051, ""US"": 0.2419, ""BR"": 0.121, ""GB"": 0.0591, ""DE"": 0.0729}"
2026-05-19,15,35,0.113,5.9571,"{""IN"": 0.5051, ""US"": 0.2419, ""BR"": 0.121, ""GB"": 0.0591, ""DE"": 0.0729}"
2026-05-19,16,65,0.0491,2.4081,"{""IN"": 0.5051, ""US"": 0.2419, ""BR"": 0.121, ""GB"": 0.0591, ""DE"": 0.0729}"
2026-05-19,17,39,0.0274,2.0471,"{""IN"": 0.5051, ""US"": 0.2419, ""BR"": 0.121, ""GB"": 0.0591, ""DE"": 0.0729}"
2026-05-19,18,74,0.0537,2.3362,"{""IN"": 0.5051, ""US"": 0.2419, ""BR"": 0.121, ""GB"": 0.0591, ""DE"": 0.0729}"
2026-05-19,19,63,0.0474,2.1921,"{""IN"": 0.5051, ""US"": 0.2419, ""BR"": 0.121, ""GB"": 0.0591, ""DE"": 0.0729}"
2026-05-19,20,61,0.0453,2.0171,"{""IN"": 0.5051, ""US"": 0.2419, ""BR"": 0.121, ""GB"": 0.0591, ""DE"": 0.0729}"
2026-05-19,21,50,0.0369,2.0214,"{""IN"": 0.5051, ""US"": 0.2419, ""BR"": 0.121, ""GB"": 0.0591, ""DE"": 0.0729}"
2026-05-19,22,55,0.0412,2.2089,"{""IN"": 0.5051, ""US"": 0.2419, ""BR"": 0.121, ""GB"": 0.0591, ""DE"": 0.0729}"
2026-05-19,23,55,0.0365,2.4916,"{""IN"": 0.5051, ""US"": 0.2419, ""BR"": 0.121, ""GB"": 0.0591, ""DE"": 0.0729}"
2026-05-19,24,77,0.0586,2.2193,"{""IN"": 0.5051, ""US"": 0.2419, ""BR"": 0.121, ""GB"": 0.0591, ""DE"": 0.0729}"
2026-05-19,25,59,0.0437,2.0631,"{""IN"": 0.5051, ""US"": 0.2419, ""BR"": 0.121, ""GB"": 0.0591, ""DE"": 0.0729}"
2026-05-19,26,256,0.1997,2.2596,"{""IN"": 0.5051, ""US"": 0.2419, ""BR"": 0.121, ""GB"": 0.0591, ""DE"": 0.0729}"
2026-05-19,27,46,0.0333,2.0994,"{""IN"": 0.5051, ""US"": 0.2419, ""BR"": 0.121, ""GB"": 0.0591, ""DE"": 0.0729}"
2026-05-19,28,37,0.0277,2.2547,"{""IN"": 0.5051, ""US"": 0.2419, ""BR"": 0.121, ""GB"": 0.0591, ""DE"": 0.0729}"
2026-05-19,29,58,0.0434,2.0834,"{""IN"": 0.5051, ""US"": 0.2419, ""BR"": 0.121, ""GB"": 0.0591, ""DE"": 0.0729}"
2026-05-19,30,58,0.0403,2.1926,"{""IN"": 0.5051, ""US"": 0.2419, ""BR"": 0.121, ""GB"": 0.0591, ""DE"": 0.0729}"
2026-05-19,31,57,0.0396,2.161,"{""IN"": 0.5051, ""US"": 0.2419, ""BR"": 0.121, ""GB"": 0.0591, ""DE"": 0.0729}"
2026-05-19,32,52,0.04,2.045,"{""IN"": 0.5051, ""US"": 0.2419, ""BR"": 0.121, ""GB"": 0.0591, ""DE"": 0.0729}"
2026-05-19,33,181,0.1321,2.1058,"{""IN"": 0.5051, ""US"": 0.2419, ""BR"": 0.121, ""GB"": 0.0591, ""DE"": 0.0729}"
2026-05-19,34,253,0.0471,0.3634,"{""IN"": 0.5051, ""US"": 0.2419, ""BR"": 0.121, ""GB"": 0.0591, ""DE"": 0.0729}"
2026-05-19,35,214,0.0501,0.3581,"{""IN"": 0.5051, ""US"": 0.2419, ""BR"": 0.121, ""GB"": 0.0591, ""DE"": 0.0729}"
2026-05-19,36,246,0.0528,0.3447,"{""IN"": 0.5051, ""US"": 0.2419, ""BR"": 0.121, ""GB"": 0.0591, ""DE"": 0.0729}"
2026-05-19,37,239,0.0498,0.3562,"{""IN"": 0.5051, ""US"": 0.2419, ""BR"": 0.121, ""GB"": 0.0591, ""DE"": 0.0729}"
2026-05-19,38,308,0.0673,0.387,"{""IN"": 0.5051, ""US"": 0.2419, ""BR"": 0.121, ""GB"": 0.0591, ""DE"": 0.0729}"
2026-05-19,39,247,0.0549,0.3568,"{""IN"": 0.5051, ""US"": 0.2419, ""BR"": 0.121, ""GB"": 0.0591, ""DE"": 0.0729}"
2026-05-19,40,690,0.1542,0.3668,"{""IN"": 0.5051, ""US"": 0.2419, ""BR"": 0.121, ""GB"": 0.0591, ""DE"": 0.0729}"
2026-05-19,41,298,0.0571,0.3855,"{""IN"": 0.5051, ""US"": 0.2419, ""BR"": 0.121, ""GB"": 0.0591, ""DE"": 0.0729}"
2026-05-19,42,257,0.0607,0.3521,"{""IN"": 0.5051, ""US"": 0.2419, ""BR"": 0.121, ""GB"": 0.0591, ""DE"": 0.0729}"
2026-05-19,43,203,0.0459,0.3756,"{""IN"": 0.5051, ""US"": 0.2419, ""BR"": 0.121, ""GB"": 0.0591, ""DE"": 0.0729}"
2026-05-19,44,33,0.0729,4.4424,"{""IN"": 0.5051, ""US"": 0.2419, ""BR"": 0.121, ""GB"": 0.0591, ""DE"": 0.0729}"
2026-05-19,45,33,0.0766,4.3294,"{""IN"": 0.5051, ""US"": 0.2419, ""BR"": 0.121, ""GB"": 0.0591, ""DE"": 0.0729}"
2026-05-19,46,33,0.0705,4.3881,"{""IN"": 0.5051, ""US"": 0.2419, ""BR"": 0.121, ""GB"": 0.0591, ""DE"": 0.0729}"
2026-05-19,47,50,0.1129,4.1319,"{""IN"": 0.5051, ""US"": 0.2419, ""BR"": 0.121, ""GB"": 0.0591, ""DE"": 0.0729}"
2026-05-19,48,39,0.0932,4.057,"{""IN"": 0.5051, ""US"": 0.2419, ""BR"": 0.121, ""GB"": 0.0591, ""DE"": 0.0729}"
2026-05-19,49,19,0.0204,1.986,"{""IN"": 0.5051, ""US"": 0.2419, ""BR"": 0.121, ""GB"": 0.0591, ""DE"": 0.0729}"
2026-05-19,50,11,0.0124,2.3768,"{""IN"": 0.5051, ""US"": 0.2419, ""BR"": 0.121, ""GB"": 0.0591, ""DE"": 0.0729}"
2026-05-20,1,37,0.1121,6.0919,"{""IN"": 0.4662, ""US"": 0.2602, ""BR"": 0.1245, ""GB"": 0.0557, ""DE"": 0.0934}"
2026-05-20,2,52,0.1676,5.9708,"{""IN"": 0.4662, ""US"": 0.2602, ""BR"": 0.1245, ""GB"": 0.0557, ""DE"": 0.0934}"
2026-05-20,3,42,0.1392,6.3715,"{""IN"": 0.4662, ""US"": 0.2602, ""BR"": 0.1245, ""GB"": 0.0557, ""DE"": 0.0934}"
2026-05-20,4,47,0.1465,6.6469,"{""IN"": 0.4662, ""US"": 0.2602, ""BR"": 0.1245, ""GB"": 0.0557, ""DE"": 0.0934}"
2026-05-20,6,60,0.1865,6.538,"{""IN"": 0.4662, ""US"": 0.2602, ""BR"": 0.1245, ""GB"": 0.0557, ""DE"": 0.0934}"
2026-05-20,7,38,0.1154,6.3484,"{""IN"": 0.4662, ""US"": 0.2602, ""BR"": 0.1245, ""GB"": 0.0557, ""DE"": 0.0934}"
2026-05-20,8,35,0.1031,6.3357,"{""IN"": 0.4662, ""US"": 0.2602, ""BR"": 0.1245, ""GB"": 0.0557, ""DE"": 0.0934}"
2026-05-20,9,41,0.1236,6.4997,"{""IN"": 0.4662, ""US"": 0.2602, ""BR"": 0.1245, ""GB"": 0.0557, ""DE"": 0.0934}"
2026-05-20,10,44,0.1447,6.0928,"{""IN"": 0.4662, ""US"": 0.2602, ""BR"": 0.1245, ""GB"": 0.0557, ""DE"": 0.0934}"
2026-05-20,11,48,0.1515,6.0582,"{""IN"": 0.4662, ""US"": 0.2602, ""BR"": 0.1245, ""GB"": 0.0557, ""DE"": 0.0934}"
2026-05-20,12,32,0.0987,5.9149,"{""IN"": 0.4662, ""US"": 0.2602, ""BR"": 0.1245, ""GB"": 0.0557, ""DE"": 0.0934}"
2026-05-20,13,48,0.1546,6.399,"{""IN"": 0.4662, ""US"": 0.2602, ""BR"": 0.1245, ""GB"": 0.0557, ""DE"": 0.0934}"
2026-05-20,14,529,1.5745,6.5553,"{""IN"": 0.4662, ""US"": 0.2602, ""BR"": 0.1245, ""GB"": 0.0557, ""DE"": 0.0934}"
2026-05-20,15,43,0.131,6.1234,"{""IN"": 0.4662, ""US"": 0.2602, ""BR"": 0.1245, ""GB"": 0.0557, ""DE"": 0.0934}"
2026-05-20,16,54,0.0403,2.3347,"{""IN"": 0.4662, ""US"": 0.2602, ""BR"": 0.1245, ""GB"": 0.0557, ""DE"": 0.0934}"
2026-05-20,17,50,0.04,2.3391,"{""IN"": 0.4662, ""US"": 0.2602, ""BR"": 0.1245, ""GB"": 0.0557, ""DE"": 0.0934}"
2026-05-20,18,58,0.0459,2.3778,"{""IN"": 0.4662, ""US"": 0.2602, ""BR"": 0.1245, ""GB"": 0.0557, ""DE"": 0.0934}"
2026-05-20,19,69,0.0536,2.4823,"{""IN"": 0.4662, ""US"": 0.2602, ""BR"": 0.1245, ""GB"": 0.0557, ""DE"": 0.0934}"
2026-05-20,20,55,0.0437,2.3208,"{""IN"": 0.4662, ""US"": 0.2602, ""BR"": 0.1245, ""GB"": 0.0557, ""DE"": 0.0934}"
2026-05-20,21,74,0.0572,2.3345,"{""IN"": 0.4662, ""US"": 0.2602, ""BR"": 0.1245, ""GB"": 0.0557, ""DE"": 0.0934}"
2026-05-20,22,49,0.0404,2.4119,"{""IN"": 0.4662, ""US"": 0.2602, ""BR"": 0.1245, ""GB"": 0.0557, ""DE"": 0.0934}"
2026-05-20,23,74,0.0593,2.1502,"{""IN"": 0.4662, ""US"": 0.2602, ""BR"": 0.1245, ""GB"": 0.0557, ""DE"": 0.0934}"
2026-05-20,24,74,0.0637,2.3926,"{""IN"": 0.4662, ""US"": 0.2602, ""BR"": 0.1245, ""GB"": 0.0557, ""DE"": 0.0934}"
2026-05-20,25,59,0.0456,2.0148,"{""IN"": 0.4662, ""US"": 0.2602, ""BR"": 0.1245, ""GB"": 0.0557, ""DE"": 0.0934}"
2026-05-20,26,276,0.2296,2.4053,"{""IN"": 0.4662, ""US"": 0.2602, ""BR"": 0.1245, ""GB"": 0.0557, ""DE"": 0.0934}"
2026-05-20,27,54,0.0426,2.4227,"{""IN"": 0.4662, ""US"": 0.2602, ""BR"": 0.1245, ""GB"": 0.0557, ""DE"": 0.0934}"
2026-05-20,28,48,0.0362,2.5371,"{""IN"": 0.4662, ""US"": 0.2602, ""BR"": 0.1245, ""GB"": 0.0557, ""DE"": 0.0934}"
2026-05-20,29,70,0.0528,2.3299,"{""IN"": 0.4662, ""US"": 0.2602, ""BR"": 0.1245, ""GB"": 0.0557, ""DE"": 0.0934}"
2026-05-20,30,62,0.0455,2.4042,"{""IN"": 0.4662, ""US"": 0.2602, ""BR"": 0.1245, ""GB"": 0.0557, ""DE"": 0.0934}"
2026-05-20,31,67,0.05,2.3653,"{""IN"": 0.4662, ""US"": 0.2602, ""BR"": 0.1245, ""GB"": 0.0557, ""DE"": 0.0934}"
2026-05-20,32,40,0.0323,2.2907,"{""IN"": 0.4662, ""US"": 0.2602, ""BR"": 0.1245, ""GB"": 0.0557, ""DE"": 0.0934}"
2026-05-20,33,162,0.1343,2.4028,"{""IN"": 0.4662, ""US"": 0.2602, ""BR"": 0.1245, ""GB"": 0.0557, ""DE"": 0.0934}"
2026-05-20,34,252,0.0569,0.3975,"{""IN"": 0.4662, ""US"": 0.2602, ""BR"": 0.1245, ""GB"": 0.0557, ""DE"": 0.0934}"
2026-05-20,35,205,0.0478,0.4027,"{""IN"": 0.4662, ""US"": 0.2602, ""BR"": 0.1245, ""GB"": 0.0557, ""DE"": 0.0934}"
2026-05-20,36,297,0.0709,0.3692,"{""IN"": 0.4662, ""US"": 0.2602, ""BR"": 0.1245, ""GB"": 0.0557, ""DE"": 0.0934}"
2026-05-20,37,245,0.0555,0.3888,"{""IN"": 0.4662, ""US"": 0.2602, ""BR"": 0.1245, ""GB"": 0.0557, ""DE"": 0.0934}"
2026-05-20,38,175,0.0407,0.4197,"{""IN"": 0.4662, ""US"": 0.2602, ""BR"": 0.1245, ""GB"": 0.0557, ""DE"": 0.0934}"
2026-05-20,39,263,0.0568,0.4158,"{""IN"": 0.4662, ""US"": 0.2602, ""BR"": 0.1245, ""GB"": 0.0557, ""DE"": 0.0934}"
2026-05-20,40,518,0.1247,0.3927,"{""IN"": 0.4662, ""US"": 0.2602, ""BR"": 0.1245, ""GB"": 0.0557, ""DE"": 0.0934}"
2026-05-20,41,317,0.0821,0.3618,"{""IN"": 0.4662, ""US"": 0.2602, ""BR"": 0.1245, ""GB"": 0.0557, ""DE"": 0.0934}"
2026-05-20,42,304,0.0688,0.39,"{""IN"": 0.4662, ""US"": 0.2602, ""BR"": 0.1245, ""GB"": 0.0557, ""DE"": 0.0934}"
2026-05-20,43,260,0.0598,0.3886,"{""IN"": 0.4662, ""US"": 0.2602, ""BR"": 0.1245, ""GB"": 0.0557, ""DE"": 0.0934}"
2026-05-20,44,34,0.0764,4.6499,"{""IN"": 0.4662, ""US"": 0.2602, ""BR"": 0.1245, ""GB"": 0.0557, ""DE"": 0.0934}"
2026-05-20,45,29,0.0652,4.9105,"{""IN"": 0.4662, ""US"": 0.2602, ""BR"": 0.1245, ""GB"": 0.0557, ""DE"": 0.0934}"
2026-05-20,46,31,0.0708,4.6816,"{""IN"": 0.4662, ""US"": 0.2602, ""BR"": 0.1245, ""GB"": 0.0557, ""DE"": 0.0934}"
2026-05-20,47,35,0.0809,4.8392,"{""IN"": 0.4662, ""US"": 0.2602, ""BR"": 0.1245, ""GB"": 0.0557, ""DE"": 0.0934}"
2026-05-20,48,20,0.043,4.7315,"{""IN"": 0.4662, ""US"": 0.2602, ""BR"": 0.1245, ""GB"": 0.0557, ""DE"": 0.0934}"
2026-05-20,49,15,0.0164,2.3734,"{""IN"": 0.4662, ""US"": 0.2602, ""BR"": 0.1245, ""GB"": 0.0557, ""DE"": 0.0934}"
2026-05-20,50,23,0.027,2.4591,"{""IN"": 0.4662, ""US"": 0.2602, ""BR"": 0.1245, ""GB"": 0.0557, ""DE"": 0.0934}"
2026-05-21,1,61,0.1964,5.8514,"{""IN"": 0.505, ""US"": 0.2782, ""BR"": 0.0774, ""GB"": 0.0641, ""DE"": 0.0753}"
2026-05-21,2,37,0.1197,6.2252,"{""IN"": 0.505, ""US"": 0.2782, ""BR"": 0.0774, ""GB"": 0.0641, ""DE"": 0.0753}"
2026-05-21,3,39,0.1162,6.2441,"{""IN"": 0.505, ""US"": 0.2782, ""BR"": 0.0774, ""GB"": 0.0641, ""DE"": 0.0753}"
2026-05-21,4,37,0.1212,5.86,"{""IN"": 0.505, ""US"": 0.2782, ""BR"": 0.0774, ""GB"": 0.0641, ""DE"": 0.0753}"
2026-05-21,6,31,0.0924,6.0738,"{""IN"": 0.505, ""US"": 0.2782, ""BR"": 0.0774, ""GB"": 0.0641, ""DE"": 0.0753}"
2026-05-21,7,50,0.1544,6.2435,"{""IN"": 0.505, ""US"": 0.2782, ""BR"": 0.0774, ""GB"": 0.0641, ""DE"": 0.0753}"
2026-05-21,8,32,0.0897,5.8356,"{""IN"": 0.505, ""US"": 0.2782, ""BR"": 0.0774, ""GB"": 0.0641, ""DE"": 0.0753}"
2026-05-21,9,30,0.086,6.7445,"{""IN"": 0.505, ""US"": 0.2782, ""BR"": 0.0774, ""GB"": 0.0641, ""DE"": 0.0753}"
2026-05-21,10,29,0.0958,6.2608,"{""IN"": 0.505, ""US"": 0.2782, ""BR"": 0.0774, ""GB"": 0.0641, ""DE"": 0.0753}"
2026-05-21,11,40,0.1242,6.0867,"{""IN"": 0.505, ""US"": 0.2782, ""BR"": 0.0774, ""GB"": 0.0641, ""DE"": 0.0753}"
2026-05-21,12,46,0.1415,6.0609,"{""IN"": 0.505, ""US"": 0.2782, ""BR"": 0.0774, ""GB"": 0.0641, ""DE"": 0.0753}"
2026-05-21,13,36,0.1106,6.3418,"{""IN"": 0.505, ""US"": 0.2782, ""BR"": 0.0774, ""GB"": 0.0641, ""DE"": 0.0753}"
2026-05-21,14,513,1.5894,6.8357,"{""IN"": 0.505, ""US"": 0.2782, ""BR"": 0.0774, ""GB"": 0.0641, ""DE"": 0.0753}"
2026-05-21,15,32,0.1027,5.8446,"{""IN"": 0.505, ""US"": 0.2782, ""BR"": 0.0774, ""GB"": 0.0641, ""DE"": 0.0753}"
2026-05-21,16,69,0.0505,2.428,"{""IN"": 0.505, ""US"": 0.2782, ""BR"": 0.0774, ""GB"": 0.0641, ""DE"": 0.0753}"
2026-05-21,17,55,0.0404,2.4314,"{""IN"": 0.505, ""US"": 0.2782, ""BR"": 0.0774, ""GB"": 0.0641, ""DE"": 0.0753}"
2026-05-21,18,66,0.0538,2.2709,"{""IN"": 0.505, ""US"": 0.2782, ""BR"": 0.0774, ""GB"": 0.0641, ""DE"": 0.0753}"
2026-05-21,19,54,0.0436,2.4373,"{""IN"": 0.505, ""US"": 0.2782, ""BR"": 0.0774, ""GB"": 0.0641, ""DE"": 0.0753}"
2026-05-21,20,69,0.0547,2.308,"{""IN"": 0.505, ""US"": 0.2782, ""BR"": 0.0774, ""GB"": 0.0641, ""DE"": 0.0753}"
2026-05-21,21,58,0.0416,2.4707,"{""IN"": 0.505, ""US"": 0.2782, ""BR"": 0.0774, ""GB"": 0.0641, ""DE"": 0.0753}"
2026-05-21,22,41,0.0339,2.2959,"{""IN"": 0.505, ""US"": 0.2782, ""BR"": 0.0774, ""GB"": 0.0641, ""DE"": 0.0753}"
2026-05-21,23,61,0.0514,2.3248,"{""IN"": 0.505, ""US"": 0.2782, ""BR"": 0.0774, ""GB"": 0.0641, ""DE"": 0.0753}"
2026-05-21,24,69,0.0533,2.598,"{""IN"": 0.505, ""US"": 0.2782, ""BR"": 0.0774, ""GB"": 0.0641, ""DE"": 0.0753}"
2026-05-21,25,61,0.0452,2.2612,"{""IN"": 0.505, ""US"": 0.2782, ""BR"": 0.0774, ""GB"": 0.0641, ""DE"": 0.0753}"
2026-05-21,26,259,0.1964,2.314,"{""IN"": 0.505, ""US"": 0.2782, ""BR"": 0.0774, ""GB"": 0.0641, ""DE"": 0.0753}"
2026-05-21,27,57,0.045,2.3514,"{""IN"": 0.505, ""US"": 0.2782, ""BR"": 0.0774, ""GB"": 0.0641, ""DE"": 0.0753}"
2026-05-21,28,72,0.0574,2.4662,"{""IN"": 0.505, ""US"": 0.2782, ""BR"": 0.0774, ""GB"": 0.0641, ""DE"": 0.0753}"
2026-05-21,29,61,0.0476,2.3187,"{""IN"": 0.505, ""US"": 0.2782, ""BR"": 0.0774, ""GB"": 0.0641, ""DE"": 0.0753}"
2026-05-21,30,39,0.0308,2.3508,"{""IN"": 0.505, ""US"": 0.2782, ""BR"": 0.0774, ""GB"": 0.0641, ""DE"": 0.0753}"
2026-05-21,31,64,0.0496,2.3047,"{""IN"": 0.505, ""US"": 0.2782, ""BR"": 0.0774, ""GB"": 0.0641, ""DE"": 0.0753}"
2026-05-21,32,74,0.0625,2.5108,"{""IN"": 0.505, ""US"": 0.2782, ""BR"": 0.0774, ""GB"": 0.0641, ""DE"": 0.0753}"
2026-05-21,33,135,0.1041,2.4996,"{""IN"": 0.505, ""US"": 0.2782, ""BR"": 0.0774, ""GB"": 0.0641, ""DE"": 0.0753}"
2026-05-21,34,216,0.056,0.3741,"{""IN"": 0.505, ""US"": 0.2782, ""BR"": 0.0774, ""GB"": 0.0641, ""DE"": 0.0753}"
2026-05-21,35,189,0.0409,0.3951,"{""IN"": 0.505, ""US"": 0.2782, ""BR"": 0.0774, ""GB"": 0.0641, ""DE"": 0.0753}"
2026-05-21,36,244,0.058,0.4069,"{""IN"": 0.505, ""US"": 0.2782, ""BR"": 0.0774, ""GB"": 0.0641, ""DE"": 0.0753}"
2026-05-21,37,303,0.0698,0.4034,"{""IN"": 0.505, ""US"": 0.2782, ""BR"": 0.0774, ""GB"": 0.0641, ""DE"": 0.0753}"
2026-05-21,38,239,0.0504,0.398,"{""IN"": 0.505, ""US"": 0.2782, ""BR"": 0.0774, ""GB"": 0.0641, ""DE"": 0.0753}"
2026-05-21,39,255,0.0582,0.3954,"{""IN"": 0.505, ""US"": 0.2782, ""BR"": 0.0774, ""GB"": 0.0641, ""DE"": 0.0753}"
2026-05-21,40,479,0.1082,0.3459,"{""IN"": 0.505, ""US"": 0.2782, ""BR"": 0.0774, ""GB"": 0.0641, ""DE"": 0.0753}"
2026-05-21,41,259,0.0627,0.3912,"{""IN"": 0.505, ""US"": 0.2782, ""BR"": 0.0774, ""GB"": 0.0641, ""DE"": 0.0753}"
2026-05-21,42,241,0.0558,0.4025,"{""IN"": 0.505, ""US"": 0.2782, ""BR"": 0.0774, ""GB"": 0.0641, ""DE"": 0.0753}"
2026-05-21,43,219,0.0567,0.4053,"{""IN"": 0.505, ""US"": 0.2782, ""BR"": 0.0774, ""GB"": 0.0641, ""DE"": 0.0753}"
2026-05-21,44,49,0.1293,4.7443,"{""IN"": 0.505, ""US"": 0.2782, ""BR"": 0.0774, ""GB"": 0.0641, ""DE"": 0.0753}"
2026-05-21,45,33,0.0849,4.8686,"{""IN"": 0.505, ""US"": 0.2782, ""BR"": 0.0774, ""GB"": 0.0641, ""DE"": 0.0753}"
2026-05-21,46,29,0.0668,4.6249,"{""IN"": 0.505, ""US"": 0.2782, ""BR"": 0.0774, ""GB"": 0.0641, ""DE"": 0.0753}"
2026-05-21,47,35,0.0809,4.8373,"{""IN"": 0.505, ""US"": 0.2782, ""BR"": 0.0774, ""GB"": 0.0641, ""DE"": 0.0753}"
2026-05-21,48,54,0.118,4.7159,"{""IN"": 0.505, ""US"": 0.2782, ""BR"": 0.0774, ""GB"": 0.0641, ""DE"": 0.0753}"
2026-05-21,49,16,0.0194,2.253,"{""IN"": 0.505, ""US"": 0.2782, ""BR"": 0.0774, ""GB"": 0.0641, ""DE"": 0.0753}"
2026-05-21,50,18,0.0229,2.3541,"{""IN"": 0.505, ""US"": 0.2782, ""BR"": 0.0774, ""GB"": 0.0641, ""DE"": 0.0753}"
2026-05-22,1,49,0.1484,5.8863,"{""IN"": 0.4803, ""US"": 0.2198, ""BR"": 0.1309, ""GB"": 0.0425, ""DE"": 0.1265}"
2026-05-22,2,45,0.1414,5.5776,"{""IN"": 0.4803, ""US"": 0.2198, ""BR"": 0.1309, ""GB"": 0.0425, ""DE"": 0.1265}"
2026-05-22,3,47,0.1452,5.6522,"{""IN"": 0.4803, ""US"": 0.2198, ""BR"": 0.1309, ""GB"": 0.0425, ""DE"": 0.1265}"
2026-05-22,4,39,0.1283,5.9366,"{""IN"": 0.4803, ""US"": 0.2198, ""BR"": 0.1309, ""GB"": 0.0425, ""DE"": 0.1265}"
2026-05-22,6,45,0.1393,5.6643,"{""IN"": 0.4803, ""US"": 0.2198, ""BR"": 0.1309, ""GB"": 0.0425, ""DE"": 0.1265}"
2026-05-22,7,30,0.0897,6.0117,"{""IN"": 0.4803, ""US"": 0.2198, ""BR"": 0.1309, ""GB"": 0.0425, ""DE"": 0.1265}"
2026-05-22,8,37,0.1128,5.8187,"{""IN"": 0.4803, ""US"": 0.2198, ""BR"": 0.1309, ""GB"": 0.0425, ""DE"": 0.1265}"
2026-05-22,9,49,0.1552,5.8217,"{""IN"": 0.4803, ""US"": 0.2198, ""BR"": 0.1309, ""GB"": 0.0425, ""DE"": 0.1265}"
2026-05-22,10,37,0.1151,6.2829,"{""IN"": 0.4803, ""US"": 0.2198, ""BR"": 0.1309, ""GB"": 0.0425, ""DE"": 0.1265}"
2026-05-22,11,35,0.109,6.0316,"{""IN"": 0.4803, ""US"": 0.2198, ""BR"": 0.1309, ""GB"": 0.0425, ""DE"": 0.1265}"
2026-05-22,12,41,0.121,5.8524,"{""IN"": 0.4803, ""US"": 0.2198, ""BR"": 0.1309, ""GB"": 0.0425, ""DE"": 0.1265}"
2026-05-22,13,41,0.1251,5.66,"{""IN"": 0.4803, ""US"": 0.2198, ""BR"": 0.1309, ""GB"": 0.0425, ""DE"": 0.1265}"
2026-05-22,14,280,0.87,6.2931,"{""IN"": 0.4803, ""US"": 0.2198, ""BR"": 0.1309, ""GB"": 0.0425, ""DE"": 0.1265}"
2026-05-22,15,41,0.1252,5.9177,"{""IN"": 0.4803, ""US"": 0.2198, ""BR"": 0.1309, ""GB"": 0.0425, ""DE"": 0.1265}"
2026-05-22,16,53,0.0391,2.2161,"{""IN"": 0.4803, ""US"": 0.2198, ""BR"": 0.1309, ""GB"": 0.0425, ""DE"": 0.1265}"
2026-05-22,17,61,0.0447,2.1715,"{""IN"": 0.4803, ""US"": 0.2198, ""BR"": 0.1309, ""GB"": 0.0425, ""DE"": 0.1265}"
2026-05-22,18,52,0.0382,2.1579,"{""IN"": 0.4803, ""US"": 0.2198, ""BR"": 0.1309, ""GB"": 0.0425, ""DE"": 0.1265}"
2026-05-22,19,77,0.0556,2.2312,"{""IN"": 0.4803, ""US"": 0.2198, ""BR"": 0.1309, ""GB"": 0.0425, ""DE"": 0.1265}"
2026-05-22,20,53,0.0415,2.1689,"{""IN"": 0.4803, ""US"": 0.2198, ""BR"": 0.1309, ""GB"": 0.0425, ""DE"": 0.1265}"
2026-05-22,21,45,0.0333,2.2417,"{""IN"": 0.4803, ""US"": 0.2198, ""BR"": 0.1309, ""GB"": 0.0425, ""DE"": 0.1265}"
2026-05-22,22,65,0.0458,2.3066,"{""IN"": 0.4803, ""US"": 0.2198, ""BR"": 0.1309, ""GB"": 0.0425, ""DE"": 0.1265}"
2026-05-22,23,61,0.0432,2.3358,"{""IN"": 0.4803, ""US"": 0.2198, ""BR"": 0.1309, ""GB"": 0.0425, ""DE"": 0.1265}"
2026-05-22,24,22,0.017,2.2698,"{""IN"": 0.4803, ""US"": 0.2198, ""BR"": 0.1309, ""GB"": 0.0425, ""DE"": 0.1265}"
2026-05-22,25,61,0.0455,2.4082,"{""IN"": 0.4803, ""US"": 0.2198, ""BR"": 0.1309, ""GB"": 0.0425, ""DE"": 0.1265}"
2026-05-22,26,199,0.1559,2.3297,"{""IN"": 0.4803, ""US"": 0.2198, ""BR"": 0.1309, ""GB"": 0.0425, ""DE"": 0.1265}"
2026-05-22,27,51,0.0366,2.2813,"{""IN"": 0.4803, ""US"": 0.2198, ""BR"": 0.1309, ""GB"": 0.0425, ""DE"": 0.1265}"
2026-05-22,28,65,0.0477,2.22,"{""IN"": 0.4803, ""US"": 0.2198, ""BR"": 0.1309, ""GB"": 0.0425, ""DE"": 0.1265}"
2026-05-22,29,55,0.0424,2.1996,"{""IN"": 0.4803, ""US"": 0.2198, ""BR"": 0.1309, ""GB"": 0.0425, ""DE"": 0.1265}"
2026-05-22,30,46,0.0312,2.2171,"{""IN"": 0.4803, ""US"": 0.2198, ""BR"": 0.1309, ""GB"": 0.0425, ""DE"": 0.1265}"
2026-05-22,31,66,0.0484,2.2042,"{""IN"": 0.4803, ""US"": 0.2198, ""BR"": 0.1309, ""GB"": 0.0425, ""DE"": 0.1265}"
2026-05-22,32,63,0.0499,2.3886,"{""IN"": 0.4803, ""US"": 0.2198, ""BR"": 0.1309, ""GB"": 0.0425, ""DE"": 0.1265}"
2026-05-22,33,146,0.1031,2.1753,"{""IN"": 0.4803, ""US"": 0.2198, ""BR"": 0.1309, ""GB"": 0.0425, ""DE"": 0.1265}"
2026-05-22,34,269,0.0615,0.3732,"{""IN"": 0.4803, ""US"": 0.2198, ""BR"": 0.1309, ""GB"": 0.0425, ""DE"": 0.1265}"
2026-05-22,35,230,0.0509,0.3784,"{""IN"": 0.4803, ""US"": 0.2198, ""BR"": 0.1309, ""GB"": 0.0425, ""DE"": 0.1265}"
2026-05-22,36,333,0.0748,0.3639,"{""IN"": 0.4803, ""US"": 0.2198, ""BR"": 0.1309, ""GB"": 0.0425, ""DE"": 0.1265}"
2026-05-22,37,227,0.056,0.4005,"{""IN"": 0.4803, ""US"": 0.2198, ""BR"": 0.1309, ""GB"": 0.0425, ""DE"": 0.1265}"
2026-05-22,38,226,0.0475,0.3984,"{""IN"": 0.4803, ""US"": 0.2198, ""BR"": 0.1309, ""GB"": 0.0425, ""DE"": 0.1265}"
2026-05-22,39,290,0.0618,0.3797,"{""IN"": 0.4803, ""US"": 0.2198, ""BR"": 0.1309, ""GB"": 0.0425, ""DE"": 0.1265}"
2026-05-22,40,469,0.1028,0.359,"{""IN"": 0.4803, ""US"": 0.2198, ""BR"": 0.1309, ""GB"": 0.0425, ""DE"": 0.1265}"
2026-05-22,41,245,0.0551,0.3725,"{""IN"": 0.4803, ""US"": 0.2198, ""BR"": 0.1309, ""GB"": 0.0425, ""DE"": 0.1265}"
2026-05-22,42,282,0.0685,0.3644,"{""IN"": 0.4803, ""US"": 0.2198, ""BR"": 0.1309, ""GB"": 0.0425, ""DE"": 0.1265}"
2026-05-22,43,329,0.067,0.3568,"{""IN"": 0.4803, ""US"": 0.2198, ""BR"": 0.1309, ""GB"": 0.0425, ""DE"": 0.1265}"
2026-05-22,44,44,0.0928,4.3627,"{""IN"": 0.4803, ""US"": 0.2198, ""BR"": 0.1309, ""GB"": 0.0425, ""DE"": 0.1265}"
2026-05-22,45,30,0.069,4.6848,"{""IN"": 0.4803, ""US"": 0.2198, ""BR"": 0.1309, ""GB"": 0.0425, ""DE"": 0.1265}"
2026-05-22,46,31,0.067,4.6132,"{""IN"": 0.4803, ""US"": 0.2198, ""BR"": 0.1309, ""GB"": 0.0425, ""DE"": 0.1265}"
2026-05-22,47,36,0.0782,4.3646,"{""IN"": 0.4803, ""US"": 0.2198, ""BR"": 0.1309, ""GB"": 0.0425, ""DE"": 0.1265}"
2026-05-22,48,45,0.1037,4.4736,"{""IN"": 0.4803, ""US"": 0.2198, ""BR"": 0.1309, ""GB"": 0.0425, ""DE"": 0.1265}"
2026-05-22,49,13,0.0148,2.1374,"{""IN"": 0.4803, ""US"": 0.2198, ""BR"": 0.1309, ""GB"": 0.0425, ""DE"": 0.1265}"
2026-05-22,50,19,0.0207,2.1677,"{""IN"": 0.4803, ""US"": 0.2198, ""BR"": 0.1309, ""GB"": 0.0425, ""DE"": 0.1265}"
2026-05-23,1,45,0.1475,6.748,"{""IN"": 0.4408, ""US"": 0.2416, ""BR"": 0.1361, ""GB"": 0.0636, ""DE"": 0.118}"
2026-05-23,2,37,0.1185,6.1829,"{""IN"": 0.4408, ""US"": 0.2416, ""BR"": 0.1361, ""GB"": 0.0636, ""DE"": 0.118}"
2026-05-23,3,34,0.1084,6.3484,"{""IN"": 0.4408, ""US"": 0.2416, ""BR"": 0.1361, ""GB"": 0.0636, ""DE"": 0.118}"
2026-05-23,4,48,0.1644,6.4786,"{""IN"": 0.4408, ""US"": 0.2416, ""BR"": 0.1361, ""GB"": 0.0636, ""DE"": 0.118}"
2026-05-23,6,27,0.0881,6.6104,"{""IN"": 0.4408, ""US"": 0.2416, ""BR"": 0.1361, ""GB"": 0.0636, ""DE"": 0.118}"
2026-05-23,7,30,0.0914,6.8411,"{""IN"": 0.4408, ""US"": 0.2416, ""BR"": 0.1361, ""GB"": 0.0636, ""DE"": 0.118}"
2026-05-23,8,35,0.1041,6.2884,"{""IN"": 0.4408, ""US"": 0.2416, ""BR"": 0.1361, ""GB"": 0.0636, ""DE"": 0.118}"
2026-05-23,9,46,0.1457,7.1939,"{""IN"": 0.4408, ""US"": 0.2416, ""BR"": 0.1361, ""GB"": 0.0636, ""DE"": 0.118}"
2026-05-23,10,29,0.0955,6.3661,"{""IN"": 0.4408, ""US"": 0.2416, ""BR"": 0.1361, ""GB"": 0.0636, ""DE"": 0.118}"
2026-05-23,11,40,0.1232,5.9939,"{""IN"": 0.4408, ""US"": 0.2416, ""BR"": 0.1361, ""GB"": 0.0636, ""DE"": 0.118}"
2026-05-23,12,22,0.0674,6.1296,"{""IN"": 0.4408, ""US"": 0.2416, ""BR"": 0.1361, ""GB"": 0.0636, ""DE"": 0.118}"
2026-05-23,13,39,0.1184,6.5007,"{""IN"": 0.4408, ""US"": 0.2416, ""BR"": 0.1361, ""GB"": 0.0636, ""DE"": 0.118}"
2026-05-23,14,341,1.1493,6.0184,"{""IN"": 0.4408, ""US"": 0.2416, ""BR"": 0.1361, ""GB"": 0.0636, ""DE"": 0.118}"
2026-05-23,15,22,0.0657,6.0351,"{""IN"": 0.4408, ""US"": 0.2416, ""BR"": 0.1361, ""GB"": 0.0636, ""DE"": 0.118}"
2026-05-23,16,82,0.0644,2.438,"{""IN"": 0.4408, ""US"": 0.2416, ""BR"": 0.1361, ""GB"": 0.0636, ""DE"": 0.118}"
2026-05-23,17,45,0.0351,2.2953,"{""IN"": 0.4408, ""US"": 0.2416, ""BR"": 0.1361, ""GB"": 0.0636, ""DE"": 0.118}"
2026-05-23,18,53,0.0457,2.1708,"{""IN"": 0.4408, ""US"": 0.2416, ""BR"": 0.1361, ""GB"": 0.0636, ""DE"": 0.118}"
2026-05-23,19,43,0.0341,2.3694,"{""IN"": 0.4408, ""US"": 0.2416, ""BR"": 0.1361, ""GB"": 0.0636, ""DE"": 0.118}"
2026-05-23,20,70,0.0564,2.5858,"{""IN"": 0.4408, ""US"": 0.2416, ""BR"": 0.1361, ""GB"": 0.0636, ""DE"": 0.118}"
2026-05-23,21,52,0.0402,2.2801,"{""IN"": 0.4408, ""US"": 0.2416, ""BR"": 0.1361, ""GB"": 0.0636, ""DE"": 0.118}"
2026-05-23,22,63,0.0455,2.3452,"{""IN"": 0.4408, ""US"": 0.2416, ""BR"": 0.1361, ""GB"": 0.0636, ""DE"": 0.118}"
2026-05-23,23,44,0.0313,2.4987,"{""IN"": 0.4408, ""US"": 0.2416, ""BR"": 0.1361, ""GB"": 0.0636, ""DE"": 0.118}"
2026-05-23,24,30,0.0244,2.3106,"{""IN"": 0.4408, ""US"": 0.2416, ""BR"": 0.1361, ""GB"": 0.0636, ""DE"": 0.118}"
2026-05-23,25,69,0.0546,2.3965,"{""IN"": 0.4408, ""US"": 0.2416, ""BR"": 0.1361, ""GB"": 0.0636, ""DE"": 0.118}"
2026-05-23,26,116,0.089,2.3076,"{""IN"": 0.4408, ""US"": 0.2416, ""BR"": 0.1361, ""GB"": 0.0636, ""DE"": 0.118}"
2026-05-23,27,64,0.051,2.299,"{""IN"": 0.4408, ""US"": 0.2416, ""BR"": 0.1361, ""GB"": 0.0636, ""DE"": 0.118}"
2026-05-23,28,88,0.0703,2.4103,"{""IN"": 0.4408, ""US"": 0.2416, ""BR"": 0.1361, ""GB"": 0.0636, ""DE"": 0.118}"
2026-05-23,29,44,0.0328,2.2422,"{""IN"": 0.4408, ""US"": 0.2416, ""BR"": 0.1361, ""GB"": 0.0636, ""DE"": 0.118}"
2026-05-23,30,55,0.0414,2.5137,"{""IN"": 0.4408, ""US"": 0.2416, ""BR"": 0.1361, ""GB"": 0.0636, ""DE"": 0.118}"
2026-05-23,31,57,0.0419,2.5404,"{""IN"": 0.4408, ""US"": 0.2416, ""BR"": 0.1361, ""GB"": 0.0636, ""DE"": 0.118}"
2026-05-23,32,43,0.0348,2.3075,"{""IN"": 0.4408, ""US"": 0.2416, ""BR"": 0.1361, ""GB"": 0.0636, ""DE"": 0.118}"
2026-05-23,33,97,0.0769,2.6556,"{""IN"": 0.4408, ""US"": 0.2416, ""BR"": 0.1361, ""GB"": 0.0636, ""DE"": 0.118}"
2026-05-23,34,187,0.0412,0.3889,"{""IN"": 0.4408, ""US"": 0.2416, ""BR"": 0.1361, ""GB"": 0.0636, ""DE"": 0.118}"
2026-05-23,35,280,0.0669,0.3847,"{""IN"": 0.4408, ""US"": 0.2416, ""BR"": 0.1361, ""GB"": 0.0636, ""DE"": 0.118}"
2026-05-23,36,236,0.0606,0.3981,"{""IN"": 0.4408, ""US"": 0.2416, ""BR"": 0.1361, ""GB"": 0.0636, ""DE"": 0.118}"
2026-05-23,37,194,0.0456,0.4051,"{""IN"": 0.4408, ""US"": 0.2416, ""BR"": 0.1361, ""GB"": 0.0636, ""DE"": 0.118}"
2026-05-23,38,235,0.0551,0.3945,"{""IN"": 0.4408, ""US"": 0.2416, ""BR"": 0.1361, ""GB"": 0.0636, ""DE"": 0.118}"
2026-05-23,39,224,0.049,0.3566,"{""IN"": 0.4408, ""US"": 0.2416, ""BR"": 0.1361, ""GB"": 0.0636, ""DE"": 0.118}"
2026-05-23,40,492,0.1294,0.3774,"{""IN"": 0.4408, ""US"": 0.2416, ""BR"": 0.1361, ""GB"": 0.0636, ""DE"": 0.118}"
2026-05-23,41,205,0.047,0.4284,"{""IN"": 0.4408, ""US"": 0.2416, ""BR"": 0.1361, ""GB"": 0.0636, ""DE"": 0.118}"
2026-05-23,42,215,0.0523,0.3695,"{""IN"": 0.4408, ""US"": 0.2416, ""BR"": 0.1361, ""GB"": 0.0636, ""DE"": 0.118}"
2026-05-23,43,190,0.0415,0.4165,"{""IN"": 0.4408, ""US"": 0.2416, ""BR"": 0.1361, ""GB"": 0.0636, ""DE"": 0.118}"
2026-05-23,44,32,0.0799,4.7783,"{""IN"": 0.4408, ""US"": 0.2416, ""BR"": 0.1361, ""GB"": 0.0636, ""DE"": 0.118}"
2026-05-23,45,30,0.0727,4.4929,"{""IN"": 0.4408, ""US"": 0.2416, ""BR"": 0.1361, ""GB"": 0.0636, ""DE"": 0.118}"
2026-05-23,46,21,0.0484,4.721,"{""IN"": 0.4408, ""US"": 0.2416, ""BR"": 0.1361, ""GB"": 0.0636, ""DE"": 0.118}"
2026-05-23,47,30,0.0714,4.9069,"{""IN"": 0.4408, ""US"": 0.2416, ""BR"": 0.1361, ""GB"": 0.0636, ""DE"": 0.118}"
2026-05-23,48,25,0.0597,4.7465,"{""IN"": 0.4408, ""US"": 0.2416, ""BR"": 0.1361, ""GB"": 0.0636, ""DE"": 0.118}"
2026-05-23,49,18,0.0207,2.521,"{""IN"": 0.4408, ""US"": 0.2416, ""BR"": 0.1361, ""GB"": 0.0636, ""DE"": 0.118}"
2026-05-23,50,22,0.0269,2.4938,"{""IN"": 0.4408, ""US"": 0.2416, ""BR"": 0.1361, ""GB"": 0.0636, ""DE"": 0.118}"
2026-05-24,1,29,0.0867,6.5183,"{""IN"": 0.5107, ""US"": 0.2348, ""BR"": 0.0873, ""GB"": 0.0618, ""DE"": 0.1054}"
2026-05-24,2,32,0.0951,6.7338,"{""IN"": 0.5107, ""US"": 0.2348, ""BR"": 0.0873, ""GB"": 0.0618, ""DE"": 0.1054}"
2026-05-24,3,30,0.091,5.9907,"{""IN"": 0.5107, ""US"": 0.2348, ""BR"": 0.0873, ""GB"": 0.0618, ""DE"": 0.1054}"
2026-05-24,4,26,0.0746,5.6964,"{""IN"": 0.5107, ""US"": 0.2348, ""BR"": 0.0873, ""GB"": 0.0618, ""DE"": 0.1054}"
2026-05-24,6,34,0.1087,6.5785,"{""IN"": 0.5107, ""US"": 0.2348, ""BR"": 0.0873, ""GB"": 0.0618, ""DE"": 0.1054}"
2026-05-24,7,48,0.1528,6.4495,"{""IN"": 0.5107, ""US"": 0.2348, ""BR"": 0.0873, ""GB"": 0.0618, ""DE"": 0.1054}"
2026-05-24,8,31,0.0933,6.4211,"{""IN"": 0.5107, ""US"": 0.2348, ""BR"": 0.0873, ""GB"": 0.0618, ""DE"": 0.1054}"
2026-05-24,9,42,0.1245,6.1336,"{""IN"": 0.5107, ""US"": 0.2348, ""BR"": 0.0873, ""GB"": 0.0618, ""DE"": 0.1054}"
2026-05-24,10,38,0.11,5.9831,"{""IN"": 0.5107, ""US"": 0.2348, ""BR"": 0.0873, ""GB"": 0.0618, ""DE"": 0.1054}"
2026-05-24,11,22,0.0708,6.1668,"{""IN"": 0.5107, ""US"": 0.2348, ""BR"": 0.0873, ""GB"": 0.0618, ""DE"": 0.1054}"
2026-05-24,12,33,0.1042,6.1026,"{""IN"": 0.5107, ""US"": 0.2348, ""BR"": 0.0873, ""GB"": 0.0618, ""DE"": 0.1054}"
2026-05-24,13,31,0.0973,5.7868,"{""IN"": 0.5107, ""US"": 0.2348, ""BR"": 0.0873, ""GB"": 0.0618, ""DE"": 0.1054}"
2026-05-24,14,201,0.6365,6.2585,"{""IN"": 0.5107, ""US"": 0.2348, ""BR"": 0.0873, ""GB"": 0.0618, ""DE"": 0.1054}"
2026-05-24,15,26,0.0726,6.313,"{""IN"": 0.5107, ""US"": 0.2348, ""BR"": 0.0873, ""GB"": 0.0618, ""DE"": 0.1054}"
2026-05-24,16,47,0.0357,2.1651,"{""IN"": 0.5107, ""US"": 0.2348, ""BR"": 0.0873, ""GB"": 0.0618, ""DE"": 0.1054}"
2026-05-24,17,50,0.0363,2.2336,"{""IN"": 0.5107, ""US"": 0.2348, ""BR"": 0.0873, ""GB"": 0.0618, ""DE"": 0.1054}"
2026-05-24,18,60,0.0401,2.4227,"{""IN"": 0.5107, ""US"": 0.2348, ""BR"": 0.0873, ""GB"": 0.0618, ""DE"": 0.1054}"
2026-05-24,19,51,0.0393,2.3784,"{""IN"": 0.5107, ""US"": 0.2348, ""BR"": 0.0873, ""GB"": 0.0618, ""DE"": 0.1054}"
2026-05-24,20,49,0.0376,2.4157,"{""IN"": 0.5107, ""US"": 0.2348, ""BR"": 0.0873, ""GB"": 0.0618, ""DE"": 0.1054}"
2026-05-24,21,45,0.0328,2.2815,"{""IN"": 0.5107, ""US"": 0.2348, ""BR"": 0.0873, ""GB"": 0.0618, ""DE"": 0.1054}"
2026-05-24,22,43,0.0317,2.2222,"{""IN"": 0.5107, ""US"": 0.2348, ""BR"": 0.0873, ""GB"": 0.0618, ""DE"": 0.1054}"
2026-05-24,23,44,0.0347,2.344,"{""IN"": 0.5107, ""US"": 0.2348, ""BR"": 0.0873, ""GB"": 0.0618, ""DE"": 0.1054}"
2026-05-24,24,46,0.038,2.1138,"{""IN"": 0.5107, ""US"": 0.2348, ""BR"": 0.0873, ""GB"": 0.0618, ""DE"": 0.1054}"
2026-05-24,25,61,0.0488,2.1508,"{""IN"": 0.5107, ""US"": 0.2348, ""BR"": 0.0873, ""GB"": 0.0618, ""DE"": 0.1054}"
2026-05-24,26,134,0.1012,2.1829,"{""IN"": 0.5107, ""US"": 0.2348, ""BR"": 0.0873, ""GB"": 0.0618, ""DE"": 0.1054}"
2026-05-24,27,31,0.0244,2.4384,"{""IN"": 0.5107, ""US"": 0.2348, ""BR"": 0.0873, ""GB"": 0.0618, ""DE"": 0.1054}"
2026-05-24,28,39,0.0282,2.3451,"{""IN"": 0.5107, ""US"": 0.2348, ""BR"": 0.0873, ""GB"": 0.0618, ""DE"": 0.1054}"
2026-05-24,29,37,0.028,2.2811,"{""IN"": 0.5107, ""US"": 0.2348, ""BR"": 0.0873, ""GB"": 0.0618, ""DE"": 0.1054}"
2026-05-24,30,53,0.0416,2.4234,"{""IN"": 0.5107, ""US"": 0.2348, ""BR"": 0.0873, ""GB"": 0.0618, ""DE"": 0.1054}"
2026-05-24,31,57,0.0445,2.2487,"{""IN"": 0.5107, ""US"": 0.2348, ""BR"": 0.0873, ""GB"": 0.0618, ""DE"": 0.1054}"
2026-05-24,32,56,0.043,2.2555,"{""IN"": 0.5107, ""US"": 0.2348, ""BR"": 0.0873, ""GB"": 0.0618, ""DE"": 0.1054}"
2026-05-24,33,114,0.089,2.2929,"{""IN"": 0.5107, ""US"": 0.2348, ""BR"": 0.0873, ""GB"": 0.0618, ""DE"": 0.1054}"
2026-05-24,34,214,0.0496,0.365,"{""IN"": 0.5107, ""US"": 0.2348, ""BR"": 0.0873, ""GB"": 0.0618, ""DE"": 0.1054}"
2026-05-24,35,237,0.0467,0.3465,"{""IN"": 0.5107, ""US"": 0.2348, ""BR"": 0.0873, ""GB"": 0.0618, ""DE"": 0.1054}"
2026-05-24,36,176,0.0404,0.3759,"{""IN"": 0.5107, ""US"": 0.2348, ""BR"": 0.0873, ""GB"": 0.0618, ""DE"": 0.1054}"
2026-05-24,37,187,0.0427,0.3616,"{""IN"": 0.5107, ""US"": 0.2348, ""BR"": 0.0873, ""GB"": 0.0618, ""DE"": 0.1054}"
2026-05-24,38,231,0.0491,0.3448,"{""IN"": 0.5107, ""US"": 0.2348, ""BR"": 0.0873, ""GB"": 0.0618, ""DE"": 0.1054}"
2026-05-24,39,247,0.0513,0.4092,"{""IN"": 0.5107, ""US"": 0.2348, ""BR"": 0.0873, ""GB"": 0.0618, ""DE"": 0.1054}"
2026-05-24,40,421,0.0858,0.4251,"{""IN"": 0.5107, ""US"": 0.2348, ""BR"": 0.0873, ""GB"": 0.0618, ""DE"": 0.1054}"
2026-05-24,41,216,0.0471,0.416,"{""IN"": 0.5107, ""US"": 0.2348, ""BR"": 0.0873, ""GB"": 0.0618, ""DE"": 0.1054}"
2026-05-24,42,254,0.0596,0.3729,"{""IN"": 0.5107, ""US"": 0.2348, ""BR"": 0.0873, ""GB"": 0.0618, ""DE"": 0.1054}"
2026-05-24,43,209,0.0479,0.3565,"{""IN"": 0.5107, ""US"": 0.2348, ""BR"": 0.0873, ""GB"": 0.0618, ""DE"": 0.1054}"
2026-05-24,44,24,0.0541,4.9423,"{""IN"": 0.5107, ""US"": 0.2348, ""BR"": 0.0873, ""GB"": 0.0618, ""DE"": 0.1054}"
2026-05-24,45,21,0.0493,4.4072,"{""IN"": 0.5107, ""US"": 0.2348, ""BR"": 0.0873, ""GB"": 0.0618, ""DE"": 0.1054}"
2026-05-24,46,30,0.0666,4.3907,"{""IN"": 0.5107, ""US"": 0.2348, ""BR"": 0.0873, ""GB"": 0.0618, ""DE"": 0.1054}"
2026-05-24,47,31,0.0694,4.5473,"{""IN"": 0.5107, ""US"": 0.2348, ""BR"": 0.0873, ""GB"": 0.0618, ""DE"": 0.1054}"
2026-05-24,48,29,0.0658,4.9187,"{""IN"": 0.5107, ""US"": 0.2348, ""BR"": 0.0873, ""GB"": 0.0618, ""DE"": 0.1054}"
2026-05-24,49,11,0.0123,2.2111,"{""IN"": 0.5107, ""US"": 0.2348, ""BR"": 0.0873, ""GB"": 0.0618, ""DE"": 0.1054}"
2026-05-24,50,9,0.0103,2.0951,"{""IN"": 0.5107, ""US"": 0.2348, ""BR"": 0.0873, ""GB"": 0.0618, ""DE"": 0.1054}"
2026-05-25,1,43,0.1444,6.5871,"{""IN"": 0.5035, ""US"": 0.2536, ""BR"": 0.0765, ""GB"": 0.0686, ""DE"": 0.0978}"
2026-05-25,2,35,0.1253,6.846,"{""IN"": 0.5035, ""US"": 0.2536, ""BR"": 0.0765, ""GB"": 0.0686, ""DE"": 0.0978}"
2026-05-25,3,36,0.1159,6.3555,"{""IN"": 0.5035, ""US"": 0.2536, ""BR"": 0.0765, ""GB"": 0.0686, ""DE"": 0.0978}"
2026-05-25,4,30,0.0926,6.1268,"{""IN"": 0.5035, ""US"": 0.2536, ""BR"": 0.0765, ""GB"": 0.0686, ""DE"": 0.0978}"
2026-05-25,5,939,2.8471,6.0717,"{""IN"": 0.5035, ""US"": 0.2536, ""BR"": 0.0765, ""GB"": 0.0686, ""DE"": 0.0978}"
2026-05-25,6,45,0.1266,5.7256,"{""IN"": 0.5035, ""US"": 0.2536, ""BR"": 0.0765, ""GB"": 0.0686, ""DE"": 0.0978}"
2026-05-25,7,39,0.1166,5.9096,"{""IN"": 0.5035, ""US"": 0.2536, ""BR"": 0.0765, ""GB"": 0.0686, ""DE"": 0.0978}"
2026-05-25,8,50,0.1537,5.9367,"{""IN"": 0.5035, ""US"": 0.2536, ""BR"": 0.0765, ""GB"": 0.0686, ""DE"": 0.0978}"
2026-05-25,9,31,0.1023,6.2584,"{""IN"": 0.5035, ""US"": 0.2536, ""BR"": 0.0765, ""GB"": 0.0686, ""DE"": 0.0978}"
2026-05-25,10,42,0.1406,6.5006,"{""IN"": 0.5035, ""US"": 0.2536, ""BR"": 0.0765, ""GB"": 0.0686, ""DE"": 0.0978}"
2026-05-25,11,33,0.1092,6.2879,"{""IN"": 0.5035, ""US"": 0.2536, ""BR"": 0.0765, ""GB"": 0.0686, ""DE"": 0.0978}"
2026-05-25,12,24,0.0769,6.4275,"{""IN"": 0.5035, ""US"": 0.2536, ""BR"": 0.0765, ""GB"": 0.0686, ""DE"": 0.0978}"
2026-05-25,13,41,0.1334,5.9787,"{""IN"": 0.5035, ""US"": 0.2536, ""BR"": 0.0765, ""GB"": 0.0686, ""DE"": 0.0978}"
2026-05-25,14,400,1.2495,6.2877,"{""IN"": 0.5035, ""US"": 0.2536, ""BR"": 0.0765, ""GB"": 0.0686, ""DE"": 0.0978}"
2026-05-25,15,39,0.1229,6.5785,"{""IN"": 0.5035, ""US"": 0.2536, ""BR"": 0.0765, ""GB"": 0.0686, ""DE"": 0.0978}"
2026-05-25,16,71,0.0543,2.2775,"{""IN"": 0.5035, ""US"": 0.2536, ""BR"": 0.0765, ""GB"": 0.0686, ""DE"": 0.0978}"
2026-05-25,17,60,0.0528,2.2895,"{""IN"": 0.5035, ""US"": 0.2536, ""BR"": 0.0765, ""GB"": 0.0686, ""DE"": 0.0978}"
2026-05-25,18,48,0.0361,2.2873,"{""IN"": 0.5035, ""US"": 0.2536, ""BR"": 0.0765, ""GB"": 0.0686, ""DE"": 0.0978}"
2026-05-25,19,54,0.0378,2.2713,"{""IN"": 0.5035, ""US"": 0.2536, ""BR"": 0.0765, ""GB"": 0.0686, ""DE"": 0.0978}"
2026-05-25,20,79,0.0616,2.3007,"{""IN"": 0.5035, ""US"": 0.2536, ""BR"": 0.0765, ""GB"": 0.0686, ""DE"": 0.0978}"
2026-05-25,21,69,0.0562,2.2671,"{""IN"": 0.5035, ""US"": 0.2536, ""BR"": 0.0765, ""GB"": 0.0686, ""DE"": 0.0978}"
2026-05-25,22,47,0.0362,2.354,"{""IN"": 0.5035, ""US"": 0.2536, ""BR"": 0.0765, ""GB"": 0.0686, ""DE"": 0.0978}"
2026-05-25,23,61,0.0495,2.4322,"{""IN"": 0.5035, ""US"": 0.2536, ""BR"": 0.0765, ""GB"": 0.0686, ""DE"": 0.0978}"
2026-05-25,24,78,0.0664,2.2601,"{""IN"": 0.5035, ""US"": 0.2536, ""BR"": 0.0765, ""GB"": 0.0686, ""DE"": 0.0978}"
2026-05-25,25,59,0.0462,2.48,"{""IN"": 0.5035, ""US"": 0.2536, ""BR"": 0.0765, ""GB"": 0.0686, ""DE"": 0.0978}"
2026-05-25,26,226,0.1778,2.3343,"{""IN"": 0.5035, ""US"": 0.2536, ""BR"": 0.0765, ""GB"": 0.0686, ""DE"": 0.0978}"
2026-05-25,27,51,0.04,2.4019,"{""IN"": 0.5035, ""US"": 0.2536, ""BR"": 0.0765, ""GB"": 0.0686, ""DE"": 0.0978}"
2026-05-25,28,59,0.0455,2.3074,"{""IN"": 0.5035, ""US"": 0.2536, ""BR"": 0.0765, ""GB"": 0.0686, ""DE"": 0.0978}"
2026-05-25,29,69,0.0552,2.3316,"{""IN"": 0.5035, ""US"": 0.2536, ""BR"": 0.0765, ""GB"": 0.0686, ""DE"": 0.0978}"
2026-05-25,30,45,0.0363,2.4322,"{""IN"": 0.5035, ""US"": 0.2536, ""BR"": 0.0765, ""GB"": 0.0686, ""DE"": 0.0978}"
2026-05-25,31,62,0.0549,2.1699,"{""IN"": 0.5035, ""US"": 0.2536, ""BR"": 0.0765, ""GB"": 0.0686, ""DE"": 0.0978}"
2026-05-25,32,51,0.0417,2.4795,"{""IN"": 0.5035, ""US"": 0.2536, ""BR"": 0.0765, ""GB"": 0.0686, ""DE"": 0.0978}"
2026-05-25,33,103,0.083,2.2328,"{""IN"": 0.5035, ""US"": 0.2536, ""BR"": 0.0765, ""GB"": 0.0686, ""DE"": 0.0978}"
2026-05-25,34,269,0.0628,0.3885,"{""IN"": 0.5035, ""US"": 0.2536, ""BR"": 0.0765, ""GB"": 0.0686, ""DE"": 0.0978}"
2026-05-25,35,248,0.0603,0.3987,"{""IN"": 0.5035, ""US"": 0.2536, ""BR"": 0.0765, ""GB"": 0.0686, ""DE"": 0.0978}"
2026-05-25,36,293,0.0675,0.4039,"{""IN"": 0.5035, ""US"": 0.2536, ""BR"": 0.0765, ""GB"": 0.0686, ""DE"": 0.0978}"
2026-05-25,37,201,0.0503,0.3908,"{""IN"": 0.5035, ""US"": 0.2536, ""BR"": 0.0765, ""GB"": 0.0686, ""DE"": 0.0978}"
2026-05-25,38,241,0.0551,0.409,"{""IN"": 0.5035, ""US"": 0.2536, ""BR"": 0.0765, ""GB"": 0.0686, ""DE"": 0.0978}"
2026-05-25,39,272,0.0692,0.3699,"{""IN"": 0.5035, ""US"": 0.2536, ""BR"": 0.0765, ""GB"": 0.0686, ""DE"": 0.0978}"
2026-05-25,40,409,0.1025,0.3919,"{""IN"": 0.5035, ""US"": 0.2536, ""BR"": 0.0765, ""GB"": 0.0686, ""DE"": 0.0978}"
2026-05-25,41,202,0.0441,0.4121,"{""IN"": 0.5035, ""US"": 0.2536, ""BR"": 0.0765, ""GB"": 0.0686, ""DE"": 0.0978}"
2026-05-25,42,214,0.0504,0.3921,"{""IN"": 0.5035, ""US"": 0.2536, ""BR"": 0.0765, ""GB"": 0.0686, ""DE"": 0.0978}"
2026-05-25,43,261,0.0583,0.4,"{""IN"": 0.5035, ""US"": 0.2536, ""BR"": 0.0765, ""GB"": 0.0686, ""DE"": 0.0978}"
2026-05-25,44,40,0.1003,4.9127,"{""IN"": 0.5035, ""US"": 0.2536, ""BR"": 0.0765, ""GB"": 0.0686, ""DE"": 0.0978}"
2026-05-25,45,37,0.0915,4.8373,"{""IN"": 0.5035, ""US"": 0.2536, ""BR"": 0.0765, ""GB"": 0.0686, ""DE"": 0.0978}"
2026-05-25,46,39,0.0961,4.6209,"{""IN"": 0.5035, ""US"": 0.2536, ""BR"": 0.0765, ""GB"": 0.0686, ""DE"": 0.0978}"
2026-05-25,47,32,0.0749,4.86,"{""IN"": 0.5035, ""US"": 0.2536, ""BR"": 0.0765, ""GB"": 0.0686, ""DE"": 0.0978}"
2026-05-25,48,29,0.0716,4.5583,"{""IN"": 0.5035, ""US"": 0.2536, ""BR"": 0.0765, ""GB"": 0.0686, ""DE"": 0.0978}"
2026-05-25,49,25,0.0297,2.2259,"{""IN"": 0.5035, ""US"": 0.2536, ""BR"": 0.0765, ""GB"": 0.0686, ""DE"": 0.0978}"
2026-05-25,50,20,0.0216,2.3464,"{""IN"": 0.5035, ""US"": 0.2536, ""BR"": 0.0765, ""GB"": 0.0686, ""DE"": 0.0978}"
2026-05-26,1,30,0.0883,5.6775,"{""IN"": 0.4951, ""US"": 0.2432, ""BR"": 0.1145, ""GB"": 0.0542, ""DE"": 0.093}"
2026-05-26,2,37,0.1157,5.7821,"{""IN"": 0.4951, ""US"": 0.2432, ""BR"": 0.1145, ""GB"": 0.0542, ""DE"": 0.093}"
2026-05-26,3,44,0.1284,6.2996,"{""IN"": 0.4951, ""US"": 0.2432, ""BR"": 0.1145, ""GB"": 0.0542, ""DE"": 0.093}"
2026-05-26,4,20,0.0599,5.3978,"{""IN"": 0.4951, ""US"": 0.2432, ""BR"": 0.1145, ""GB"": 0.0542, ""DE"": 0.093}"
2026-05-26,5,730,2.0361,6.0432,"{""IN"": 0.4951, ""US"": 0.2432, ""BR"": 0.1145, ""GB"": 0.0542, ""DE"": 0.093}"
2026-05-26,6,34,0.1003,6.2311,"{""IN"": 0.4951, ""US"": 0.2432, ""BR"": 0.1145, ""GB"": 0.0542, ""DE"": 0.093}"
2026-05-26,7,41,0.1207,6.0994,"{""IN"": 0.4951, ""US"": 0.2432, ""BR"": 0.1145, ""GB"": 0.0542, ""DE"": 0.093}"
2026-05-26,8,34,0.1006,5.5223,"{""IN"": 0.4951, ""US"": 0.2432, ""BR"": 0.1145, ""GB"": 0.0542, ""DE"": 0.093}"
2026-05-26,9,33,0.1045,6.1409,"{""IN"": 0.4951, ""US"": 0.2432, ""BR"": 0.1145, ""GB"": 0.0542, ""DE"": 0.093}"
2026-05-26,10,38,0.1119,5.8231,"{""IN"": 0.4951, ""US"": 0.2432, ""BR"": 0.1145, ""GB"": 0.0542, ""DE"": 0.093}"
2026-05-26,11,47,0.1376,6.296,"{""IN"": 0.4951, ""US"": 0.2432, ""BR"": 0.1145, ""GB"": 0.0542, ""DE"": 0.093}"
2026-05-26,12,31,0.0932,5.7292,"{""IN"": 0.4951, ""US"": 0.2432, ""BR"": 0.1145, ""GB"": 0.0542, ""DE"": 0.093}"
2026-05-26,13,41,0.1261,6.0559,"{""IN"": 0.4951, ""US"": 0.2432, ""BR"": 0.1145, ""GB"": 0.0542, ""DE"": 0.093}"
2026-05-26,14,298,0.9715,5.9957,"{""IN"": 0.4951, ""US"": 0.2432, ""BR"": 0.1145, ""GB"": 0.0542, ""DE"": 0.093}"
2026-05-26,15,35,0.1032,6.2874,"{""IN"": 0.4951, ""US"": 0.2432, ""BR"": 0.1145, ""GB"": 0.0542, ""DE"": 0.093}"
2026-05-26,16,80,0.0613,1.99,"{""IN"": 0.4951, ""US"": 0.2432, ""BR"": 0.1145, ""GB"": 0.0542, ""DE"": 0.093}"
2026-05-26,17,63,0.0468,2.2346,"{""IN"": 0.4951, ""US"": 0.2432, ""BR"": 0.1145, ""GB"": 0.0542, ""DE"": 0.093}"
2026-05-26,18,59,0.0456,2.2598,"{""IN"": 0.4951, ""US"": 0.2432, ""BR"": 0.1145, ""GB"": 0.0542, ""DE"": 0.093}"
2026-05-26,19,61,0.0438,2.0758,"{""IN"": 0.4951, ""US"": 0.2432, ""BR"": 0.1145, ""GB"": 0.0542, ""DE"": 0.093}"
2026-05-26,20,62,0.0512,2.1264,"{""IN"": 0.4951, ""US"": 0.2432, ""BR"": 0.1145, ""GB"": 0.0542, ""DE"": 0.093}"
2026-05-26,21,64,0.0456,2.2271,"{""IN"": 0.4951, ""US"": 0.2432, ""BR"": 0.1145, ""GB"": 0.0542, ""DE"": 0.093}"
2026-05-26,22,53,0.04,2.423,"{""IN"": 0.4951, ""US"": 0.2432, ""BR"": 0.1145, ""GB"": 0.0542, ""DE"": 0.093}"
2026-05-26,23,66,0.0513,2.2866,"{""IN"": 0.4951, ""US"": 0.2432, ""BR"": 0.1145, ""GB"": 0.0542, ""DE"": 0.093}"
2026-05-26,24,54,0.0379,2.5528,"{""IN"": 0.4951, ""US"": 0.2432, ""BR"": 0.1145, ""GB"": 0.0542, ""DE"": 0.093}"
2026-05-26,25,60,0.0471,2.2988,"{""IN"": 0.4951, ""US"": 0.2432, ""BR"": 0.1145, ""GB"": 0.0542, ""DE"": 0.093}"
2026-05-26,26,204,0.1452,2.473,"{""IN"": 0.4951, ""US"": 0.2432, ""BR"": 0.1145, ""GB"": 0.0542, ""DE"": 0.093}"
2026-05-26,27,54,0.0393,2.4629,"{""IN"": 0.4951, ""US"": 0.2432, ""BR"": 0.1145, ""GB"": 0.0542, ""DE"": 0.093}"
2026-05-26,28,80,0.0601,2.1343,"{""IN"": 0.4951, ""US"": 0.2432, ""BR"": 0.1145, ""GB"": 0.0542, ""DE"": 0.093}"
2026-05-26,29,66,0.0518,2.2044,"{""IN"": 0.4951, ""US"": 0.2432, ""BR"": 0.1145, ""GB"": 0.0542, ""DE"": 0.093}"
2026-05-26,30,60,0.0512,2.5135,"{""IN"": 0.4951, ""US"": 0.2432, ""BR"": 0.1145, ""GB"": 0.0542, ""DE"": 0.093}"
2026-05-26,31,60,0.0443,2.1639,"{""IN"": 0.4951, ""US"": 0.2432, ""BR"": 0.1145, ""GB"": 0.0542, ""DE"": 0.093}"
2026-05-26,32,60,0.0467,2.3829,"{""IN"": 0.4951, ""US"": 0.2432, ""BR"": 0.1145, ""GB"": 0.0542, ""DE"": 0.093}"
2026-05-26,33,83,0.059,2.3181,"{""IN"": 0.4951, ""US"": 0.2432, ""BR"": 0.1145, ""GB"": 0.0542, ""DE"": 0.093}"
2026-05-26,34,223,0.0514,0.3666,"{""IN"": 0.4951, ""US"": 0.2432, ""BR"": 0.1145, ""GB"": 0.0542, ""DE"": 0.093}"
2026-05-26,35,320,0.0791,0.4078,"{""IN"": 0.4951, ""US"": 0.2432, ""BR"": 0.1145, ""GB"": 0.0542, ""DE"": 0.093}"
2026-05-26,36,282,0.0674,0.3531,"{""IN"": 0.4951, ""US"": 0.2432, ""BR"": 0.1145, ""GB"": 0.0542, ""DE"": 0.093}"
2026-05-26,37,219,0.049,0.3752,"{""IN"": 0.4951, ""US"": 0.2432, ""BR"": 0.1145, ""GB"": 0.0542, ""DE"": 0.093}"
2026-05-26,38,277,0.0612,0.38,"{""IN"": 0.4951, ""US"": 0.2432, ""BR"": 0.1145, ""GB"": 0.0542, ""DE"": 0.093}"
2026-05-26,39,242,0.0564,0.3427,"{""IN"": 0.4951, ""US"": 0.2432, ""BR"": 0.1145, ""GB"": 0.0542, ""DE"": 0.093}"
2026-05-26,40,320,0.076,0.3819,"{""IN"": 0.4951, ""US"": 0.2432, ""BR"": 0.1145, ""GB"": 0.0542, ""DE"": 0.093}"
2026-05-26,41,274,0.0629,0.3897,"{""IN"": 0.4951, ""US"": 0.2432, ""BR"": 0.1145, ""GB"": 0.0542, ""DE"": 0.093}"
2026-05-26,42,250,0.0567,0.3598,"{""IN"": 0.4951, ""US"": 0.2432, ""BR"": 0.1145, ""GB"": 0.0542, ""DE"": 0.093}"
2026-05-26,43,289,0.0616,0.3903,"{""IN"": 0.4951, ""US"": 0.2432, ""BR"": 0.1145, ""GB"": 0.0542, ""DE"": 0.093}"
2026-05-26,44,40,0.0853,4.1651,"{""IN"": 0.4951, ""US"": 0.2432, ""BR"": 0.1145, ""GB"": 0.0542, ""DE"": 0.093}"
2026-05-26,45,34,0.0761,4.1239,"{""IN"": 0.4951, ""US"": 0.2432, ""BR"": 0.1145, ""GB"": 0.0542, ""DE"": 0.093}"
2026-05-26,46,35,0.072,4.6495,"{""IN"": 0.4951, ""US"": 0.2432, ""BR"": 0.1145, ""GB"": 0.0542, ""DE"": 0.093}"
2026-05-26,47,31,0.0702,4.6736,"{""IN"": 0.4951, ""US"": 0.2432, ""BR"": 0.1145, ""GB"": 0.0542, ""DE"": 0.093}"
2026-05-26,48,39,0.0875,4.1848,"{""IN"": 0.4951, ""US"": 0.2432, ""BR"": 0.1145, ""GB"": 0.0542, ""DE"": 0.093}"
2026-05-26,49,17,0.0196,2.4802,"{""IN"": 0.4951, ""US"": 0.2432, ""BR"": 0.1145, ""GB"": 0.0542, ""DE"": 0.093}"
2026-05-26,50,10,0.0118,2.1745,"{""IN"": 0.4951, ""US"": 0.2432, ""BR"": 0.1145, ""GB"": 0.0542, ""DE"": 0.093}"
2026-05-27,1,16,0.0545,5.7256,"{""IN"": 0.5003, ""US"": 0.2649, ""BR"": 0.1066, ""GB"": 0.0241, ""DE"": 0.1041}"
2026-05-27,2,46,0.1322,5.6062,"{""IN"": 0.5003, ""US"": 0.2649, ""BR"": 0.1066, ""GB"": 0.0241, ""DE"": 0.1041}"
2026-05-27,3,62,0.1851,6.1996,"{""IN"": 0.5003, ""US"": 0.2649, ""BR"": 0.1066, ""GB"": 0.0241, ""DE"": 0.1041}"
2026-05-27,4,33,0.1019,6.3134,"{""IN"": 0.5003, ""US"": 0.2649, ""BR"": 0.1066, ""GB"": 0.0241, ""DE"": 0.1041}"
2026-05-27,5,558,1.577,6.4857,"{""IN"": 0.5003, ""US"": 0.2649, ""BR"": 0.1066, ""GB"": 0.0241, ""DE"": 0.1041}"
2026-05-27,6,40,0.1234,6.1207,"{""IN"": 0.5003, ""US"": 0.2649, ""BR"": 0.1066, ""GB"": 0.0241, ""DE"": 0.1041}"
2026-05-27,7,27,0.0811,5.8327,"{""IN"": 0.5003, ""US"": 0.2649, ""BR"": 0.1066, ""GB"": 0.0241, ""DE"": 0.1041}"
2026-05-27,8,39,0.1241,6.0967,"{""IN"": 0.5003, ""US"": 0.2649, ""BR"": 0.1066, ""GB"": 0.0241, ""DE"": 0.1041}"
2026-05-27,9,47,0.1486,6.0966,"{""IN"": 0.5003, ""US"": 0.2649, ""BR"": 0.1066, ""GB"": 0.0241, ""DE"": 0.1041}"
2026-05-27,10,43,0.1251,5.7077,"{""IN"": 0.5003, ""US"": 0.2649, ""BR"": 0.1066, ""GB"": 0.0241, ""DE"": 0.1041}"
2026-05-27,11,31,0.0964,5.8129,"{""IN"": 0.5003, ""US"": 0.2649, ""BR"": 0.1066, ""GB"": 0.0241, ""DE"": 0.1041}"
2026-05-27,12,46,0.1373,5.8424,"{""IN"": 0.5003, ""US"": 0.2649, ""BR"": 0.1066, ""GB"": 0.0241, ""DE"": 0.1041}"
2026-05-27,13,33,0.092,5.7044,"{""IN"": 0.5003, ""US"": 0.2649, ""BR"": 0.1066, ""GB"": 0.0241, ""DE"": 0.1041}"
2026-05-27,14,303,0.9069,5.559,"{""IN"": 0.5003, ""US"": 0.2649, ""BR"": 0.1066, ""GB"": 0.0241, ""DE"": 0.1041}"
2026-05-27,15,43,0.1349,6.0708,"{""IN"": 0.5003, ""US"": 0.2649, ""BR"": 0.1066, ""GB"": 0.0241, ""DE"": 0.1041}"
2026-05-27,16,52,0.0382,2.1879,"{""IN"": 0.5003, ""US"": 0.2649, ""BR"": 0.1066, ""GB"": 0.0241, ""DE"": 0.1041}"
2026-05-27,17,57,0.0441,2.3568,"{""IN"": 0.5003, ""US"": 0.2649, ""BR"": 0.1066, ""GB"": 0.0241, ""DE"": 0.1041}"
2026-05-27,18,61,0.0473,2.3101,"{""IN"": 0.5003, ""US"": 0.2649, ""BR"": 0.1066, ""GB"": 0.0241, ""DE"": 0.1041}"
2026-05-27,19,46,0.037,2.2896,"{""IN"": 0.5003, ""US"": 0.2649, ""BR"": 0.1066, ""GB"": 0.0241, ""DE"": 0.1041}"
2026-05-27,20,69,0.0477,2.2852,"{""IN"": 0.5003, ""US"": 0.2649, ""BR"": 0.1066, ""GB"": 0.0241, ""DE"": 0.1041}"
2026-05-27,21,38,0.0266,2.2963,"{""IN"": 0.5003, ""US"": 0.2649, ""BR"": 0.1066, ""GB"": 0.0241, ""DE"": 0.1041}"
2026-05-27,22,56,0.0419,2.2107,"{""IN"": 0.5003, ""US"": 0.2649, ""BR"": 0.1066, ""GB"": 0.0241, ""DE"": 0.1041}"
2026-05-27,23,66,0.0511,2.5123,"{""IN"": 0.5003, ""US"": 0.2649, ""BR"": 0.1066, ""GB"": 0.0241, ""DE"": 0.1041}"
2026-05-27,24,83,0.066,2.2965,"{""IN"": 0.5003, ""US"": 0.2649, ""BR"": 0.1066, ""GB"": 0.0241, ""DE"": 0.1041}"
2026-05-27,25,40,0.0289,2.4759,"{""IN"": 0.5003, ""US"": 0.2649, ""BR"": 0.1066, ""GB"": 0.0241, ""DE"": 0.1041}"
2026-05-27,26,144,0.1177,2.1724,"{""IN"": 0.5003, ""US"": 0.2649, ""BR"": 0.1066, ""GB"": 0.0241, ""DE"": 0.1041}"
2026-05-27,27,69,0.0535,2.223,"{""IN"": 0.5003, ""US"": 0.2649, ""BR"": 0.1066, ""GB"": 0.0241, ""DE"": 0.1041}"
2026-05-27,28,57,0.0454,2.3491,"{""IN"": 0.5003, ""US"": 0.2649, ""BR"": 0.1066, ""GB"": 0.0241, ""DE"": 0.1041}"
2026-05-27,29,64,0.0483,2.2653,"{""IN"": 0.5003, ""US"": 0.2649, ""BR"": 0.1066, ""GB"": 0.0241, ""DE"": 0.1041}"
2026-05-27,30,68,0.0508,2.2301,"{""IN"": 0.5003, ""US"": 0.2649, ""BR"": 0.1066, ""GB"": 0.0241, ""DE"": 0.1041}"
2026-05-27,31,71,0.0515,2.3036,"{""IN"": 0.5003, ""US"": 0.2649, ""BR"": 0.1066, ""GB"": 0.0241, ""DE"": 0.1041}"
2026-05-27,32,77,0.0653,2.1336,"{""IN"": 0.5003, ""US"": 0.2649, ""BR"": 0.1066, ""GB"": 0.0241, ""DE"": 0.1041}"
2026-05-27,33,95,0.0739,2.0842,"{""IN"": 0.5003, ""US"": 0.2649, ""BR"": 0.1066, ""GB"": 0.0241, ""DE"": 0.1041}"
2026-05-27,34,222,0.0521,0.3647,"{""IN"": 0.5003, ""US"": 0.2649, ""BR"": 0.1066, ""GB"": 0.0241, ""DE"": 0.1041}"
2026-05-27,35,274,0.0583,0.363,"{""IN"": 0.5003, ""US"": 0.2649, ""BR"": 0.1066, ""GB"": 0.0241, ""DE"": 0.1041}"
2026-05-27,36,200,0.0434,0.3605,"{""IN"": 0.5003, ""US"": 0.2649, ""BR"": 0.1066, ""GB"": 0.0241, ""DE"": 0.1041}"
2026-05-27,37,162,0.0378,0.3586,"{""IN"": 0.5003, ""US"": 0.2649, ""BR"": 0.1066, ""GB"": 0.0241, ""DE"": 0.1041}"
2026-05-27,38,171,0.0425,0.4091,"{""IN"": 0.5003, ""US"": 0.2649, ""BR"": 0.1066, ""GB"": 0.0241, ""DE"": 0.1041}"
2026-05-27,39,289,0.0678,0.3588,"{""IN"": 0.5003, ""US"": 0.2649, ""BR"": 0.1066, ""GB"": 0.0241, ""DE"": 0.1041}"
2026-05-27,40,307,0.0742,0.3791,"{""IN"": 0.5003, ""US"": 0.2649, ""BR"": 0.1066, ""GB"": 0.0241, ""DE"": 0.1041}"
2026-05-27,41,298,0.0721,0.3722,"{""IN"": 0.5003, ""US"": 0.2649, ""BR"": 0.1066, ""GB"": 0.0241, ""DE"": 0.1041}"
2026-05-27,42,290,0.0597,0.3585,"{""IN"": 0.5003, ""US"": 0.2649, ""BR"": 0.1066, ""GB"": 0.0241, ""DE"": 0.1041}"
2026-05-27,43,273,0.0587,0.3724,"{""IN"": 0.5003, ""US"": 0.2649, ""BR"": 0.1066, ""GB"": 0.0241, ""DE"": 0.1041}"
2026-05-27,44,33,0.0732,4.8472,"{""IN"": 0.5003, ""US"": 0.2649, ""BR"": 0.1066, ""GB"": 0.0241, ""DE"": 0.1041}"
2026-05-27,45,36,0.0839,4.7657,"{""IN"": 0.5003, ""US"": 0.2649, ""BR"": 0.1066, ""GB"": 0.0241, ""DE"": 0.1041}"
2026-05-27,46,44,0.0999,4.4787,"{""IN"": 0.5003, ""US"": 0.2649, ""BR"": 0.1066, ""GB"": 0.0241, ""DE"": 0.1041}"
2026-05-27,47,35,0.0774,4.4389,"{""IN"": 0.5003, ""US"": 0.2649, ""BR"": 0.1066, ""GB"": 0.0241, ""DE"": 0.1041}"
2026-05-27,48,44,0.1035,4.6902,"{""IN"": 0.5003, ""US"": 0.2649, ""BR"": 0.1066, ""GB"": 0.0241, ""DE"": 0.1041}"
2026-05-27,49,18,0.0206,2.3254,"{""IN"": 0.5003, ""US"": 0.2649, ""BR"": 0.1066, ""GB"": 0.0241, ""DE"": 0.1041}"
2026-05-27,50,17,0.0176,2.2785,"{""IN"": 0.5003, ""US"": 0.2649, ""BR"": 0.1066, ""GB"": 0.0241, ""DE"": 0.1041}"
2026-05-28,1,33,0.0975,6.4322,"{""IN"": 0.4735, ""US"": 0.2532, ""BR"": 0.1063, ""GB"": 0.0576, ""DE"": 0.1094}"
2026-05-28,2,43,0.1397,6.4758,"{""IN"": 0.4735, ""US"": 0.2532, ""BR"": 0.1063, ""GB"": 0.0576, ""DE"": 0.1094}"
2026-05-28,3,45,0.1561,6.921,"{""IN"": 0.4735, ""US"": 0.2532, ""BR"": 0.1063, ""GB"": 0.0576, ""DE"": 0.1094}"
2026-05-28,4,45,0.1468,6.2068,"{""IN"": 0.4735, ""US"": 0.2532, ""BR"": 0.1063, ""GB"": 0.0576, ""DE"": 0.1094}"
2026-05-28,5,519,1.5197,6.6419,"{""IN"": 0.4735, ""US"": 0.2532, ""BR"": 0.1063, ""GB"": 0.0576, ""DE"": 0.1094}"
2026-05-28,6,36,0.1207,6.5946,"{""IN"": 0.4735, ""US"": 0.2532, ""BR"": 0.1063, ""GB"": 0.0576, ""DE"": 0.1094}"
2026-05-28,7,45,0.1315,6.2043,"{""IN"": 0.4735, ""US"": 0.2532, ""BR"": 0.1063, ""GB"": 0.0576, ""DE"": 0.1094}"
2026-05-28,8,40,0.1268,6.0689,"{""IN"": 0.4735, ""US"": 0.2532, ""BR"": 0.1063, ""GB"": 0.0576, ""DE"": 0.1094}"
2026-05-28,9,36,0.1164,6.0534,"{""IN"": 0.4735, ""US"": 0.2532, ""BR"": 0.1063, ""GB"": 0.0576, ""DE"": 0.1094}"
2026-05-28,10,43,0.1375,6.5158,"{""IN"": 0.4735, ""US"": 0.2532, ""BR"": 0.1063, ""GB"": 0.0576, ""DE"": 0.1094}"
2026-05-28,11,50,0.1644,6.7685,"{""IN"": 0.4735, ""US"": 0.2532, ""BR"": 0.1063, ""GB"": 0.0576, ""DE"": 0.1094}"
2026-05-28,12,34,0.1075,5.7347,"{""IN"": 0.4735, ""US"": 0.2532, ""BR"": 0.1063, ""GB"": 0.0576, ""DE"": 0.1094}"
2026-05-28,13,30,0.0958,6.1386,"{""IN"": 0.4735, ""US"": 0.2532, ""BR"": 0.1063, ""GB"": 0.0576, ""DE"": 0.1094}"
2026-05-28,14,307,0.9513,6.674,"{""IN"": 0.4735, ""US"": 0.2532, ""BR"": 0.1063, ""GB"": 0.0576, ""DE"": 0.1094}"
2026-05-28,15,45,0.1453,6.3002,"{""IN"": 0.4735, ""US"": 0.2532, ""BR"": 0.1063, ""GB"": 0.0576, ""DE"": 0.1094}"
2026-05-28,16,46,0.0366,2.3223,"{""IN"": 0.4735, ""US"": 0.2532, ""BR"": 0.1063, ""GB"": 0.0576, ""DE"": 0.1094}"
2026-05-28,17,69,0.0523,2.561,"{""IN"": 0.4735, ""US"": 0.2532, ""BR"": 0.1063, ""GB"": 0.0576, ""DE"": 0.1094}"
2026-05-28,18,62,0.0543,2.448,"{""IN"": 0.4735, ""US"": 0.2532, ""BR"": 0.1063, ""GB"": 0.0576, ""DE"": 0.1094}"
2026-05-28,19,52,0.0429,2.5357,"{""IN"": 0.4735, ""US"": 0.2532, ""BR"": 0.1063, ""GB"": 0.0576, ""DE"": 0.1094}"
2026-05-28,20,50,0.0401,2.3666,"{""IN"": 0.4735, ""US"": 0.2532, ""BR"": 0.1063, ""GB"": 0.0576, ""DE"": 0.1094}"
2026-05-28,21,77,0.0619,2.2393,"{""IN"": 0.4735, ""US"": 0.2532, ""BR"": 0.1063, ""GB"": 0.0576, ""DE"": 0.1094}"
2026-05-28,22,53,0.0418,2.3304,"{""IN"": 0.4735, ""US"": 0.2532, ""BR"": 0.1063, ""GB"": 0.0576, ""DE"": 0.1094}"
2026-05-28,23,61,0.0446,2.5229,"{""IN"": 0.4735, ""US"": 0.2532, ""BR"": 0.1063, ""GB"": 0.0576, ""DE"": 0.1094}"
2026-05-28,24,57,0.0492,2.3396,"{""IN"": 0.4735, ""US"": 0.2532, ""BR"": 0.1063, ""GB"": 0.0576, ""DE"": 0.1094}"
2026-05-28,25,80,0.0651,2.3699,"{""IN"": 0.4735, ""US"": 0.2532, ""BR"": 0.1063, ""GB"": 0.0576, ""DE"": 0.1094}"
2026-05-28,26,184,0.1381,2.1325,"{""IN"": 0.4735, ""US"": 0.2532, ""BR"": 0.1063, ""GB"": 0.0576, ""DE"": 0.1094}"
2026-05-28,27,47,0.0411,2.4075,"{""IN"": 0.4735, ""US"": 0.2532, ""BR"": 0.1063, ""GB"": 0.0576, ""DE"": 0.1094}"
2026-05-28,28,65,0.0488,2.4153,"{""IN"": 0.4735, ""US"": 0.2532, ""BR"": 0.1063, ""GB"": 0.0576, ""DE"": 0.1094}"
2026-05-28,29,79,0.0603,2.358,"{""IN"": 0.4735, ""US"": 0.2532, ""BR"": 0.1063, ""GB"": 0.0576, ""DE"": 0.1094}"
2026-05-28,30,60,0.048,2.3656,"{""IN"": 0.4735, ""US"": 0.2532, ""BR"": 0.1063, ""GB"": 0.0576, ""DE"": 0.1094}"
2026-05-28,31,48,0.039,2.2791,"{""IN"": 0.4735, ""US"": 0.2532, ""BR"": 0.1063, ""GB"": 0.0576, ""DE"": 0.1094}"
2026-05-28,32,77,0.0608,2.2878,"{""IN"": 0.4735, ""US"": 0.2532, ""BR"": 0.1063, ""GB"": 0.0576, ""DE"": 0.1094}"
2026-05-28,33,87,0.0699,2.5214,"{""IN"": 0.4735, ""US"": 0.2532, ""BR"": 0.1063, ""GB"": 0.0576, ""DE"": 0.1094}"
2026-05-28,34,270,0.0616,0.3549,"{""IN"": 0.4735, ""US"": 0.2532, ""BR"": 0.1063, ""GB"": 0.0576, ""DE"": 0.1094}"
2026-05-28,35,243,0.0563,0.4432,"{""IN"": 0.4735, ""US"": 0.2532, ""BR"": 0.1063, ""GB"": 0.0576, ""DE"": 0.1094}"
2026-05-28,36,225,0.0507,0.377,"{""IN"": 0.4735, ""US"": 0.2532, ""BR"": 0.1063, ""GB"": 0.0576, ""DE"": 0.1094}"
2026-05-28,37,242,0.0592,0.3792,"{""IN"": 0.4735, ""US"": 0.2532, ""BR"": 0.1063, ""GB"": 0.0576, ""DE"": 0.1094}"
2026-05-28,38,255,0.0605,0.4089,"{""IN"": 0.4735, ""US"": 0.2532, ""BR"": 0.1063, ""GB"": 0.0576, ""DE"": 0.1094}"
2026-05-28,39,289,0.066,0.4022,"{""IN"": 0.4735, ""US"": 0.2532, ""BR"": 0.1063, ""GB"": 0.0576, ""DE"": 0.1094}"
2026-05-28,40,308,0.071,0.3708,"{""IN"": 0.4735, ""US"": 0.2532, ""BR"": 0.1063, ""GB"": 0.0576, ""DE"": 0.1094}"
2026-05-28,41,283,0.0692,0.3926,"{""IN"": 0.4735, ""US"": 0.2532, ""BR"": 0.1063, ""GB"": 0.0576, ""DE"": 0.1094}"
2026-05-28,42,259,0.0624,0.3975,"{""IN"": 0.4735, ""US"": 0.2532, ""BR"": 0.1063, ""GB"": 0.0576, ""DE"": 0.1094}"
2026-05-28,43,274,0.0677,0.3958,"{""IN"": 0.4735, ""US"": 0.2532, ""BR"": 0.1063, ""GB"": 0.0576, ""DE"": 0.1094}"
2026-05-28,44,48,0.1079,5.0577,"{""IN"": 0.4735, ""US"": 0.2532, ""BR"": 0.1063, ""GB"": 0.0576, ""DE"": 0.1094}"
2026-05-28,45,41,0.0988,4.7043,"{""IN"": 0.4735, ""US"": 0.2532, ""BR"": 0.1063, ""GB"": 0.0576, ""DE"": 0.1094}"
2026-05-28,46,40,0.0912,4.9455,"{""IN"": 0.4735, ""US"": 0.2532, ""BR"": 0.1063, ""GB"": 0.0576, ""DE"": 0.1094}"
2026-05-28,47,25,0.0568,4.4659,"{""IN"": 0.4735, ""US"": 0.2532, ""BR"": 0.1063, ""GB"": 0.0576, ""DE"": 0.1094}"
2026-05-28,48,41,0.0939,4.7567,"{""IN"": 0.4735, ""US"": 0.2532, ""BR"": 0.1063, ""GB"": 0.0576, ""DE"": 0.1094}"
2026-05-28,49,25,0.028,2.527,"{""IN"": 0.4735, ""US"": 0.2532, ""BR"": 0.1063, ""GB"": 0.0576, ""DE"": 0.1094}"
2026-05-28,50,27,0.028,2.3066,"{""IN"": 0.4735, ""US"": 0.2532, ""BR"": 0.1063, ""GB"": 0.0576, ""DE"": 0.1094}"
